jsdom,c13a7927536804ce70591ebca0108c65509da3ba,471,object_destructuring
shields,08524b639b41110332ab65c4462bc07dfb9ab74f,234,const_declarations
hexo,93bc277c61857172637deb7f84ead31e017a6aab,51,object_destructuring
novnc,f9fd0313b8cf72bfe449a25956ec35a6822eb957,1028,arrow_function_declarations
jsdom,bbdbc8a3890e5de2533869bd0f8d29c4059b15c3,198,let_declarations
p5.js,d2e5f9ffb2cc7ba2162e41a1d8698ca89e43ac9b,776,let_declarations
pouchdb,07d055ae8a375366281ff12cec5519d3a42d120f,29,await_declarations
svgo,316a002299ae6ec94749e1ff34c08575eccc9dce,67,object_destructuring
etherpad-lite,37bb297e76a3da6939941fcdd143dac9c06f333e,98,object_destructuring
ember.js,c30bad535e2014a41fead7c9d60bf7864148cee1,862,async_declarations
ember.js,2f3314ba83a740118487d980780f696314e2d967,1615,import_statements
etherpad-lite,1ad134a53867345c91afbb326965bd25e327d298,69,object_destructuring
etherpad-lite,304318b6187b0451af0ee5d2bf2935b525a644ad,458,await_declarations
johnny-five,ca35432b105e6a569ea7dff1372669c6ab5f0bca,3777,arrow_function_declarations
etherpad-lite,4a65c2c8ff6036222a2b2c48e5161c82c199e8c9,139,promise_declarations
johnny-five,6dd0a63cdd988c7609486d56c75759ee1043876a,303,let_declarations
p5.js,a7a2073d1a5c5d8f1a4ac7549a3a6b588a6d2e24,88,async_declarations
jsdom,5bdde404f2bdfaf4449253d5ff9450a9a0690851,239,async_declarations
hexo,584b093b66f6f1d690dc98abee4c97c0b6029e46,68,promise_all_and_then
core-js,de561ceb090e673274c23d724a5ad73ca9b71289,195,async_declarations
bootswatch,e080c93473feedc609521c0582deee97da4c23db,31,const_declarations
riot,066a915a44cbf4b51ebc6073bca096bb247b1101,81,const_declarations
ember.js,681401d55c95330109f2a9f4419808c42c525df5,821,async_declarations
p5.js,d781fdca183070d20d70d53f34a48ce9bc19774b,76,const_declarations
etherpad-lite,37bb297e76a3da6939941fcdd143dac9c06f333e,2052,await_declarations
ungit,5cf03669af644a450ba4e3b7de88c95fcef59002,76,const_declarations
etherpad-lite,37bb297e76a3da6939941fcdd143dac9c06f333e,49,default_parameters
etherpad-lite,304318b6187b0451af0ee5d2bf2935b525a644ad,384,const_declarations
compromise,f3e63bab096c4bb603eee3de63c9760c9cf4a203,94,async_declarations
johnny-five,46ada0ffbdcd159d1eedab37f9ecb7989c85569e,303,let_declarations
johnny-five,b0b1a213ab943bc27ba2963b097b8c62afcf8525,3777,arrow_function_declarations
ember.js,a8f45875269f455291deae68eaa6958950a4d034,1329,async_declarations
shepherd,14c7ec65b3720f735763485305c9b43be1c13b8f,74,arrow_function_declarations
p5.js,a7a2073d1a5c5d8f1a4ac7549a3a6b588a6d2e24,794,let_declarations
etherpad-lite,c07bfe10bd5488e6cd1a41d36f32d8dfcf7131e3,4863,const_declarations
chokidar,7cf3f7e3af56c6a792f82b9dfa6ccbb4ff202ce6,99,let_declarations
meteor,a5f1a7e44d9e9af82a5e9d3f32aaaa79932363b5,88,import_statements
mocha,d0d5e507edea951c77cdcd546a674c00200e726e,1382,arrow_function_declarations
webtorrent,4a177d737a123aec2362b8be6c75a6dbabb991ec,463,const_declarations
meteor,81c4a7ce665770160c1e69b4fb004d1119dd8ebc,32,export_declarations
phaser,aff7d99a8a6af5baa4fb98792781b05cdd33ac8d,3358,arrow_function_declarations
uglifyjs,252fc65558e40e5e0a451f8fe3f2d5ae7a639457,51,arrow_function_declarations
reaction,8fa43772b43b496522f4e22ce457756c20ba2b5e,244,object_destructuring
meteor,5b664d7444e499b79aa3a3fbf1eaec4f3937e74a,79,await_declarations
chart.js,6d8bde48bd923de78d0e75490c9f680161bac971,409,const_declarations
vega,2586c70ad462dbc1ff03c1ec0b230f1acdd4c6bf,257,arrow_function_declarations
ember.js,c661a45df046740aed9bcfbda576fb05532022f4,25,rest_statements
pouchdb,09ac8844b2f6c2ce053519311373a68a281c1ea3,8921,arrow_function_declarations
pouchdb,73e0199cd1116352cc714266a4490d1f121f268a,107,const_declarations
ember.js,388fac59bef8d00c1e7ff207cc1e96901c5d6068,45,object_destructuring
compromise,0728f8fe23cf739d2c29da356ed452379f188d72,453,import_statements
meteor,9f9638e3a88d267054a403ec1ffd304f328a05ee,119,async_declarations
ember.js,897ba436728dc71381e300d69237b8b9a32a758e,3634,let_declarations
meteor,ca369a4248a7aea11e0ffc8ee2bd416a828cac9d,208,async_declarations
node-postgres,8eca181d20849aeb440b84f112d68671e90aafe6,44,let_declarations
ember.js,c1e71f9c32d9e8e79a1e34493e1ef860dde3ca91,4137,let_declarations
commander.js,5b1b2fe3d909769c335feee45e22da08a2558f56,39,const_declarations
ember.js,f4887bdf521836268e9317bf6199380fac94a449,441,await_declarations
reveal.js,6ff28af1b388e965e7210039206f3230b0789da1,140,const_declarations
hexo,83e7ecc8032c4bec58ed25b6a6c26e034d0415e5,126,object_destructuring
shepherd,0aef93039ea90f94c799d0fa6177ed82f1607e21,45,const_declarations
jquery,2d715940b9b6fdeed005cd006c8bf63951cf7fb2,28,async_declarations
ember.js,979c4f5e787b4155fb187538c4bfff97f3f50f90,188,export_declarations
johnny-five,52244b8fa06a113325ca7767ba803d891b578b47,2194,const_declarations
novnc,a30f609de48227df08f633bc0443e16678b20d32,85,await_declarations
ember.js,7a435127f2841a052095c1d42a7b629900ea0120,1843,import_statements
hapi,c4a992bbaf6b3f3bd33bf9f7dfe7a8aa77b17e73,842,async_declarations
node-red,d51aefa1563005247c23c11973fb97b13a404b1e,82,const_declarations
eslint,9abc6f719aed91fdbd7672f44c166a3251d44eea,143,const_declarations
vega,6f90ead734892b9763cb84953bc0dc3cdfdc649d,528,export_declarations
jsdom,bf7ef86c2ae7c2e7a8acc71975dcad4a732e7e65,239,async_declarations
svg.js,897bbfa075055097d64d42d7a32952bec9c75665,1656,const_declarations
vega,bc0604cd77a19966867cae4945f88bea053b9fee,804,import_statements
reaction,45d588a931ddff96533e77c70376a89ebc599f87,129,await_declarations
video.js,c859d8e1041584912354db527a3e536df1374b5b,1346,const_declarations
phaser,3e3b327bda41ac1287ff8eebba5808f38d6d7f7f,71,async_declarations
highlight.js,2a119265540ebc8bba136c1ccad39b1525d8bba5,70,let_declarations
meteor,0cbd25111d1249a61ca7adce23fad5215408c821,218,import_statements
ember.js,48e1529229c9041d7044c54268151c342598c3d4,118,const_declarations
jquery,d792e40fbc2b46346bc518483ac31772c55ebb12,24,async_declarations
meteor,81c4a7ce665770160c1e69b4fb004d1119dd8ebc,370,const_declarations
reaction,f1c6dd31e4600136f8ec65d0608870d57f400458,17,spread_arguments
etherpad-lite,c816c20bc7fd1a9d165476c1a563b13db7371767,1803,await_declarations
node-postgres,8eca181d20849aeb440b84f112d68671e90aafe6,469,const_declarations
joi,116b9a234022e273f2eb2eae5bc99937966e7d55,606,arrow_function_declarations
summernote,180554e273ddd78f8b14cbd0cce0ab63bbe0d2e6,277,arrow_function_declarations
ember.js,2b7ab2aefaeee9fc0686a1c12b000c83c886ec86,1788,async_declarations
etherpad-lite,4716975c3740f5712501bc9aa8d440375f468d85,54,default_parameters
ember.js,ed63f4710dd760b961ee25a74e1505a08eec77fa,57,class_declarations
ember.js,e29a526b3c3a785b2830df2b55679667e9f0f24e,499,const_declarations
etherpad-lite,6362a625ebca6241cb41154f58cf3e8d17b3afd8,32,array_destructuring
meteor,5b664d7444e499b79aa3a3fbf1eaec4f3937e74a,101,object_destructuring
mocha,952dca73d1c24132b0fb8e30e3300b5346f0f1c1,959,arrow_function_declarations
vega,d351c4d4affb05adb72eeeee1400f5d59a6b6ee2,916,import_statements
ember.js,7462ffbe463e761492a30e578d2033252cb2d144,444,await_declarations
svgo,5314c12c99a687209114bab386cb1f8019b1bfe7,44,object_destructuring
samples,1edca246d60030ca1e0f377cda891cd12488b5ff,148,async_declarations
bull,0ba93e7d1ca79b501318e388047972cc0178f43e,56,async_declarations
node-red,814fc8bc69365343c9844d6df693c473153abaec,82,const_declarations
inquirer.js,c4a3c2301a77b2b72c207e9d75b1061a35a1d88d,62,object_destructuring
reaction,2b8bb211779dddca6273afa7c6293573dd5d137d,20,default_parameters
pouchdb,b3e0c1bb1978eb07d2d5876e6b1eeeaddcb6178e,127,promise_all_and_then
ember.js,158158364999302d1309b2135f7b46218496007f,866,async_declarations
ember.js,c46d88d422d559013bee844b11f787bb08c4e6c7,110,const_declarations
reveal.js,b23d15c4304a9a1b72f484171fc97682e5ed85a3,54,default_parameters
ember.js,67081fae8121d48e2c42e8e47e2c3bb5cec3c6d3,32,default_parameters
ember.js,f3eec4490ea0ec88ed71da42af5784c19f067720,3488,async_declarations
reaction,ce4277ab3c3c9d4c86e5ab267f7c20a0e6cc235d,21,array_destructuring
quill,5adf20c3bd672e28a6cf707e476406c787102ebc,733,let_declarations
etherpad-lite,ac7663c3372853f1c79d0bf783b3d929ad6a4828,30,const_declarations
node-red,9d507b09ca539509e7a50d8548a1bb50c7fd4ce9,65,promise_declarations
compromise,174cb93540aa167b7a7a6e694265c03078ca20e9,107,object_destructuring
etherpad-lite,37bb297e76a3da6939941fcdd143dac9c06f333e,36,spread_arguments
nock,83d0640365789fdfbd268fad09c764aa4e3d4d5d,90,async_declarations
video.js,a8ff970d4a940d2787eb816c4eb5b8dccc08c3a8,131,const_declarations
svg.js,4eba4508e4b9fd3a808e2d52f5c4d26af73becdd,123,let_declarations
pouchdb,2eca392bfae8c76bfb8d25b75414e5b47381a653,107,const_declarations
meteor,e241a6cc646ce03d7255d5f370dca0c2539eeb95,525,let_declarations
shields,60105e1099519698602352ea0a726d7f1a6e55c0,124,const_declarations
ember.js,e41a857be9f1ea689a71a6929ecaf8048cdfaadf,1805,import_statements
meteor,ca369a4248a7aea11e0ffc8ee2bd416a828cac9d,31,export_declarations
ember.js,04e0251493099503a3602303c66ff23543ca213c,62,const_declarations
vega,d351c4d4affb05adb72eeeee1400f5d59a6b6ee2,625,export_declarations
reaction,3d32abe0a561ef04b2ae5a897127f9f89dc84fd1,25,spread_arguments
ember.js,f693865338abe24194f586a2bcb929821d172bd9,110,const_declarations
ember.js,dedb9683fa97dfbb0ec28f71f99fea9ffbfce92e,51,export_declarations
p5.js,3437781687bfdd5c6807db4c68ea78035937214f,874,let_declarations
pouchdb,fa0ed3e45c7bc24b66764a4a87bcb3ef16f26704,36,async_declarations
meteor,dd5ea2b9500250afc238eff0af27922044c61536,202,export_declarations
etherpad-lite,1d8e8d3484e1edf532e0c34edbfc9cc173dfee04,429,async_declarations
etherpad-lite,0af728ffeeba35cc7b264f3d9b8890469db1e861,31,array_destructuring
compromise,a8a4f6a3fa3a7c643641cf1cd41568c7b384cf88,22,export_declarations
jasmine,1166d10e4383c2462522fe272202ecedfdb31b18,190,let_declarations
compromise,0728f8fe23cf739d2c29da356ed452379f188d72,61,object_destructuring
pouchdb,0a452f890c3b4a7553635affd8c32b35c31ba60b,8921,arrow_function_declarations
svgo,51f12d1f4f7096629c61dc4e1afbfc2c00b50e80,34,async_declarations
ember.js,04b04f3c9415a09d760c27ed8664047bba48dcf2,320,const_declarations
ember.js,b05e16dc7e9f8b16b89163df1c0d5d9be3574b03,96,class_declarations
chart.js,46aff21a3d5b8391c1f0204b6fe2a33c20de8cd0,80,const_declarations
vega,deff0a5d1dc88b02a01a9c36da0168be1082f91b,36,export_declarations
meteor,e241a6cc646ce03d7255d5f370dca0c2539eeb95,706,async_declarations
jasmine,55dce7d119823e569b6bb044bd5ab2500357f43e,244,async_declarations
vega,63ef079902472ac56186143499ca4c7a4a85aef0,75,arrow_function_declarations
etherpad-lite,79e7697c1cff44fb607d0b123c486f52d55e805d,80,default_parameters
swiper,4263ed11f2ac7dc328cda372649d4b20ad58d9c2,34,async_declarations
ember.js,b054552efa344fbccac5a88a3f9a9f268280e99e,96,class_declarations
reaction,f880e7b9d3f1f0b2d436f282483a918ac0f8ef0f,80,await_declarations
meteor,0cbd25111d1249a61ca7adce23fad5215408c821,586,const_declarations
pouchdb,d8f80d659a0e6507d5ba0ad4da92f8b3d3b72fc5,127,promise_all_and_then
vega,dc04972bfd29c7484dd81d88ae4b922e57cb3c3c,651,export_declarations
vega,fa02886910df3e6f9ca4d63f8a07872a79230851,872,arrow_function_declarations
p5.js,3437781687bfdd5c6807db4c68ea78035937214f,1508,const_declarations
vega,a1e1db5d91849b21f4059b242f8ac49086e77f89,622,export_declarations
reaction,7aa79e0f192cc9ad4e851fd784ff1e543d645d9e,221,object_destructuring
ember.js,ed63f4710dd760b961ee25a74e1505a08eec77fa,4192,let_declarations
etherpad-lite,29179e512f7fa41b64a4de555b427c7b507997d4,4891,arrow_function_declarations
ember.js,a8f45875269f455291deae68eaa6958950a4d034,19,rest_statements
jquery,7b09235ceed57bbcc26fc2c76147eb4e95ebdb92,26,async_declarations
ember.js,884c93bfafbb5e46756903d699d6849cfe556cc1,28,class_declarations
novnc,224f95f9974940c4a09f294a989c3d2f32182ebe,523,let_declarations
compromise,fa8e4b11da2955f268160948f21476531dcf4f2b,46,object_destructuring
shepherd,89dd2a93a59fd2d3c2a75e640fe588912a5c3dfe,169,arrow_function_declarations
samples,515beeb99685597b77b0d279d98ff8fd57dcad21,302,await_declarations
ember.js,5c4df8c76fce261a3f1ab688395670f3b73801b6,2576,async_declarations
ember.js,d0f320a8ebac19f3f0afeb94784b8b79abb75464,42,object_destructuring
etherpad-lite,4d8ae3475dfb6f7da67cd73f41609bf7b6249bdd,1517,async_declarations
bootstrap-table,ebd5560c7d41cce095ab631fdb08775d10ca2bcb,157,const_declarations
samples,2f72cc75b5ba11f8dd1f38cd02cf68dfed5f1b62,27,await_declarations
novnc,2b5f94fa6abbdfab4213f91ef04207298f35d2b7,279,let_declarations
etherpad-lite,1ad134a53867345c91afbb326965bd25e327d298,4676,arrow_function_declarations
jsdom,94774014e2244730f24d1fcb8c40d8fee3ea6b75,468,object_destructuring
ember.js,7c0befbc7f84749c35b12cbd7da9543175ac27de,28,export_declarations
ember.js,454a8f0005136294f4a466903b1095c702d4031a,114,export_declarations
jsdom,798b81f8208b1fc6ec42341566b7d843d88ac4ba,180,object_destructuring
hexo,83e7ecc8032c4bec58ed25b6a6c26e034d0415e5,357,async_declarations
karma,873e4f9dc6b0ff4e6117f101ce8b93ea254d7d2b,738,const_declarations
ws,442ca0abb5726d667c9ffd9296c0f92c78097721,531,const_declarations
vega,cc13f77787ad159c3ac2e2731b71175c585c3a79,924,import_statements
meteor,8ccbe3baa040eb6b41592d23739d2d099d1c7fd1,26,promise_declarations
ember.js,334b3df0aff2038ceda0293fecebc1ee16cc8d54,54,let_declarations
etherpad-lite,91268e14b7df05ab5c4a524217ee0ff24c01ac55,33,promise_declarations
ember.js,7802351d0528e246e22d1b0dd835441ab3513140,4182,let_declarations
ember.js,f3f90602398b93f52d5c05d48f14006ce353b828,1214,import_statements
jsdom,e5c7b24ea17d08aac524fde716e1e1c79f63616f,282,const_declarations
vega,2faa2c3dac16f3730ec850981bf55d75d950c69d,871,import_statements
p5.js,a7a2073d1a5c5d8f1a4ac7549a3a6b588a6d2e24,1445,const_declarations
meteor,f96ab94f7ce8494e13122ea4817a2b5dc9f4783e,206,async_declarations
hexo,d7aff189deec20ad3ddafc51549ca20c757ae133,182,promise_all_and_then
ember.js,eb1035283d7f83f32b433d813e570bbb93e88c83,1038,async_declarations
vega,c180f28a29c8aca4e8a0703bed988747f5c15d7c,625,export_declarations
video.js,1ff9f381a23f571e427c713ea459f1436037d87a,1341,const_declarations
highlight.js,c91fadd112139c6a26026c099802c0a1fdbfcede,1127,const_declarations
ember.js,d9170e01586336302531ba7706199583624165d1,1159,import_statements
pouchdb,79cfd500cff9719a7a748fa7e0125fdc46252408,127,promise_all_and_then
jquery,0e982433eb94391b3e9f6838d9b8fbf9bb31abf9,56,async_declarations
ember.js,eb1035283d7f83f32b433d813e570bbb93e88c83,37,class_declarations
highlight.js,8c248fd7107c0e98b8cbef14220e4ce91c8f5637,28,let_declarations
hapi,c4a992bbaf6b3f3bd33bf9f7dfe7a8aa77b17e73,78,object_destructuring
meteor,32870ea93307e4bd10b6d54755f111f525ce34d9,22,async_declarations
etherpad-lite,0040f5984e4052e7b8cd2b503b9f14b72be1fa29,44,spread_arguments
etherpad-lite,4d8ae3475dfb6f7da67cd73f41609bf7b6249bdd,4808,arrow_function_declarations
ember.js,4d576b099a1a582c591a7e03ad3cadec7662ecb2,129,export_declarations
mathjs,6265578e1fd0f9f11e741a41b75042290a605e65,27,default_parameters
riot,095a3a4ad0b58c72b599137a142acb561398bb38,116,let_declarations
etherpad-lite,d5d28717c47c40a4e91e74d3d8363fa543f08f63,39,const_declarations
jquery,9db9316609c2881dbb6abc49efc3aa91a57a02ad,28,async_declarations
reaction,9604288b2883aa248f7bdac362c3ac90add42654,22,rest_statements
highlight.js,c238d41b3405be76f2e1adf62e347289a228eba4,922,arrow_function_declarations
jsdom,fae219024f4919ec50365d6cc57af5ff78eb0e08,158,async_declarations
ember.js,48e1529229c9041d7044c54268151c342598c3d4,235,spread_arguments
pouchdb,79cfd500cff9719a7a748fa7e0125fdc46252408,8921,arrow_function_declarations
ember.js,405d42388472c30e3d7d98c59a000b7ebe4a37c0,444,await_declarations
highlight.js,61cd26958cff7876dfc12ccbc5c3444cd3755b6f,70,let_declarations
highlight.js,8acfeebe52bb91f5a83aa76a593c6c60ddcec9b9,924,arrow_function_declarations
samples,632ed21714c5047d200a325a158d9be77e958a64,147,async_declarations
chart.js,804fcea46a77ee571b1be191e83ef9a528d46f00,614,arrow_function_declarations
reaction,cba942a7dd1575584c6806f35a4d85151ce1d139,364,async_declarations
ember.js,65a25307aef73e2065365516834e263448d19262,27,async_declarations
jsdom,4c1b72319d85800887a0d5b9139c2685422983c1,22,promise_declarations
highlight.js,7260f8f7ad067c17ec2dff9d4cf9e65e15b1b1b6,202,const_declarations
p5.js,3437781687bfdd5c6807db4c68ea78035937214f,88,async_declarations
vega,16e521f8db5dfa1df3eca62ab47dda0006450970,790,arrow_function_declarations
ember.js,24ccd77597116fe8b236506c9d7c93314abe9830,438,await_declarations
svg.js,7547a6a45818bcfefd545da4697196b81bd8da5b,87,default_parameters
jquery,c18c6229c84cd2f0c9fe9f6fc3749e2c93608cc7,23,async_declarations
etherpad-lite,53fd0b4f98bacbd075c4b8a1315d45dc3769c727,330,const_declarations
video.js,e85c1c039153f4d031b602fa8dc6d4aa2130427f,370,const_declarations
nock,ec40702228dea31ae181e205ea2bef83fadb3d37,626,const_declarations
fabric.js,a3631b65f11a9d6e5dd9bb7ef820238b71392df7,25,let_declarations
etherpad-lite,411b278881e0511209dc43f0eebcac01da8a35f8,429,await_declarations
nightwatch,19b59fa0571e311657fb2ea1473985116609824a,190,const_declarations
jquery,bd9a1385feea349f48de658875c3f1bfc75daf74,26,async_declarations
nightwatch,97ffcfff9e0ec561baad5ccb378c0d8397dd3cc9,523,let_declarations
pouchdb,45dc5ae81d67ef37f62b06463a0d3a1f03395b6e,107,const_declarations
ember.js,38450198a89f70a19a3a75fc920b710311bfc534,62,const_declarations
vega,dd98e06e92f6aceff99b2fe18e5dfd5985ad96c7,625,export_declarations
p5.js,3437781687bfdd5c6807db4c68ea78035937214f,81,await_declarations
etherpad-lite,877f0c5883a33c9e513e81fc56d2fa6c3ed66c9e,58,promise_declarations
meteor,e02bf0fb30ed67e4f45417986a548b04de802e1d,134,async_declarations
ember.js,3f5584ef45e4e3998ed4e2aa30fe40036471a0db,2916,async_declarations
meteor,6a525fbea7d0b8ab527ad1ae6af7c9f1e0289b5c,119,async_declarations
ember.js,c30bad535e2014a41fead7c9d60bf7864148cee1,97,const_declarations
etherpad-lite,6cca27dea6a98acf7b487c52df3e8f6821d39ac7,31,array_destructuring
vega,13e537ca8300d319f6e4b065d43d8c73aca59ae6,930,import_statements
vega,ee83221c40148da679953bef0f13435052c6a195,589,export_declarations
vega,4bd477cacb7e38f5e3e3560181d852fd2889ddd9,622,export_declarations
highlight.js,82e02ee4d39f6aad26d7c7902e214398869e1496,66,import_statements
jspdf,30880b41475c587dc3a0182f980883395ea638e7,27,await_declarations
core-js,699ba6b2736de2a98110a04d6473ae1c7eb161ef,172,async_declarations
etherpad-lite,ec3833ab66d672076758cf29cff7e79068ad932f,28,array_destructuring
ember.js,52792ff38c14d1a7677e61f2bd45f2607b77e1d2,450,let_declarations
meteor,81c4a7ce665770160c1e69b4fb004d1119dd8ebc,89,import_statements
ember.js,04b04f3c9415a09d760c27ed8664047bba48dcf2,20,rest_statements
ember.js,c661a45df046740aed9bcfbda576fb05532022f4,128,class_declarations
reveal.js,d378ab2e63aca8f3bec19022714214a5455ffcdc,27,async_declarations
vega,69217ec857127d593a23b46e68ba3984d4c6467c,784,arrow_function_declarations
p5.js,bfbbcb294c81e9c452bfd329d50ad97b116225b0,20,default_parameters
reaction,7aa79e0f192cc9ad4e851fd784ff1e543d645d9e,59,async_declarations
meteor,0cbd25111d1249a61ca7adce23fad5215408c821,88,export_declarations
p5.js,842de7302f33f28b55fcb592028c3f3cfff56a90,230,arrow_function_declarations
ember.js,b88bd244cafef582c94b1c3faa8742070c83d697,158,export_declarations
p5.js,2b1824a14f47745c3931be039cf0d41e15de2e0f,446,arrow_function_declarations
ember.js,aa12b52453028fa89559720408ad42fd2d2cbe51,26,default_parameters
ember.js,75876e5a1c20c9b20e0feca9038d71d3baeb0e48,97,const_declarations
compromise,34e5a392750e790aaff49647d73269e0e1066d8d,33,default_parameters
jsdoc,ab2d8626c1965aa45e011028e517dbcb4f24476f,17,async_declarations
johnny-five,6dd0a63cdd988c7609486d56c75759ee1043876a,2213,const_declarations
eslint,85a2725b1fade5538e727102d9701ccb503e54d4,22,object_destructuring
ember.js,86d2a46ff0e3f7588bca8c0645d5109184e0f1ec,114,export_declarations
johnny-five,c81033f4795838c7132114cfe9d0a8993c39ab5f,2224,const_declarations
ember.js,5116d7363a5136a0349a0a6e1ecc0440400ca70a,272,spread_arguments
ember.js,1f4a3bc432ecc888290667fb582b18592794aa69,3913,let_declarations
ember.js,580162618fd7bb5684eaaa1fdd8e78654afbe8ce,450,let_declarations
ember.js,9da11e7f55034523e6b02f2b448f6db1a1271fe3,42,object_destructuring
commander.js,3551de8f0b8cb2ca8621f7f838871023b62e9bb0,48,await_declarations
jsdom,4c1b72319d85800887a0d5b9139c2685422983c1,468,object_destructuring
ember.js,59cb8d07d70f9a530bf73c44eea9ba83348b137a,92,let_declarations
nightwatch,ba5d0aad07dc228ed75a7491f4dc6aee8d0794ab,150,async_declarations
samples,e1053f055bf99c7103b1bdc01c53406cb3235487,156,arrow_function_declarations
riot,378d3358baef00e8266aac897b018fac593303eb,59,export_declarations
samples,515beeb99685597b77b0d279d98ff8fd57dcad21,29,object_destructuring
vega,81ff01391b2b7556c46b384dbcb97f4dc02d4ec1,622,export_declarations
meteor,8ccbe3baa040eb6b41592d23739d2d099d1c7fd1,47,default_parameters
ember.js,47467a5848514e61d380cbefac5077c180f18125,3555,let_declarations
karma,c097ecfecac2b4a2f7998e7b27c5beb99a88fc3b,161,let_declarations
shepherd,89e83e94ada08bfdc61213491159815c1a918196,257,arrow_function_declarations
reveal.js,c91074761acc91c8d339ac3619f95bcd324bfba4,1551,arrow_function_declarations
reaction,bd98272651afe00a06f446a3b50b5a08a513d20f,27,let_declarations
quill,4e5d4d0c3afc0c60c5b514165afa50e71269f520,690,const_declarations
etherpad-lite,89fe40e08083de5ea7a3d47047978eab1b688ed2,28,array_destructuring
etherpad-lite,c816c20bc7fd1a9d165476c1a563b13db7371767,1435,async_declarations
nock,83d0640365789fdfbd268fad09c764aa4e3d4d5d,98,await_declarations
samples,2f72cc75b5ba11f8dd1f38cd02cf68dfed5f1b62,20,async_declarations
etherpad-lite,1ad134a53867345c91afbb326965bd25e327d298,102,promise_declarations
ember.js,fe751ed33b4db2f9d7d26a5224dcecb16e9859ce,45,object_destructuring
winston,24300e2dd20fb34f694b673ba31246394148380b,363,arrow_function_declarations
jquery,2c7e9c934971500a746d012c529e13ec0b560a83,56,async_declarations
ember.js,7802351d0528e246e22d1b0dd835441ab3513140,285,spread_arguments
p5.js,8c9430921f6f3db9360b5fb3e90dd76011877cf6,356,async_declarations
ember.js,5c4df8c76fce261a3f1ab688395670f3b73801b6,96,class_declarations
ember.js,f9b99cdc0cacbeb6d6105cdc9ff0af9395bcf873,126,async_declarations
core-js,0ebcceaf4c4bdad163c445ebd9273745bc39e429,36,promise_all_and_then
mathjs,e811a0af9d38c2922351b2db71898ecd36cdcff1,27,default_parameters
inquirer.js,97b82375b3918cd2aea89124570133fe0681d9d5,26,object_destructuring
meteor,f96ab94f7ce8494e13122ea4817a2b5dc9f4783e,57,let_declarations
shields,0c703c11b5c132a82a9ee14ae5d752e55545c887,193,async_declarations
meteor,74b5f7bcea4e742aee436e7ae9a511c0e18a9d01,189,async_declarations
hexo,2cdecbfdec9ec3c23226b88445de74c08aff44ae,335,async_declarations
ember.js,7458fd2b083a6aba4209f4da146a8150da324955,91,export_declarations
etherpad-lite,0040f5984e4052e7b8cd2b503b9f14b72be1fa29,31,array_destructuring
ember.js,1f8c70bd0af18afbfb20517b76c8752625872e3f,112,spread_arguments
etherpad-lite,79e7697c1cff44fb607d0b123c486f52d55e805d,150,object_destructuring
reaction,076cea5261c7e24bb4f1b3f208a0c5d6a6d51a1c,17,spread_arguments
ember.js,3dc116fbc5511b95a2341cbaddd65b04981f3e2f,29,const_declarations
nock,aa8dbed078a9e0ec2411a454b5d95989524aa077,339,const_declarations
webtorrent,7ff057e1958842eeb73576727575b9714a7df171,463,const_declarations
etherpad-lite,ce4ce8ce9511c557d7916b45103194c9edc69b8b,1251,await_declarations
svg.js,a7538a62602177107f99e371a4bf3dd450c32d18,179,const_declarations
meteor,36ee2155d4135894c9e66150f52740371bfd3ab4,63,let_declarations
highlight.js,c3d93a077b258d0624f78496ac8f11e3af4b296a,41,let_declarations
vega,401d102eb5cee49bcd33225605e82d93139f0521,868,import_statements
ember.js,54a3361e65452c5546b0ddb36fda6e671902bbf0,335,const_declarations
reaction,2154a629bf9aadf9b027da398c905f0878a297e0,811,object_destructuring
p5.js,9e754f061fc58c146a8cac7d7367556dd7eada6c,143,let_declarations
bootstrap-table,0bd4253b8f88af36f5f280e749118207cd345b0a,126,let_declarations
mocha,6d602003bbc36a9d964443cca8030360e619664c,1195,arrow_function_declarations
meteor,7cd4947780162b8cc4d6f4713c005c9533eb5a1e,31,await_declarations
reveal.js,34ab7ded558099568a58274659203b088eca3bba,117,async_declarations
highlight.js,9d9f82be69cb5be7763125c1ec78b5b086b8fc66,35,import_statements
jasmine,55dce7d119823e569b6bb044bd5ab2500357f43e,2751,const_declarations
highlight.js,462404c71f474edc65f7212d28a78eab49398a8c,41,let_declarations
mocha,b3eb2a68d345aa9ce5791dddfea41a13be743b78,103,let_declarations
ember.js,24a32b14d25c2d2b6dcf845fc22bc450f4e14ae1,1560,async_declarations
ember.js,ef7108a8d1a97fc263918a0fd37db72889419b4c,112,spread_arguments
etherpad-lite,082906ace2fae4772bcefc0756d86b2845fcdc07,125,const_declarations
pouchdb,36554edb68c231133aba2e5550572517228d1a7c,38,const_declarations
ember.js,f693865338abe24194f586a2bcb929821d172bd9,285,spread_arguments
ember.js,36b49d8e44623bff4295c50a21d0233c8a3ed95d,191,export_declarations
pouchdb,8896707fbfb0ba0443bb53af08f59b353c88c427,42,let_declarations
etherpad-lite,48b0290977d2027d8ff75146554b76ec4538d041,125,const_declarations
mocha,d62b2b88befa12b74e7c8eb7f4fd9fb98e5eef58,1467,arrow_function_declarations
inquirer.js,d1dbea298cfcf521786a74211babe8bf62cc6a61,130,arrow_function_declarations
ember.js,884c93bfafbb5e46756903d699d6849cfe556cc1,1487,let_declarations
etherpad-lite,37bb297e76a3da6939941fcdd143dac9c06f333e,139,promise_declarations
meteor,a5f1a7e44d9e9af82a5e9d3f32aaaa79932363b5,270,const_declarations
mathjs,0bd3303211482b874e25ad67daf63fc2060a67a7,816,export_declarations
meteor,8ccbe3baa040eb6b41592d23739d2d099d1c7fd1,53,object_destructuring
node-red,d6c5d91e2c758eee781ea5946a84e6524efc4567,5195,arrow_function_declarations
meteor,86b82169d03aa156c42110c8ff8c441c2e8e0313,22,await_declarations
webtorrent,559544469f9a8969ad37675cc617cd94bebb2797,398,const_declarations
ember.js,f4b2723029d8d8ff40e962e5fdd8aa8f75a231c3,665,async_declarations
ember.js,6fea589c7e24f54fc9690e940d280a0d7ece6293,259,async_declarations
browser-sync,19359cc04b95e514fb6692e00a2b1ede10c9da10,57,const_declarations
etherpad-lite,1ad134a53867345c91afbb326965bd25e327d298,1681,await_declarations
ember.js,a97f8c5c5181c776896591db34216697f199d7a1,19,object_destructuring
p5.js,c76ab21e621ba116c1dfb7cde7c653655dbd4cc5,66,let_declarations
mocha,b3eb2a68d345aa9ce5791dddfea41a13be743b78,40,await_declarations
meteor,f7b2735d2320eecafe478f3e4dd77ccaab848194,411,const_declarations
vega,46e8b373e4adad11c2ce714eb9ccdfaade5411c2,851,import_statements
nightwatch,7b98f5cdbcafcae24ba73f2c865086ef0bad61d3,42,await_declarations
etherpad-lite,29179e512f7fa41b64a4de555b427c7b507997d4,55,promise_declarations
etherpad-lite,c07bfe10bd5488e6cd1a41d36f32d8dfcf7131e3,1002,async_declarations
codemirror5,ff84b9ee73b75851801bc4004b75e35fea6291cb,34,async_declarations
vega,4bd477cacb7e38f5e3e3560181d852fd2889ddd9,936,import_statements
riot,640328327950d56c54b9ce585e00e60650d6acf8,883,arrow_function_declarations
meteor,8ccbe3baa040eb6b41592d23739d2d099d1c7fd1,31,await_declarations
ember.js,24a32b14d25c2d2b6dcf845fc22bc450f4e14ae1,45,object_destructuring
etherpad-lite,877f0c5883a33c9e513e81fc56d2fa6c3ed66c9e,1003,await_declarations
pouchdb,b8655f20bd7da855567a2a64b879702ead5c9f94,65,promise_all_and_then
video.js,3479a545aa19a302da895b060992411d93bb9cf4,41,export_declarations
ember.js,54a3361e65452c5546b0ddb36fda6e671902bbf0,20,rest_statements
jsdom,93dd663eba2e86bd7a6562edeccefa4ebe3da2ac,3540,let_declarations
highlight.js,58d911325a2157f6f31c741cd9b24630bf9275c9,26,async_declarations
ember.js,248bf107f1a7797052982b186e2f752be2cbfdcd,177,spread_arguments
vega,733a5084b5d4540b0db90154d0c69b5b6fdf6c51,329,export_declarations
ember.js,6492271acc324e8d341184ea07898d3c8ecf823e,45,object_destructuring
video.js,42fbd4c7994679ba2b44ff73ed450d5c2c6c4836,937,arrow_function_declarations
vega,89705c610c4809797421ae9d1a4fecc5265f4465,424,let_declarations
chrome-extensions-samples,cf2df4f07386987287cf1e54f226a033f6d95403,268,const_declarations
ember.js,200c3b7b5846e22cb230842fc6fe475531f9eaa3,112,spread_arguments
vega,3560b8f521f91c2d9ea62c450b67b04f5c4ce930,538,export_declarations
meteor,86b82169d03aa156c42110c8ff8c441c2e8e0313,172,export_declarations
jquery,99e8ff1baa7ae341e94bb89c3e84570c7c3ad9ea,56,async_declarations
jquery,c577928d45bdcc3ee8f93da89ab7aadca21919f3,56,async_declarations
etherpad-lite,efdcaae5269450ef49fdd6efb6fce9cc5fee2a6f,55,promise_declarations
ember.js,c30bad535e2014a41fead7c9d60bf7864148cee1,218,spread_arguments
vega,a27fc3bf75347ca32d4ed46936044983ef972b35,781,import_statements
ember.js,dfc31dfb23e8695a29e5bca11c480b4cccc8edd8,59,let_declarations
samples,09e76eb469e78b6461cf9b174c1f6d0fbfca328a,20,async_declarations
johnny-five,6fe5c2c3482322a57a410054beafaca0920b0737,803,const_declarations
ember.js,f4ef50efbd763ccee5001eea67d0145748b46f7f,357,const_declarations
nightwatch,9f32a7da4c6a53f0f5590096e27f2c10efd26d54,463,async_declarations
etherpad-lite,411b278881e0511209dc43f0eebcac01da8a35f8,371,const_declarations
mathjs,e811a0af9d38c2922351b2db71898ecd36cdcff1,57,async_declarations
ember.js,47467a5848514e61d380cbefac5077c180f18125,862,async_declarations
video.js,165a499271a0ba7902e7f68b69f7a365ab7c3f26,980,let_declarations
meteor,b2cb10ef202e397aa9332542a6e096ce0abba31b,353,const_declarations
johnny-five,efcaabc8c0894e896460714af1086b0a3e1d050c,3777,arrow_function_declarations
ember.js,4d576b099a1a582c591a7e03ad3cadec7662ecb2,407,const_declarations
shepherd,89e7c5ba76f5508a970bd248dfbac8b9941831b9,69,const_declarations
novnc,fb35d50f6a9ba28c03f6e5d75b778cb9189655d3,577,arrow_function_declarations
svg.js,a7538a62602177107f99e371a4bf3dd450c32d18,209,let_declarations
meteor,e241a6cc646ce03d7255d5f370dca0c2539eeb95,290,export_declarations
ember.js,cfaa47e48b0d6badb5e84419f117a46fd2f2ae8e,96,class_declarations
etherpad-lite,5b37a5619781012decb3f5aae847de447aa5f08d,28,array_destructuring
reveal.js,f6f657b627f9703e32414d8d3f16fb49d41031cb,54,default_parameters
jasmine,55dce7d119823e569b6bb044bd5ab2500357f43e,199,await_declarations
etherpad-lite,ce4ce8ce9511c557d7916b45103194c9edc69b8b,72,promise_declarations
ember.js,c46d88d422d559013bee844b11f787bb08c4e6c7,4198,let_declarations
vega,fdedde87cecb618f7e0da9a235bf76eec2529e01,813,import_statements
nightwatch,2dfb492f7f40d38c3a27a39aebcb4c604ccaf85e,523,let_declarations
reveal.js,ffac5fe696db37611e14c6fde6fcaa1860a17baf,73,const_declarations
vega,d34604c41769055d09adcb6e85d7200969e35c53,866,import_statements
etherpad-lite,efdcaae5269450ef49fdd6efb6fce9cc5fee2a6f,756,async_declarations
etherpad-lite,1ad134a53867345c91afbb326965bd25e327d298,820,let_declarations
pouchdb,8e83728ba43463dc075c3c121744f46289c44331,100,const_declarations
vue-router,45f72f991662e7beed982250be98170eb8544a2e,90,arrow_function_declarations
nightwatch,30118915881fb7c114bb7db20a14379d628518b7,82,object_destructuring
pouchdb,0140bfa57c7100ad72cff65797e953e7bf80b417,63,const_declarations
nightwatch,ba5d0aad07dc228ed75a7491f4dc6aee8d0794ab,105,object_destructuring
ember.js,47467a5848514e61d380cbefac5077c180f18125,218,spread_arguments
ember.js,67081fae8121d48e2c42e8e47e2c3bb5cec3c6d3,1311,async_declarations
riot,e4961358793a266827ec687029922c7dcfb27445,31,let_declarations
johnny-five,c8e9ba55dd96ff0ac9f4d319cfc3cb9c307e0ab0,2194,const_declarations
etherpad-lite,62345ac8f7c733454fc051c0905cdf2d8dc0cb82,201,await_declarations
meteor,2a93c7c9e1e4afc81f13ea03d00b3e8637caca4a,19,promise_declarations
highlight.js,1c44b448816fdf7fb00ca4e84e5f9325538b7f7f,57,import_statements
ember.js,b18873a34966ca700f5968626f45bdc46f80544a,45,object_destructuring
ember.js,e36de34391ab527615db9d7b4c13e449d50fb5cf,75,export_declarations
etherpad-lite,ab5934cbdae00440759edc81077e35966f0867d2,362,const_declarations
meteor,9fbea207d350334499e4218ff82c5928aa8dd0a9,208,async_declarations
meteor,8ccbe3baa040eb6b41592d23739d2d099d1c7fd1,650,async_declarations
mocha,63eb80bd4907ac87b5cbde054ad8e6112fdcb939,40,async_declarations
johnny-five,83f8ea703f4399a4f220b04d9dcdd8afa22820c3,3777,arrow_function_declarations
jsdoc,c50a4c027abe2ee6a2fec8587e7cf23a9d3802c5,32,async_declarations
etherpad-lite,4a65c2c8ff6036222a2b2c48e5161c82c199e8c9,28,rest_statements
meteor,36ee2155d4135894c9e66150f52740371bfd3ab4,208,async_declarations
etherpad-lite,0040f5984e4052e7b8cd2b503b9f14b72be1fa29,60,default_parameters
meteor,dd5ea2b9500250afc238eff0af27922044c61536,34,spread_arguments
jquery,e488d985cfb10ab8c684bbc6a9b8ff3eae23bf83,23,async_declarations
jsdom,c13a7927536804ce70591ebca0108c65509da3ba,25,promise_declarations
shields,0c703c11b5c132a82a9ee14ae5d752e55545c887,54,await_declarations
bootstrap-table,c9ad0dd1fe906fca672bdcc2e7144face6c3a8fb,125,let_declarations
ember.js,88a9ab1417fa6f772839a9a9c2cb9199a08648b9,4198,let_declarations
ember.js,c0e21d3ba2427df3f35202947280014baf57538a,38,spread_arguments
yargs,71c7ec72bc18ff8a449522c3b9b4ee293cf25e49,574,const_declarations
jsdom,798b81f8208b1fc6ec42341566b7d843d88ac4ba,237,async_declarations
ember.js,a096a6ab1a19451373c99dabed461d5b8ae51cee,381,const_declarations
vega,e06bae454b6cecdb66f49a82fc3dcab76c4d1a68,423,let_declarations
ember.js,f693865338abe24194f586a2bcb929821d172bd9,4182,let_declarations
svgo,5314c12c99a687209114bab386cb1f8019b1bfe7,239,const_declarations
hexo,0bb650b532df5e44bb3ead557a1d47e9a0b00677,138,promise_all_and_then
ember.js,8adb04cb668742b45b3b02a9eac96ebd9cc4a8d8,111,spread_arguments
meteor,dd5ea2b9500250afc238eff0af27922044c61536,58,rest_statements
meteor,dd5ea2b9500250afc238eff0af27922044c61536,1386,const_declarations
samples,29c37a16556e07f3e9d27641d6015754d08b82f9,40,async_declarations
ember.js,c30bad535e2014a41fead7c9d60bf7864148cee1,3555,let_declarations
etherpad-lite,02757079c0c2d19a612b61a11a054a86faa66ab4,356,const_declarations
ember.js,5c7b94648c80965f07ac56fc33579d7d6d99d49e,1803,import_statements
pouchdb,1b59a7b9b11037b51c132165cf46a977b5506230,65,promise_all_and_then
vega,8d231e89fa7738dbdf67cc927ac11734adb0f662,423,let_declarations
shepherd,89e83e94ada08bfdc61213491159815c1a918196,143,const_declarations
sharp,83fe65b9e9b44abf61f0392dad20cc805a67d2da,39,await_declarations
ember.js,c157b9912d64b3cef8a21984b2d041514dc904b7,1504,async_declarations
ember.js,5314c87a16bc5065b28a06294bcc56b3a1d9c8d6,42,object_destructuring
ember.js,4d576b099a1a582c591a7e03ad3cadec7662ecb2,117,class_declarations
meteor,dd5ea2b9500250afc238eff0af27922044c61536,23,await_declarations
ember.js,c30bad535e2014a41fead7c9d60bf7864148cee1,31,class_declarations
ember.js,48e1529229c9041d7044c54268151c342598c3d4,3729,let_declarations
etherpad-lite,53003d4471e130199987bc4214d83a0727c9bc21,125,const_declarations
nock,79f261669485d02a76d8d1163ba2dcd6049216b2,270,const_declarations
meteor,ca369a4248a7aea11e0ffc8ee2bd416a828cac9d,83,import_statements
sharp,83fe65b9e9b44abf61f0392dad20cc805a67d2da,36,async_declarations
jquery,ce3b4a62427c5a3a6669dcb8bf8e27a6287990d5,56,async_declarations
pouchdb,0a452f890c3b4a7553635affd8c32b35c31ba60b,53,promise_declarations
webtorrent,271bb563a76b32fcc891c4f7084063ad1dd42ef4,398,const_declarations
meteor,4f79c60acd1f477496c8d0595c19f4e528b4a92b,370,const_declarations
meteor,36ee2155d4135894c9e66150f52740371bfd3ab4,83,import_statements
hexo,93bc277c61857172637deb7f84ead31e017a6aab,248,await_declarations
webtorrent,4a177d737a123aec2362b8be6c75a6dbabb991ec,22,async_declarations
etherpad-lite,0a617679012728d7e48d28658cd08341d77808f6,55,promise_declarations
nw.js,efb396e87e2384e8c97ea0e736c4b680ee053ef6,60,let_declarations
pouchdb,d8f80d659a0e6507d5ba0ad4da92f8b3d3b72fc5,8921,arrow_function_declarations
ember.js,5f5407c589fb5a6b00109e55900b681c3f251e96,80,export_declarations
p5.js,1d287e7990563ff7dcf8d698e0bc3df64ef1d507,743,arrow_function_declarations
core-js,dddd1595f5990d065110b5f63b072f72a4765cc2,166,async_declarations
pouchdb,d5f4250a3539b62c430203441bcb02fa41e00ae2,22,await_declarations
jasmine,c7ca3b0101a1435d0553d06b22073a7437a41297,197,await_declarations
riot,095a3a4ad0b58c72b599137a142acb561398bb38,32,export_declarations
etherpad-lite,62345ac8f7c733454fc051c0905cdf2d8dc0cb82,326,let_declarations
meteor,c4504ba1f30f38733ef557598d5bc8d3132d76b2,82,await_declarations
jasmine,fe29dfa89c7f9d2b44ca8bcbf4ad6694c8a848fb,94,async_declarations
etherpad-lite,02757079c0c2d19a612b61a11a054a86faa66ab4,401,await_declarations
etherpad-lite,1bb44098df5b1292e058b6dba5a695946805990a,318,const_declarations
mocha,d70759f1730a7cecf8f786715a74065db5b6638b,1027,arrow_function_declarations
etherpad-lite,877f0c5883a33c9e513e81fc56d2fa6c3ed66c9e,755,async_declarations
ember.js,e29a526b3c3a785b2830df2b55679667e9f0f24e,70,object_destructuring
ember.js,2702d8156624ae7506cd5077ca26ad7222e46415,377,const_declarations
mocha,63eb80bd4907ac87b5cbde054ad8e6112fdcb939,72,let_declarations
ember.js,3666ea2e3bb47bd9dc610a4f3a9c4058afe65eb2,45,object_destructuring
vega,38d68d2dc2d11e434e18f71bf69c6cd742bc7377,622,export_declarations
meteor,7cd4947780162b8cc4d6f4713c005c9533eb5a1e,26,promise_declarations
vega,deff0a5d1dc88b02a01a9c36da0168be1082f91b,116,arrow_function_declarations
meteor,81c4a7ce665770160c1e69b4fb004d1119dd8ebc,65,let_declarations
ember.js,2b7ab2aefaeee9fc0686a1c12b000c83c886ec86,45,object_destructuring
video.js,3479a545aa19a302da895b060992411d93bb9cf4,117,const_declarations
etherpad-lite,a4aec006dc332e245d8bd980c68e19ddc57a14ea,23,array_destructuring
reaction,f880e7b9d3f1f0b2d436f282483a918ac0f8ef0f,103,async_declarations
meteor,e241a6cc646ce03d7255d5f370dca0c2539eeb95,61,object_destructuring
chart.js,657e53c1170bcf4997b852a14ec181d6d72e49ef,606,arrow_function_declarations
nodemon,64a82ff81a2a0c0b562d298698aa52a3628da77f,36,const_declarations
reaction,6b14314d414af4b8ccf03e84794b1b8edc3eaa9d,20,spread_arguments
ember.js,67081fae8121d48e2c42e8e47e2c3bb5cec3c6d3,4224,let_declarations
meteor,efbffc95f00d3873583314458ea73ab664c6f31c,234,await_declarations
ember.js,04b04f3c9415a09d760c27ed8664047bba48dcf2,96,class_declarations
etherpad-lite,df08883a009aeaebfbe59a53c592ac25cd3aff06,125,const_declarations
jsdom,0b1f84f499a0b23fad054228b34412869f940765,158,async_declarations
etherpad-lite,37bb297e76a3da6939941fcdd143dac9c06f333e,1762,async_declarations
vega,4ea738c60f2c727291f6934b4800ce01f2f33843,62,let_declarations
ungit,6985d9a0b4c65628fb82e2502cba5d3b1b5eb12f,154,async_declarations
samples,09e76eb469e78b6461cf9b174c1f6d0fbfca328a,27,await_declarations
samples,d2596e3cbf5de634091245a0306524fd422d9442,221,arrow_function_declarations
highlight.js,1c44b448816fdf7fb00ca4e84e5f9325538b7f7f,1287,const_declarations
quill,f8b5286488f76976532b8744ca26be20c0a30248,687,const_declarations
shields,46e17979946a4475654db3ff09f9c67917c8f48c,460,await_declarations
nock,c581fbc826db87728997d187f78d30d88cf6d72b,1235,arrow_function_declarations
meteor,6cea010800169f3a77fec8d66f8a08021ec2f00a,526,let_declarations
samples,7f93c03e692df6d696c48093d5960d3039f29da0,25,async_declarations
meteor,86b82169d03aa156c42110c8ff8c441c2e8e0313,1196,const_declarations
highlight.js,5d4867188ef8ecbefe0a731959965c12263008d2,1287,const_declarations
ember.js,1f4a3bc432ecc888290667fb582b18592794aa69,96,class_declarations
bootstrap-table,0bd4253b8f88af36f5f280e749118207cd345b0a,511,const_declarations
etherpad-lite,c816c20bc7fd1a9d165476c1a563b13db7371767,87,object_destructuring
ember.js,d0371027994e0203c1072d0f258cc169830aa0b2,105,export_declarations
meteor,9401f0d572648ad091cfd3f8ac2048db929b549e,525,let_declarations
jquery,06f6cd1ffd2a4e9f5955d146d229492f245d83cb,26,async_declarations
etherpad-lite,ab5934cbdae00440759edc81077e35966f0867d2,254,async_declarations
etherpad-lite,ce4ce8ce9511c557d7916b45103194c9edc69b8b,51,object_destructuring
webtorrent,d3edcc00a5846d5dc3cddd409b38919e613fe99a,37,await_declarations
ember.js,c1e71f9c32d9e8e79a1e34493e1ef860dde3ca91,111,const_declarations
inquirer.js,c4a3c2301a77b2b72c207e9d75b1061a35a1d88d,575,const_declarations
meteor,7cd4947780162b8cc4d6f4713c005c9533eb5a1e,1575,const_declarations
jasmine,c7ca3b0101a1435d0553d06b22073a7437a41297,338,let_declarations
ember.js,5c4df8c76fce261a3f1ab688395670f3b73801b6,314,const_declarations
ember.js,2f3314ba83a740118487d980780f696314e2d967,79,export_declarations
etherpad-lite,c07bfe10bd5488e6cd1a41d36f32d8dfcf7131e3,779,let_declarations
ember.js,3dc116fbc5511b95a2341cbaddd65b04981f3e2f,887,async_declarations
samples,2f72cc75b5ba11f8dd1f38cd02cf68dfed5f1b62,268,let_declarations
jasmine,c5db9398862e95cde258aa9246be3e27401fd44a,36,let_declarations
joi,cc11f8dcdd80dff31890427dd25317e72e8dc46e,57,async_declarations
vega,d34604c41769055d09adcb6e85d7200969e35c53,603,export_declarations
ember.js,43b2238711156e56f1cc24c90a89fc00c854ae67,86,export_declarations
meteor,ca369a4248a7aea11e0ffc8ee2bd416a828cac9d,353,const_declarations
vega,e1a3dc7b12b922e6242bf1863f19361e1cc031c7,930,import_statements
vega,a8d6e4a45f0d2dd18188c9630d49a6bc99205301,526,export_declarations
etherpad-lite,c07bfe10bd5488e6cd1a41d36f32d8dfcf7131e3,4720,arrow_function_declarations
etherpad-lite,1d8e8d3484e1edf532e0c34edbfc9cc173dfee04,617,await_declarations
reaction,a4d0af04f666298ca1c4ed4277126d9f188404ca,244,object_destructuring
pouchdb,5a52f2cef7ef2276bf9435d3aec1fc7fccc90a78,38,const_declarations
ember.js,e29a526b3c3a785b2830df2b55679667e9f0f24e,1619,import_statements
pouchdb,d784b49a956d82c4821ed675a51a0f053680e9c7,63,const_declarations
ember.js,fe88d54a6d0f2931963584b5ea94004f1793abfb,19,object_destructuring
ember.js,9845a9a58704fac12dcd65afeeedd5267fa1eec9,62,const_declarations
ember.js,54a3361e65452c5546b0ddb36fda6e671902bbf0,2932,async_declarations
p5.js,162e7c4c877d0bda9864c311c9e474d04c053f0a,21,default_parameters
mathjs,41efed79d3fcdcd5043952378f089df662d94ab1,1308,export_declarations
meteor,8ccbe3baa040eb6b41592d23739d2d099d1c7fd1,285,let_declarations
meteor,4f79c60acd1f477496c8d0595c19f4e528b4a92b,208,async_declarations
webtorrent,d3edcc00a5846d5dc3cddd409b38919e613fe99a,36,async_declarations
highlight.js,6c20b9bcf73114a40f9e42b7c961e208387a7d1c,19,await_declarations
singlefile,d3a44ce6fceac87cb414098aa00964ecd0d23fc9,74,await_declarations
nightwatch,6f78541f081586d479796af2977eb421b6c0ca41,79,object_destructuring
mathjs,8cab3f2bb02e53beb48506e02ac773fce73f1a99,19,export_declarations
nightwatch,ba5d0aad07dc228ed75a7491f4dc6aee8d0794ab,1403,const_declarations
novnc,2b5f94fa6abbdfab4213f91ef04207298f35d2b7,720,const_declarations
ember.js,13971f6ab115ae8cbce305024d0bb749eb5eda82,427,async_declarations
vega,dc04972bfd29c7484dd81d88ae4b922e57cb3c3c,939,import_statements
ember.js,f3eec4490ea0ec88ed71da42af5784c19f067720,129,export_declarations
swiper,52978fe1ec941211241c83ac14814a2bd32b428f,166,arrow_function_declarations
core-js,f9a6d488018f7e02d6fcf844da3b25916025f17c,172,async_declarations
ember.js,7a435127f2841a052095c1d42a7b629900ea0120,40,export_declarations
ember.js,12e9a92c71941397b588c5c5143985f005c9f036,40,default_parameters
ember.js,e29a526b3c3a785b2830df2b55679667e9f0f24e,25,rest_statements
meteor,8ccbe3baa040eb6b41592d23739d2d099d1c7fd1,58,class_declarations
pouchdb,6d90dd680f8ef06573ee529b27d31b9a56da0fcb,127,promise_all_and_then
ember.js,43b9ff439386e4bf3dae76a03ad8d18a68c59d42,265,spread_arguments
ember.js,5116d7363a5136a0349a0a6e1ecc0440400ca70a,79,export_declarations
meteor,aa2fedc46d9cadccd1bffe4c26b4caa5aac94dd2,57,export_declarations
node-red,8a076c01ab54d7cab5b144d58ce944e58fd647bf,83,const_declarations
meteor,8344cbf59d9fa28bc16bffe6aaf8ced1256b81be,1196,const_declarations
swiper,329c956ce9b66777880fc4dcd5fee22738442617,32,async_declarations
meteor,4f79c60acd1f477496c8d0595c19f4e528b4a92b,32,export_declarations
mathjs,85f012837b1fe4682433cb6b1ece76143bb7cfbd,8189,const_declarations
mocha,718c411a2cae7975ec4cbb7ac3ff8bb13524d395,1174,arrow_function_declarations
etherpad-lite,180983736d7065d4dace6b20805d57baf0b363ef,315,async_declarations
node-red,32bddfdd47a53809a96c3bd20f213c3a2e4ee576,179,const_declarations
jsdoc,6be9dac616549ce226e4c0064876c7cb3b64fe25,17,async_declarations
etherpad-lite,0a617679012728d7e48d28658cd08341d77808f6,756,async_declarations
vega,6419ccbfcae75e3b7e07046fe54a879880600315,608,export_declarations
pouchdb,86ccf4811b7d420d865f86fbef62280ff3c83d88,63,const_declarations
pouchdb,3e9365cb9c9a9241703fdaaff5f7fcfb351e8c49,127,promise_all_and_then
jquery,00a9c2e5f4c855382435cec6b3908eb9bd5a53b7,124,async_declarations
mathjs,11a65ebdb17834396b60a887bf5b43fc959b49ee,960,export_declarations
ember.js,8c5147f40e03903bf3416f1084c407f957eed762,457,await_declarations
superagent,ed3e235878f675a9286d0c4480e971ed6cec9124,662,const_declarations
bootstrap-table,c9ad0dd1fe906fca672bdcc2e7144face6c3a8fb,45,rest_statements
ember.js,2cd6e2f6d570d2489322e317adcb52a0756372d3,96,class_declarations
ember.js,4709935854d4c29b0d2c054614d53fa2c55309b1,358,const_declarations
jasmine,bbb1b69b2e9def375e73c6eb397f8ad148a7c62b,65,await_declarations
winston,afffe1f7be9016593e3f3b871517713136c7bbdf,368,arrow_function_declarations
etherpad-lite,ce4ce8ce9511c557d7916b45103194c9edc69b8b,5258,arrow_function_declarations
hexo,93bc277c61857172637deb7f84ead31e017a6aab,138,async_declarations
ember.js,f693865338abe24194f586a2bcb929821d172bd9,1291,async_declarations
compromise,0342a2aeca57d449fcc1334a5be8b47ab9981010,216,arrow_function_declarations
nodemon,f535e37edb4e598e6864152aefde0cb553f523ae,84,arrow_function_declarations
meteor,7cd4947780162b8cc4d6f4713c005c9533eb5a1e,36,spread_arguments
ember.js,884c93bfafbb5e46756903d699d6849cfe556cc1,30,const_declarations
etherpad-lite,1d8e8d3484e1edf532e0c34edbfc9cc173dfee04,569,const_declarations
meteor,8ccbe3baa040eb6b41592d23739d2d099d1c7fd1,1605,const_declarations
ember.js,43b9ff439386e4bf3dae76a03ad8d18a68c59d42,1476,let_declarations
ember.js,eb1035283d7f83f32b433d813e570bbb93e88c83,3592,let_declarations
etherpad-lite,1ad134a53867345c91afbb326965bd25e327d298,1328,async_declarations
meteor,71049fd7d5310f8fe2bd71f3e63df02850026b94,87,import_statements
vega,2faa2c3dac16f3730ec850981bf55d75d950c69d,608,export_declarations
etherpad-lite,0603bf8097b6d3366d4c65435916a4e6f4c5536a,125,const_declarations
reaction,a1f1c1d708b1a6ee7adf37367c4f8ad6783f4ec1,948,async_declarations
hexo,1b3301791315bdeb659b50472ceb35b0ebc72c69,41,async_declarations
vega,e1a3dc7b12b922e6242bf1863f19361e1cc031c7,621,export_declarations
etherpad-lite,ab5934cbdae00440759edc81077e35966f0867d2,403,await_declarations
pouchdb,f42048e5609678844462025414913d8b318682b4,127,promise_all_and_then
fullpage.js,5f7a0336f1c0ae33f403ba821ea5ddc8cfc45ec4,63,async_declarations
pouchdb,9519c748c48cbac41451039765c758e5987bbc57,63,const_declarations
reaction,7f1221398c5cbe77b0f30dec38e3e3377a35346d,2186,const_declarations
ember.js,9537d0683f05983039547ab6244e35ce7e9ad1ba,42,object_destructuring
etherpad-lite,405e3e3e1902b0f230b6bdda1387704687a5c743,33,promise_declarations
vega,a5cdff57c79442e6fb9fd48f2030837461733a1a,2538,const_declarations
compromise,e63d2c66dc37f1f622cbc24ff2532ddfb73c08e4,136,async_declarations
vega,c180f28a29c8aca4e8a0703bed988747f5c15d7c,916,import_statements
etherpad-lite,b664eb488cc59271947d2adb1d0162c5ca7962c9,38,const_declarations
ember.js,f4b2723029d8d8ff40e962e5fdd8aa8f75a231c3,28,default_parameters
highlight.js,58d911325a2157f6f31c741cd9b24630bf9275c9,24,await_declarations
etherpad-lite,c816c20bc7fd1a9d165476c1a563b13db7371767,33,default_parameters
codemirror5,88b37cf580032c32e79b674e30cfaad20dd75960,34,async_declarations
ember.js,319e0ed01ea812b86597eb64e033478b59eeb7fc,112,spread_arguments
compromise,305a92ece61556aa58232e054ab9c20cc798d001,834,const_declarations
pouchdb,d5f4250a3539b62c430203441bcb02fa41e00ae2,94,const_declarations
vega,cc13f77787ad159c3ac2e2731b71175c585c3a79,626,export_declarations
ember.js,19fcd0906cdb4803652ea402745c40df9d83bfa1,158,export_declarations
vega,ee83221c40148da679953bef0f13435052c6a195,844,import_statements
ember.js,ef7108a8d1a97fc263918a0fd37db72889419b4c,291,let_declarations
pouchdb,d14614215bc3fa17dbf5d251ba0c24af4813c44e,127,promise_all_and_then
reaction,a1f1c1d708b1a6ee7adf37367c4f8ad6783f4ec1,1279,await_declarations
ember.js,5116d7363a5136a0349a0a6e1ecc0440400ca70a,1750,let_declarations
vega,c280563e492e2fc85cb02e015a0d627271cba6d4,485,import_statements
ember.js,f4ef50efbd763ccee5001eea67d0145748b46f7f,2414,async_declarations
ember.js,47467a5848514e61d380cbefac5077c180f18125,25,default_parameters
etherpad-lite,4733c7d8d325e478359bc22b9313ba29eb598ad2,31,array_destructuring
jsdom,306805ad7dd8435b868ed95ae699116346201d06,3531,let_declarations
meteor,4f79c60acd1f477496c8d0595c19f4e528b4a92b,65,let_declarations
etherpad-lite,4a65c2c8ff6036222a2b2c48e5161c82c199e8c9,1762,async_declarations
reveal.js,b23d15c4304a9a1b72f484171fc97682e5ed85a3,624,const_declarations
pouchdb,4974b64a67723fc8ec2d471c0590502dfe104760,29,await_declarations
highlight.js,82e02ee4d39f6aad26d7c7902e214398869e1496,1536,const_declarations
marked,ab033f27f3ee0906569c403c32f22d0ffe1a64f4,53,await_declarations
pouchdb,45dc5ae81d67ef37f62b06463a0d3a1f03395b6e,29,await_declarations
pouchdb,79cfd500cff9719a7a748fa7e0125fdc46252408,53,promise_declarations
johnny-five,232e4f5f2ac5b0e7d6ced583563fcf8b688d7fb6,303,let_declarations
johnny-five,46ada0ffbdcd159d1eedab37f9ecb7989c85569e,2213,const_declarations
video.js,fc72fb90e7661594c0ea090e0e1e9838f8ec9486,979,let_declarations
ember.js,2313c5c28fbb1cea4b8793c06cdc58b14ece3332,86,export_declarations
etherpad-lite,6cca27dea6a98acf7b487c52df3e8f6821d39ac7,44,spread_arguments
pouchdb,6a09e0b3680e218773568f35d9c2999b7d9f3bbb,127,promise_all_and_then
svgo,316a002299ae6ec94749e1ff34c08575eccc9dce,391,const_declarations
mocha,ea3b6524f66026321cf86aedbc0af3fc20b5faec,1052,arrow_function_declarations
ember.js,1f8c70bd0af18afbfb20517b76c8752625872e3f,296,let_declarations
ember.js,7c0befbc7f84749c35b12cbd7da9543175ac27de,142,async_declarations
node-red,69d60ffb2407541c622e6e091befb4612fedcfdd,31,const_declarations
phaser,c5381f96ef1bc0daa437976a121785913b5f0c2a,29,async_declarations
quill,cf48ce8e5864ca0a99fad5ec85199387fd27d956,733,let_declarations
p5.js,61dca7bb2a5c5d9f7aac7c3c3f1b17cf5ea8a317,38,let_declarations
reaction,07b936dea6fe15cc41be3e3e0c875fe1a711e990,80,await_declarations
ember.js,c2321f317c1dad3aa6d5642b68ae7f91a3737716,2414,async_declarations
ember.js,2b7ab2aefaeee9fc0686a1c12b000c83c886ec86,379,const_declarations
ember.js,c2321f317c1dad3aa6d5642b68ae7f91a3737716,357,const_declarations
ember.js,67081fae8121d48e2c42e8e47e2c3bb5cec3c6d3,291,spread_arguments
commander.js,8ac84ec23c1d2a224e5d02f397b1042229840517,66,object_destructuring
etherpad-lite,48080411fcb9d2514fa551202b630e285e36d1c1,31,array_destructuring
compromise,174cb93540aa167b7a7a6e694265c03078ca20e9,181,async_declarations
highlight.js,9d9f82be69cb5be7763125c1ec78b5b086b8fc66,41,let_declarations
vega,81ff01391b2b7556c46b384dbcb97f4dc02d4ec1,936,import_statements
core-js,5d988d156bb0ead25a86e732c6a086edce84b4e1,172,async_declarations
etherpad-lite,411b278881e0511209dc43f0eebcac01da8a35f8,279,async_declarations
etherpad-lite,02757079c0c2d19a612b61a11a054a86faa66ab4,250,async_declarations
reaction,d7c3062a4a11d0e087d0f6c4ec18408018899183,34,arrow_function_declarations
etherpad-lite,ce4ce8ce9511c557d7916b45103194c9edc69b8b,775,let_declarations
novnc,b475eed5fae5e7e1cdc80ae78604680b914d2a6e,55,let_declarations
novnc,85e899166447866fc2fd9e51a565efbc8308673e,565,arrow_function_declarations
etherpad-lite,79e7697c1cff44fb607d0b123c486f52d55e805d,33,array_destructuring
vega,2338db7c286c7d809a543de8c2d878010bb5580d,871,import_statements
chart.js,7872c8490eb1bf8bb2fa173fc18216c2f5bb2d16,428,async_declarations
ember.js,7e1afc3f0f1b0d43c34d2b4317a2fd5b19165881,134,export_declarations
ember.js,03c776b20017a99cacf6a7021d247e397ce58752,484,await_declarations
reaction,45d588a931ddff96533e77c70376a89ebc599f87,163,async_declarations
johnny-five,c8e9ba55dd96ff0ac9f4d319cfc3cb9c307e0ab0,303,let_declarations
highlight.js,5d4867188ef8ecbefe0a731959965c12263008d2,46,let_declarations
marked,a6c6f0d5a2cb781c0b270cb65d707a4d346e75a4,113,arrow_function_declarations
vega,6f90ead734892b9763cb84953bc0dc3cdfdc649d,791,import_statements
quill,44d77d12eb4eecb55b6842fe559130a449f4b96a,676,const_declarations
node-postgres,8eca181d20849aeb440b84f112d68671e90aafe6,39,async_declarations
statsd,a99c8bd0d68764472ae08c6929e4adf0fdada2d6,279,arrow_function_declarations
vega,a1e1db5d91849b21f4059b242f8ac49086e77f89,936,import_statements
quill,b653a71ae3bb712965b286a9182d1499825c6f59,28,const_declarations
ember.js,e29a526b3c3a785b2830df2b55679667e9f0f24e,135,class_declarations
marked,a26f002d1819462c6cae75bb0c26dc064e17b4db,230,const_declarations
webtorrent,aa027987ce1938f1134aea7766a202ab2ac4634b,463,const_declarations
superagent,29281d443f5877e143d6520a1c02fe1f145ed9c9,297,const_declarations
meteor,7cd4947780162b8cc4d6f4713c005c9533eb5a1e,281,let_declarations
ember.js,88a9ab1417fa6f772839a9a9c2cb9199a08648b9,111,const_declarations
pouchdb,3e9365cb9c9a9241703fdaaff5f7fcfb351e8c49,8921,arrow_function_declarations
mocha,c97d03a164e2ffeb2934a373869465df24629636,1173,arrow_function_declarations
riot,3f9b909da0c65b91a45caa08404d08b0a2071650,73,let_declarations
video.js,052c2ce1a9b46b3d5bb891695d601706478162d8,1341,const_declarations
ember.js,47467a5848514e61d380cbefac5077c180f18125,31,class_declarations
shepherd,0ee6a654f5904625460438d0a843a2fb8b099dde,177,const_declarations
ember.js,4d576b099a1a582c591a7e03ad3cadec7662ecb2,24,rest_statements
nock,83d0640365789fdfbd268fad09c764aa4e3d4d5d,88,object_destructuring
pouchdb,f982e8ded8009a99d09f5bc4904dfaddc1cc91f1,127,promise_all_and_then
meteor,7cd4947780162b8cc4d6f4713c005c9533eb5a1e,468,import_statements
svg.js,7547a6a45818bcfefd545da4697196b81bd8da5b,582,const_declarations
shields,b6c851a377a1fbb90d9a96dd08f74364147da168,61,class_declarations
swiper,d4f145f3c0d643da49f826622d7999f52670e9df,559,arrow_function_declarations
ember.js,c661a45df046740aed9bcfbda576fb05532022f4,3534,async_declarations
meteor,7cd4947780162b8cc4d6f4713c005c9533eb5a1e,57,class_declarations
reaction,6d12fc490078cfc4341f3affbf4f9465a279f7fb,244,async_declarations
etherpad-lite,dab881139d1fa26683fce51676e1f59b45deb02f,23,array_destructuring
ember.js,580162618fd7bb5684eaaa1fdd8e78654afbe8ce,111,spread_arguments
ember.js,e41a857be9f1ea689a71a6929ecaf8048cdfaadf,52,export_declarations
swiper,a62161b99000af1564ec3d0fe2c4f9cd5987a52d,33,async_declarations
chart.js,477e09f1d406b71f0c3f8990da7d0037c427125f,582,arrow_function_declarations
hexo,83e7ecc8032c4bec58ed25b6a6c26e034d0415e5,797,await_declarations
reaction,29c5ccef60752f7106b5b63e55b8578493834690,29,async_declarations
reaction,82696cbf45836fea681eb77bfea9e3f7526e4849,32,object_destructuring
jquery,487d5ca913c237aafe9efa1179749b46382fddbf,56,async_declarations
etherpad-lite,ce4ce8ce9511c557d7916b45103194c9edc69b8b,994,async_declarations
chrome-extensions-samples,70b361f14f0561d4edeb97dc68413a7647f6cf3b,82,const_declarations
meteor,74b5f7bcea4e742aee436e7ae9a511c0e18a9d01,40,let_declarations
video.js,1bc8efc2189bf8c8d3e7e7c53d3904fa91e56b4c,1108,arrow_function_declarations
jquery,3dd3d1357d027a487559516fcdd9064cc792edab,44,async_declarations
vega,733a5084b5d4540b0db90154d0c69b5b6fdf6c51,438,import_statements
node-red,4df27d4b0bcf15d0a5326d49a30e8c3faa2e9792,82,const_declarations
etherpad-lite,c07bfe10bd5488e6cd1a41d36f32d8dfcf7131e3,1270,await_declarations
svg.js,054eb94e3b20bee182acbc4389fa7736fad72eca,1086,const_declarations
video.js,34822537f4d659697bbb8bb9346363fc11cbfcca,1109,arrow_function_declarations
reaction,da5eacc8ec00965feab359eba7e017f8fb559643,50,arrow_function_declarations
etherpad-lite,0a617679012728d7e48d28658cd08341d77808f6,998,await_declarations
nw.js,df5d22246d1ac5ba48b5bd6e28c21476c06b757b,60,let_declarations
etherpad-lite,4a65c2c8ff6036222a2b2c48e5161c82c199e8c9,2052,await_declarations
ember.js,2ae0b1871113a97b2275ec8cc47fe9155170385f,114,export_declarations
chart.js,4b4b4b79e1e24d2f8e253abbe365a34021a29b79,180,const_declarations
ember.js,7802351d0528e246e22d1b0dd835441ab3513140,110,const_declarations
meteor,4f79c60acd1f477496c8d0595c19f4e528b4a92b,89,import_statements
reaction,6535c51b30819b250ab25e84ddded615c10296a8,246,await_declarations
pouchdb,0a452f890c3b4a7553635affd8c32b35c31ba60b,127,promise_all_and_then
ember.js,c661a45df046740aed9bcfbda576fb05532022f4,117,export_declarations
p5.js,2155745a5bd36395ac26ba05b8bfa32db51a8623,26,default_parameters
compromise,5891c909911dcf1cbd7a3280e27bbd1beeee37b8,586,arrow_function_declarations
inquirer.js,12fecef5292da253564c845ef5be67b37441e381,55,async_declarations
shields,653f79fbde868ea13731aa141afdaf05d9d35f9f,63,const_declarations
reaction,a1f1c1d708b1a6ee7adf37367c4f8ad6783f4ec1,811,object_destructuring
etherpad-lite,4733c7d8d325e478359bc22b9313ba29eb598ad2,60,default_parameters
ember.js,c661a45df046740aed9bcfbda576fb05532022f4,69,object_destructuring
nock,53db6cd298220be069670d60ed49538f8deeed45,37,const_declarations
meteor,f96ab94f7ce8494e13122ea4817a2b5dc9f4783e,25,export_declarations
vega,c29e8fe4ba436df02656e96cdbb79439c1948abe,608,export_declarations
etherpad-lite,53fd0b4f98bacbd075c4b8a1315d45dc3769c727,222,async_declarations
vega,b4e368d83aa2302c4ca4f5776c6543896a9584bf,852,import_statements
ember.js,3f5584ef45e4e3998ed4e2aa30fe40036471a0db,316,const_declarations
ember.js,5968d1df1e6abefe83daa1a45f3f06f64d37a16c,192,async_declarations
ember.js,2b4b349b0484e4c03cab3b7e26741adf1d47fd3d,259,async_declarations
etherpad-lite,4a65c2c8ff6036222a2b2c48e5161c82c199e8c9,49,default_parameters
novnc,466a09f0f323179e2463a4f623fec0449473487b,559,arrow_function_declarations
meteor,7cd4947780162b8cc4d6f4713c005c9533eb5a1e,643,async_declarations
meteor,74b5f7bcea4e742aee436e7ae9a511c0e18a9d01,25,export_declarations
ember.js,ed63f4710dd760b961ee25a74e1505a08eec77fa,109,const_declarations
vega,2338db7c286c7d809a543de8c2d878010bb5580d,608,export_declarations
hexo,7dcc719ebab8ceb3f306d546a1eb985a28f4b82c,123,promise_all_and_then
vega,f9299ca1dacef50671e7b03638a36149a221ad80,124,let_declarations
compromise,20deeb6eafbbef760aa4e03a3d9e97628377a746,119,async_declarations
video.js,d86d4b222203d460557697e6d7a411048d5e2d92,1341,const_declarations
shields,bedba47d777cb3b27467fa8b020ac4c5a0105fdd,403,async_declarations
etherpad-lite,efdcaae5269450ef49fdd6efb6fce9cc5fee2a6f,998,await_declarations
johnny-five,48f367d3382da0a47a81ab32a7c386d892faaf2a,161,const_declarations
ember.js,a8f45875269f455291deae68eaa6958950a4d034,1641,import_statements
meteor,dd5ea2b9500250afc238eff0af27922044c61536,543,async_declarations
ember.js,f3eec4490ea0ec88ed71da42af5784c19f067720,413,const_declarations
eslint,8cadd5229b7372aed0d4785dcae15532a399bf55,43,async_declarations
vega,c29e8fe4ba436df02656e96cdbb79439c1948abe,871,import_statements
vue-router,45f72f991662e7beed982250be98170eb8544a2e,127,const_declarations
meteor,71049fd7d5310f8fe2bd71f3e63df02850026b94,26,export_declarations
reaction,2b8bb211779dddca6273afa7c6293573dd5d137d,938,import_statements
ember.js,3f5584ef45e4e3998ed4e2aa30fe40036471a0db,106,class_declarations
meteor,71049fd7d5310f8fe2bd71f3e63df02850026b94,46,let_declarations
svg.js,a7538a62602177107f99e371a4bf3dd450c32d18,36,object_destructuring
jsdom,ee886e02e00c5af9b6f787d7fcb15173bd559d5a,131,async_declarations
reaction,2674643540d92c148acd63d2f52d26e8dae7ad0a,55,arrow_function_declarations
fullpage.js,5f7a0336f1c0ae33f403ba821ea5ddc8cfc45ec4,441,arrow_function_declarations
etherpad-lite,e54ea583f25acf006b20f54369bb9430f933fd34,32,array_destructuring
samples,e943ea2d24ee550a26aa01d93530e42eada968ea,158,arrow_function_declarations
pouchdb,d8f80d659a0e6507d5ba0ad4da92f8b3d3b72fc5,53,promise_declarations
jsdom,42c700a0f4dfb2dbb3e0fc0bf52f77fb752df5f9,3532,let_declarations
ember.js,f3eec4490ea0ec88ed71da42af5784c19f067720,117,class_declarations
vega,2592f03ac5c9505b6c6f64931c6e7f699f7eb2d7,868,import_statements
reaction,767d636c5dfb2c529b1c95ec4e055f5a1e479a66,258,await_declarations
meteor,7cd4947780162b8cc4d6f4713c005c9533eb5a1e,54,object_destructuring
inquirer.js,12fecef5292da253564c845ef5be67b37441e381,42,let_declarations
vega,3560b8f521f91c2d9ea62c450b67b04f5c4ce930,796,import_statements
pouchdb,afcd964ad1d7e723487a345b042c2ce2306dfe06,38,const_declarations
svgo,fbe82cd9c28099e3a8d8e590e83ea7c69e547509,105,const_declarations
codemirror5,234391388748eae5b00b941ed696c7763792d9a9,34,async_declarations
johnny-five,52244b8fa06a113325ca7767ba803d891b578b47,303,let_declarations
pouchdb,d1c04dd5d96582d8361aed54ab463b8464147ea9,100,const_declarations
meteor,86b82169d03aa156c42110c8ff8c441c2e8e0313,212,let_declarations
ember.js,04b04f3c9415a09d760c27ed8664047bba48dcf2,2580,async_declarations
reaction,a1f1c1d708b1a6ee7adf37367c4f8ad6783f4ec1,21,spread_arguments
jsdom,398b200747acb1af56546cd30fea0a9040004084,282,const_declarations
hexo,2cdecbfdec9ec3c23226b88445de74c08aff44ae,122,object_destructuring
vega,a8d6e4a45f0d2dd18188c9630d49a6bc99205301,770,import_statements
quill,8598f352bdb7699713317ae0679a74dd917f2f9a,754,const_declarations
vega,e2920df7be312e63b863512533740dcb830e1089,405,let_declarations
reaction,5f38fe15037d05c58f6b77b81a21d323030022bb,32,await_declarations
highlight.js,1c44b448816fdf7fb00ca4e84e5f9325538b7f7f,46,let_declarations
etherpad-lite,4716975c3740f5712501bc9aa8d440375f468d85,44,spread_arguments
mocha,3f6f9c5991bd24fc263cb262681ba285b6374a9a,1184,arrow_function_declarations
jasmine,fe29dfa89c7f9d2b44ca8bcbf4ad6694c8a848fb,58,await_declarations
riot,7c4fdfc5f09093a052e00b31f3b2327daa7bab92,889,arrow_function_declarations
pouchdb,3e9365cb9c9a9241703fdaaff5f7fcfb351e8c49,53,promise_declarations
etherpad-lite,c816c20bc7fd1a9d165476c1a563b13db7371767,112,promise_declarations
bootstrap-table,0bd4253b8f88af36f5f280e749118207cd345b0a,45,rest_statements
mocha,273dbbbf4c21debded604c2094591bdbcbed7705,40,async_declarations
meteor,86b82169d03aa156c42110c8ff8c441c2e8e0313,22,promise_declarations
ember.js,eedd575b36993011f4ccaf8430f6046f5f4051d2,395,await_declarations
jquery,69d4a48ff67188214bc28ec1a4d138c5997ce171,23,async_declarations
marked,a26f002d1819462c6cae75bb0c26dc064e17b4db,64,let_declarations
meteor,36ee2155d4135894c9e66150f52740371bfd3ab4,353,const_declarations
ember.js,4e052ff3816894f24bc8a53ade11784eb6e62558,112,spread_arguments
jsdom,d302d25b51ef5cbd76b5750a9af4c82287f34934,1206,const_declarations
ember.js,1f4a3bc432ecc888290667fb582b18592794aa69,2578,async_declarations
ember.js,884c93bfafbb5e46756903d699d6849cfe556cc1,1097,async_declarations
jsdom,4b222af7d156657ca3207b406151709a80586379,1199,const_declarations
ember.js,59cb8d07d70f9a530bf73c44eea9ba83348b137a,38,spread_arguments
pouchdb,f5b6d35ee3a3c4e036f9724543ec2cc0df8c692b,63,const_declarations
jquery,62ae2d0fb7ac011bf2ad778f8158de408e785927,26,async_declarations
compromise,174cb93540aa167b7a7a6e694265c03078ca20e9,857,import_statements
novnc,b475eed5fae5e7e1cdc80ae78604680b914d2a6e,34,const_declarations
etherpad-lite,c56973ce74f997c4693fce70dd0aaafcf212d56c,429,await_declarations
vega,6419ccbfcae75e3b7e07046fe54a879880600315,871,import_statements
etherpad-lite,29179e512f7fa41b64a4de555b427c7b507997d4,998,await_declarations
vega,f9299ca1dacef50671e7b03638a36149a221ad80,30,async_declarations
reaction,442b6193513c97d1d056175f136b0c6a6ecd154a,70,object_destructuring
jasmine,c7ca3b0101a1435d0553d06b22073a7437a41297,226,async_declarations
mathjs,29b80aa94108de53743563d0c76633dd0f0a78f7,1101,export_declarations
ember.js,01a0c04a8939987cc04b7a7490529303b5a67d3f,112,spread_arguments
sharp,34a2e14a144b8768f326751a88c81c0e2d19c59b,37,async_declarations
bootstrap-table,c9ad0dd1fe906fca672bdcc2e7144face6c3a8fb,106,async_declarations
reaction,2154a629bf9aadf9b027da398c905f0878a297e0,947,async_declarations
samples,5edd3d1a620d101cfd5dfbf31ed5aafae40593be,155,arrow_function_declarations
marked,a48a9f0fc40a5aa21e37d4657f494e0e5ec10438,128,arrow_function_declarations
commander.js,d679feb6e1a64592a9c9ce1d41750d16bda7b5b0,68,arrow_function_declarations
shepherd,30b9550861047071a0b07be1bb995b0f73b7d53e,38,let_declarations
chart.js,3b55de73facd9a46cfb70bf4968c732c90cc1bb1,69,object_destructuring
meteor,1b34866de2dd8415bfa2ddbda1d8fcba00e33499,57,export_declarations
fabric.js,a3631b65f11a9d6e5dd9bb7ef820238b71392df7,66,await_declarations
meteor,b2cb10ef202e397aa9332542a6e096ce0abba31b,208,async_declarations
hexo,2cdecbfdec9ec3c23226b88445de74c08aff44ae,746,await_declarations
vega,73d8d6163706ae740cf03900e179a30e612aaf51,30,async_declarations
pouchdb,1b59a7b9b11037b51c132165cf46a977b5506230,32,promise_declarations
chrome-extensions-samples,130a2a5d6445b34b2bb30fc8236b4f2884039507,57,async_declarations
jsdom,56dddf069cb9b32620a58daa1d62973eb9669c43,239,async_declarations
johnny-five,232e4f5f2ac5b0e7d6ced583563fcf8b688d7fb6,2213,const_declarations
ungit,3406ded1bc8a7145b9299f8ec4baf1e46ad2891e,253,const_declarations
bootstrap-table,a516598738847ceaccec77b025dbd73c3346a068,23,import_statements
commander.js,7ab5fbfa7fbbdb816959d2a786761cea45a721ae,370,arrow_function_declarations
shields,08524b639b41110332ab65c4462bc07dfb9ab74f,37,let_declarations
uglifyjs,47b63ed1a09caf5e15a51276adad83a94c89abac,42,async_declarations
jspdf,30880b41475c587dc3a0182f980883395ea638e7,29,async_declarations
mocha,b76989ceb8ca38b4ad9a2df4892581d96e8c4ba8,1187,arrow_function_declarations
ember.js,f693865338abe24194f586a2bcb929821d172bd9,87,export_declarations
meteor,8ccbe3baa040eb6b41592d23739d2d099d1c7fd1,36,spread_arguments
johnny-five,6fe5c2c3482322a57a410054beafaca0920b0737,254,object_destructuring
ember.js,03b9dbc21e1eef88bc5a080dbb500547fe6d55f7,986,async_declarations
mocha,1d52fd38c7acc4de2c0b8b5df864134bb6b2d991,1468,arrow_function_declarations
vega,f8aee5ccb82f1890607101452e5ee117420cecac,544,export_declarations
etherpad-lite,86959f7ebc25665c26c7b3dd28184bd9fccc99e2,23,array_destructuring
meteor,aa2fedc46d9cadccd1bffe4c26b4caa5aac94dd2,133,import_statements
meteor,a5f1a7e44d9e9af82a5e9d3f32aaaa79932363b5,40,let_declarations
nock,07e993e6c8a20a34bcb7513d7ff61ca5fa93f539,44,let_declarations
ember.js,99d998c6c48ab8e5b55e9c6772d90992b31331bb,390,await_declarations
p5.js,d2e5f9ffb2cc7ba2162e41a1d8698ca89e43ac9b,1430,const_declarations
vega,6c01e5a0430d657f216a34982f0d1f5bb1d8c223,603,export_declarations
meteor,dd5ea2b9500250afc238eff0af27922044c61536,42,default_parameters
ember.js,c3941ac918915d9a975768fa1b134f012a682f42,52,export_declarations
reveal.js,ffac5fe696db37611e14c6fde6fcaa1860a17baf,76,async_declarations
etherpad-lite,4716975c3740f5712501bc9aa8d440375f468d85,31,array_destructuring
shields,2fc7a7c1912b17ccc4a4512c07c803b77d1e6c9f,88,arrow_function_declarations
chart.js,a14309d95ffdab8294d5ecdb69638fd60fad08b9,614,arrow_function_declarations
jasmine,bbb1b69b2e9def375e73c6eb397f8ad148a7c62b,101,async_declarations
ember.js,f3eec4490ea0ec88ed71da42af5784c19f067720,24,rest_statements
vega,401d102eb5cee49bcd33225605e82d93139f0521,605,export_declarations
meteor,ca369a4248a7aea11e0ffc8ee2bd416a828cac9d,63,let_declarations
vega,61291684eefab9c16cec57ae93282e98ae20093c,739,import_statements
jasmine,1166d10e4383c2462522fe272202ecedfdb31b18,2203,const_declarations
ember.js,6a4edb4b97d66a697eed1a1881d1627312a5878c,59,let_declarations
nightwatch,aa994677e2bbe721a3067a9bdf6d7ad6733dba56,253,let_declarations
ember.js,4e052ff3816894f24bc8a53ade11784eb6e62558,298,let_declarations
ember.js,eb1035283d7f83f32b433d813e570bbb93e88c83,94,const_declarations
pouchdb,09ac8844b2f6c2ce053519311373a68a281c1ea3,127,promise_all_and_then
vega,2592f03ac5c9505b6c6f64931c6e7f699f7eb2d7,605,export_declarations
ember.js,5c7b94648c80965f07ac56fc33579d7d6d99d49e,52,export_declarations
meteor,8ccbe3baa040eb6b41592d23739d2d099d1c7fd1,473,import_statements
hexo,754b6fb712921c8ff4bc59e93acc65d6ca4209db,19,object_destructuring
mocha,273dbbbf4c21debded604c2094591bdbcbed7705,72,let_declarations
etherpad-lite,29179e512f7fa41b64a4de555b427c7b507997d4,756,async_declarations
shields,4f8414c003fe08fce3f53fd80a180c6caeb7e530,67,async_declarations
meteor,dd5ea2b9500250afc238eff0af27922044c61536,235,let_declarations
mocha,526dd84b4de9fe89a9febdd5bf9ab8360ffbc4f6,1434,arrow_function_declarations
vega,13e537ca8300d319f6e4b065d43d8c73aca59ae6,621,export_declarations
pouchdb,73e0199cd1116352cc714266a4490d1f121f268a,29,await_declarations
chart.js,6d8bde48bd923de78d0e75490c9f680161bac971,64,let_declarations
bootstrap-table,c9ad0dd1fe906fca672bdcc2e7144face6c3a8fb,29,spread_arguments
meteor,2d8fbb6c79ccd1bde6b69ca958248eace724fe5e,208,async_declarations
meteor,ad9652d2eaee32b7d8d9a10940b9a82ef1143d35,238,const_declarations
ember.js,7802351d0528e246e22d1b0dd835441ab3513140,1291,async_declarations
riot,e4961358793a266827ec687029922c7dcfb27445,175,const_declarations
commander.js,7ab5fbfa7fbbdb816959d2a786761cea45a721ae,337,const_declarations
ember.js,c30bad535e2014a41fead7c9d60bf7864148cee1,25,default_parameters
ember.js,2d7cf9d7bab3553be05a84dfd235c9f9a3442f97,378,const_declarations
vega,b4e368d83aa2302c4ca4f5776c6543896a9584bf,594,export_declarations
reaction,cdb8a0f76214381be56b9af6e631ca08b91eb5b1,22,rest_statements
pouchdb,2eca392bfae8c76bfb8d25b75414e5b47381a653,29,await_declarations
ember.js,6fea589c7e24f54fc9690e940d280a0d7ece6293,51,export_declarations
johnny-five,6fe5c2c3482322a57a410054beafaca0920b0737,68,let_declarations
nock,4194106f6de0669afa4b8f317fa21892bc164b3e,67,const_declarations
meteor,7cd4947780162b8cc4d6f4713c005c9533eb5a1e,47,default_parameters
etherpad-lite,af7cd13787507cb66c8eff5024e965af6f2dd041,3213,const_declarations
reaction,6d12fc490078cfc4341f3affbf4f9465a279f7fb,255,await_declarations
reaction,a4d0af04f666298ca1c4ed4277126d9f188404ca,73,async_declarations
meteor,8ccbe3baa040eb6b41592d23739d2d099d1c7fd1,231,export_declarations
reaction,ce4277ab3c3c9d4c86e5ab267f7c20a0e6cc235d,45,rest_statements
meteor,6a525fbea7d0b8ab527ad1ae6af7c9f1e0289b5c,170,const_declarations
ember.js,54a3361e65452c5546b0ddb36fda6e671902bbf0,110,class_declarations
ungit,9f70170f6ff6e663d093d91633797f4a00b037d2,234,async_declarations
etherpad-lite,c816c20bc7fd1a9d165476c1a563b13db7371767,25,spread_arguments
marked,ab033f27f3ee0906569c403c32f22d0ffe1a64f4,182,arrow_function_declarations
etherpad-lite,4a65c2c8ff6036222a2b2c48e5161c82c199e8c9,36,spread_arguments
vega,dd98e06e92f6aceff99b2fe18e5dfd5985ad96c7,916,import_statements
vega,a9e5c38799d918e22a1305adfcfe23fa546363b5,211,const_declarations
reaction,cba942a7dd1575584c6806f35a4d85151ce1d139,385,object_destructuring
paper.js,e3c298d3f4602d0fffc652ababd45ed846da90d7,25,async_declarations
meteor,dd5ea2b9500250afc238eff0af27922044c61536,65,class_declarations
svg.js,622ec7b326a6cd24d7c7cba99aa9ca873713ca4e,209,let_declarations
etherpad-lite,1ad134a53867345c91afbb326965bd25e327d298,4906,const_declarations
jsdom,a55d98e7d418c5550ed2df14d7aca67b918364d5,237,async_declarations
shields,da0bf8c57c88df3811d550f6504bf92cb7308a4f,116,class_declarations
jsdom,a55d98e7d418c5550ed2df14d7aca67b918364d5,180,object_destructuring
fullpage.js,f35909eb3a41d36b9587cbcbdcaa28b54ca0d20d,22,async_declarations
swiper,5235450c6936446e178f970e13eaf88d65c8cfd1,606,const_declarations
ember.js,a8f45875269f455291deae68eaa6958950a4d034,87,export_declarations
meteor,e241a6cc646ce03d7255d5f370dca0c2539eeb95,1941,const_declarations
nock,07e993e6c8a20a34bcb7513d7ff61ca5fa93f539,725,const_declarations
mocha,b3eb2a68d345aa9ce5791dddfea41a13be743b78,83,async_declarations
meteor,8344cbf59d9fa28bc16bffe6aaf8ced1256b81be,212,let_declarations
hexo,3d926ecfa26e00fff1c9ac835470a3cf605d0e73,128,promise_all_and_then
etherpad-lite,6011ef426f1207b0adcc909172e9ba679033e679,318,const_declarations
meteor,86b82169d03aa156c42110c8ff8c441c2e8e0313,37,default_parameters
novnc,8a0cbd742b2a1c0ce2d827341163afb321558de5,32,const_declarations
pouchdb,719502dc6a75851dce9d0a35e44929b25943588c,38,const_declarations
meteor,c3ffb54cc2cf6271bd08b97db08374030c2969ef,22,async_declarations
etherpad-lite,02757079c0c2d19a612b61a11a054a86faa66ab4,22,object_destructuring
karma,c097ecfecac2b4a2f7998e7b27c5beb99a88fc3b,738,const_declarations
ember.js,f4b2723029d8d8ff40e962e5fdd8aa8f75a231c3,22,const_declarations
ember.js,75876e5a1c20c9b20e0feca9038d71d3baeb0e48,3555,let_declarations
meteor,4cc907f7e4825a53d583a88209c3c4f61658f8b3,119,async_declarations
ember.js,d056ac756713db4bb2ce88aef51c7d30b2599694,2414,async_declarations
samples,f4425befb70e12525c78821b4ecaf3905d69a90b,160,arrow_function_declarations
sharp,34a2e14a144b8768f326751a88c81c0e2d19c59b,40,await_declarations
hapi,c4a992bbaf6b3f3bd33bf9f7dfe7a8aa77b17e73,1203,await_declarations
meteor,86b82169d03aa156c42110c8ff8c441c2e8e0313,34,object_destructuring
etherpad-lite,37bb297e76a3da6939941fcdd143dac9c06f333e,28,rest_statements
ember.js,dedb9683fa97dfbb0ec28f71f99fea9ffbfce92e,1884,import_statements
shepherd,89e83e94ada08bfdc61213491159815c1a918196,37,let_declarations
reaction,b1e84a3cc6157fa82193bf19f4bd8bca2572a4ca,254,await_declarations
mathjs,6265578e1fd0f9f11e741a41b75042290a605e65,58,async_declarations
etherpad-lite,4733c7d8d325e478359bc22b9313ba29eb598ad2,44,spread_arguments
ember.js,c58ef3956b3b23a4b71adb220d80f327127e81ee,646,let_declarations
swiper,fac4442ad66928f5e9c8fa4b4aea7075d572ce6e,26,export_declarations
jsdom,94774014e2244730f24d1fcb8c40d8fee3ea6b75,22,promise_declarations
ember.js,248bf107f1a7797052982b186e2f752be2cbfdcd,774,let_declarations
vega,bc0604cd77a19966867cae4945f88bea053b9fee,538,export_declarations
etherpad-lite,e82588c3320f8a1329f4870d0194afd689e9ac74,149,async_declarations
ember.js,47467a5848514e61d380cbefac5077c180f18125,97,const_declarations
mathjs,8ca09d27768aa8e3f7101cc256d05ec1d02f8558,2811,export_declarations
shields,a83d43a48579bf57e13afbdb2b5979cf0e5bde15,35,object_destructuring
mocha,22dbad7c8d4e6619119558497d7b91f240a8fb79,1196,arrow_function_declarations
compromise,305a92ece61556aa58232e054ab9c20cc798d001,55,import_statements
reaction,767d636c5dfb2c529b1c95ec4e055f5a1e479a66,248,async_declarations
meteor,b2cb10ef202e397aa9332542a6e096ce0abba31b,63,let_declarations
jsdom,c854cc41f995b8eda859b23ad43e232e3b0e88e4,468,object_destructuring
ember.js,7458fd2b083a6aba4209f4da146a8150da324955,57,class_declarations
vega,701d888a9d43a0a7ac34d71e95693bb8c0aedf68,779,import_statements
ember.js,c0a5ae33d2fa0f933c18baf8b3d944ac557ed515,147,export_declarations
p5.js,bcef8c9497d61ab16e2042bfc0002c3f66dd89eb,328,async_declarations
vega,92b975cd6ce148c0d75e3ada4fe7a7b5e0cc30bd,75,arrow_function_declarations
ember.js,52792ff38c14d1a7677e61f2bd45f2607b77e1d2,111,spread_arguments
etherpad-lite,ce4ce8ce9511c557d7916b45103194c9edc69b8b,4821,const_declarations
karma,d18b943939c7a7cea15db1c960c3a2419aaae0f2,37,async_declarations
svg.js,4f3343ee7667e98a192d46ed709ce0acd96add92,54,let_declarations
reaction,8746fd381d25092d9bdcbe3c35b0fa43f5b6044b,99,object_destructuring
pouchdb,07d055ae8a375366281ff12cec5519d3a42d120f,107,const_declarations
etherpad-lite,72ccb2838213dbcb0129fe31c05ab814f19a308e,125,const_declarations
nightwatch,9f32a7da4c6a53f0f5590096e27f2c10efd26d54,785,await_declarations
etherpad-lite,c56973ce74f997c4693fce70dd0aaafcf212d56c,279,async_declarations
johnny-five,c81033f4795838c7132114cfe9d0a8993c39ab5f,304,let_declarations
highlight.js,6c20b9bcf73114a40f9e42b7c961e208387a7d1c,21,async_declarations
svg.js,57d7dd0232b283874f09bb08e6d05ccfc6d1da24,70,const_declarations
jquery,e61fccb9d736235b4b011f89cba6866bc0b8997d,66,async_declarations
svgo,aa0df733a6d23bb17cbcbb00ccc0bac415020e85,28,const_declarations
pouchdb,621cf0a14234869893b08c64626b099a8b6bf5c2,94,const_declarations
reaction,6535c51b30819b250ab25e84ddded615c10296a8,243,async_declarations
bootstrap-table,c9ad0dd1fe906fca672bdcc2e7144face6c3a8fb,511,const_declarations
meteor,a5f1a7e44d9e9af82a5e9d3f32aaaa79932363b5,189,async_declarations
ember.js,8adb04cb668742b45b3b02a9eac96ebd9cc4a8d8,460,let_declarations
shields,bedba47d777cb3b27467fa8b020ac4c5a0105fdd,524,object_destructuring
handlebars.js,d02c90c0fbc984523a7a8950e15435938979acbe,417,arrow_function_declarations
meteor,42fa76ccc15db212268f0dce15e3f671f4c992db,22,async_declarations
jquery,555a50d340706e3e1e0de09231050493d0ad841e,26,async_declarations
meteor,350bf75112dc7e5a6d0349df17898670268216c7,37,async_declarations
core-js,4707a2686c85aa6f11223f7e669b8ac4a98a410e,172,async_declarations
compromise,44736bbc32e7aba865bf378cb626ffc68a113505,282,let_declarations
meteor,74b5f7bcea4e742aee436e7ae9a511c0e18a9d01,85,import_statements
knex,67b62d3213aa6ade68bdf84cb95b3410a1fd8053,84,async_declarations
knex,c431ffc35a25885bc019a6f6d673971ef4fe4a4f,124,object_destructuring
reaction,2154a629bf9aadf9b027da398c905f0878a297e0,1277,await_declarations
vega,38d68d2dc2d11e434e18f71bf69c6cd742bc7377,933,import_statements
ember.js,aa12b52453028fa89559720408ad42fd2d2cbe51,457,async_declarations
ember.js,ed63f4710dd760b961ee25a74e1505a08eec77fa,40,default_parameters
pouchdb,203ae67030473285a3188df23dbfba7a088c4482,100,const_declarations
knex,2aec21ed5eb97711cb8b80c90bfa8e55382c7671,499,await_declarations
ember.js,7802351d0528e246e22d1b0dd835441ab3513140,87,export_declarations
bootstrap-table,bdad3af9906c2eb0232606107d0df9cf22a87186,22,rest_statements
nw.js,efb396e87e2384e8c97ea0e736c4b680ee053ef6,29,const_declarations
reaction,efbc5c0d3fd2fd3dc58388b04145df1dec78c924,373,const_declarations
ember.js,897ba436728dc71381e300d69237b8b9a32a758e,95,const_declarations
ember.js,4d576b099a1a582c591a7e03ad3cadec7662ecb2,3486,async_declarations
etherpad-lite,306e46c21d74822a6cfca185cd200ea11fc0f9ff,31,array_destructuring
pouchdb,57f2c262a8b5e3e1e724d2bc6077675bce2443de,32,promise_declarations
novnc,a9c2ff30b636cf5bb0c5f183302646a5b6ec8481,687,let_declarations
ungit,3406ded1bc8a7145b9299f8ec4baf1e46ad2891e,35,let_declarations
ember.js,1f4a3bc432ecc888290667fb582b18592794aa69,314,const_declarations
meteor,c4504ba1f30f38733ef557598d5bc8d3132d76b2,17,promise_all_and_then
vega,f8aee5ccb82f1890607101452e5ee117420cecac,803,import_statements
ember.js,e29a526b3c3a785b2830df2b55679667e9f0f24e,119,export_declarations
etherpad-lite,4a65c2c8ff6036222a2b2c48e5161c82c199e8c9,98,object_destructuring
ember.js,ee464a72010041aed04a578f8c076aed5e2daec6,57,class_declarations
node-red,da96c85d325bce196ba5b947643b470bbaa27618,82,const_declarations
vega,82b10d2b1a0f183b13fb1175380e31e2fdd4544f,773,import_statements
pouchdb,09ac8844b2f6c2ce053519311373a68a281c1ea3,53,promise_declarations
ember.js,884c93bfafbb5e46756903d699d6849cfe556cc1,269,spread_arguments
meteor,b2cb10ef202e397aa9332542a6e096ce0abba31b,83,import_statements
video.js,2e689f85e58f28c5c80a5c689e46163dff061931,959,arrow_function_declarations
ember.js,4709935854d4c29b0d2c054614d53fa2c55309b1,2414,async_declarations
ember.js,e29a526b3c3a785b2830df2b55679667e9f0f24e,3631,async_declarations
p5.js,a7a2073d1a5c5d8f1a4ac7549a3a6b588a6d2e24,81,await_declarations
meteor,f7b2735d2320eecafe478f3e4dd77ccaab848194,215,async_declarations
etherpad-lite,e041099d1beedffb6deaaf244976f632cef3e0b3,125,const_declarations
meteor,f96ab94f7ce8494e13122ea4817a2b5dc9f4783e,73,import_statements
etherpad-lite,1d8e8d3484e1edf532e0c34edbfc9cc173dfee04,33,promise_declarations
ember.js,49787ed3e5b66fd298ac1f9575b7913127cd5f4e,43,object_destructuring
highlight.js,08c21ad407f0760072692f3ed3496dcbfa796096,882,arrow_function_declarations
video.js,c89b75699eba34c1b1c594694800e29e72fe3006,887,let_declarations
hexo,1323f963529a9d3b14aeb1c1e0bb80cfda055fbf,141,promise_all_and_then
ember.js,67081fae8121d48e2c42e8e47e2c3bb5cec3c6d3,87,export_declarations
etherpad-lite,0f557909ba605de7ac53b51d769216cb7c6a266c,32,array_destructuring
winston,9a57be300d7d2e46bc818c8d4f0693bb0a65b1bf,363,arrow_function_declarations
katex,839f872faa4b422f853d9af259524c4537c1cded,82,import_statements
meteor,86b82169d03aa156c42110c8ff8c441c2e8e0313,380,async_declarations
chart.js,3427479a25b7a333441e7921a5f91045c27fa74a,41,object_destructuring
reaction,f2fb32c541a84086379e809c377858f7c2a47851,24,let_declarations
mocha,63eb80bd4907ac87b5cbde054ad8e6112fdcb939,277,const_declarations
ember.js,7458fd2b083a6aba4209f4da146a8150da324955,40,default_parameters
meteor,9e399547e5bac8a604a9eb1bd612015cabd50fe6,208,async_declarations
reaction,8fa43772b43b496522f4e22ce457756c20ba2b5e,73,async_declarations
etherpad-lite,304318b6187b0451af0ee5d2bf2935b525a644ad,313,async_declarations
riot,095a3a4ad0b58c72b599137a142acb561398bb38,420,const_declarations
chart.js,a1c2dd6fb64ba128db95ac4ea2c46a064959bb47,185,import_statements
svgo,4e50f34c4920d88616650ad2fc906fc08c5015b6,245,arrow_function_declarations
ember.js,823a326f1a48ff3656cafca0e3f2f7c0ab340359,440,await_declarations
meteor,86eedd4bc64d1025feca9c74408eea81c6eb787b,22,promise_declarations
pouchdb,4974b64a67723fc8ec2d471c0590502dfe104760,107,const_declarations
statsd,f369dfade2882d41896a7f2e6c364188a9b3bef8,298,arrow_function_declarations
meteor,81c4a7ce665770160c1e69b4fb004d1119dd8ebc,208,async_declarations
meteor,dd5ea2b9500250afc238eff0af27922044c61536,406,import_statements
handlebars.js,d03b6ecfc44e350fd08df752a9551d824287d7f5,35,async_declarations
meteor,6a525fbea7d0b8ab527ad1ae6af7c9f1e0289b5c,20,let_declarations
p5.js,c102ce18506f35d0e4224a5ac1d54c7da4e37786,143,let_declarations
ws,78425d0c3360acd67280f33cab89c84a46d3eb0d,119,const_declarations
pouchdb,d5bb7bd6330339448f5918592bd69df78166bad2,42,const_declarations
core-js,739b272b381c2c698ac1556cd94950e199115ee8,195,async_declarations
chrome-extensions-samples,70b361f14f0561d4edeb97dc68413a7647f6cf3b,26,async_declarations
ember.js,f4b2723029d8d8ff40e962e5fdd8aa8f75a231c3,177,spread_arguments
vega,46e8b373e4adad11c2ce714eb9ccdfaade5411c2,594,export_declarations
meteor,86eedd4bc64d1025feca9c74408eea81c6eb787b,21,await_declarations
chart.js,e07c5d0c6c39e621fbe79de39d6e2de66da1cd9a,21,const_declarations
meteor,dd5ea2b9500250afc238eff0af27922044c61536,47,object_destructuring
vega,6c01e5a0430d657f216a34982f0d1f5bb1d8c223,866,import_statements
uglifyjs,c28e1a023764993a3c9fd65ece2070ccc661237e,33,arrow_function_declarations
johnny-five,9f3d156972bc5b25195e5ad06b7f74e5df8a9f76,3780,arrow_function_declarations
meteor,ad9652d2eaee32b7d8d9a10940b9a82ef1143d35,155,async_declarations
meteor,0cbd25111d1249a61ca7adce23fad5215408c821,109,let_declarations
etherpad-lite,fba0bb6dff9fe7e0bee904c551a0c7ea586df075,23,array_destructuring
ember.js,0fca536555c017ff8e99e268476cddefe230490c,485,await_declarations
vega,13ef1a3e2b4c80cb993c3de030aed61299bb50e5,804,import_statements
mocha,5bb930f4999cce3130ca97410730d1db3f1ce9cf,1141,arrow_function_declarations
ember.js,13971f6ab115ae8cbce305024d0bb749eb5eda82,24,default_parameters
meteor,e241a6cc646ce03d7255d5f370dca0c2539eeb95,43,await_declarations
reaction,5f38fe15037d05c58f6b77b81a21d323030022bb,114,async_declarations
jsdom,b6fbc2c9f3605ec4791579f5ac2c5a51ac9771d8,105,async_declarations
mathjs,a05d15e1dbb4fc445a3f2c5451a39a3bdcbd0f91,968,export_declarations
ember.js,12e9a92c71941397b588c5c5143985f005c9f036,57,class_declarations
riot,e4961358793a266827ec687029922c7dcfb27445,26,export_declarations
node-red,e94634544cd21d5e4e0c7c9da9320a004cf1a2a3,28,const_declarations
meteor,7cd4947780162b8cc4d6f4713c005c9533eb5a1e,231,export_declarations
shields,bedba47d777cb3b27467fa8b020ac4c5a0105fdd,2426,const_declarations
ember.js,60c4b6009d7373013502679a7956d06ed0576fd9,486,await_declarations
mocha,fdad1dc29f619f3296dc63afeecdc265627cbdbf,1236,arrow_function_declarations
ember.js,21a288e27247069b6782fd985579b2170b9eae3e,444,await_declarations
meteor,c4504ba1f30f38733ef557598d5bc8d3132d76b2,711,let_declarations
ember.js,fcde1c918a86ccebf7d9b88a0b428cab3489ff82,379,const_declarations
hexo,61538c10208e220b2f01d7fee21c4bfe92a84c44,30,async_declarations
vega,3798a319dea1ad621e0bd0fdb114ba3e7fccfd7c,438,import_statements
quill,ca458d758bd5081985ad359e1a04910417942850,59,array_destructuring
