jsdom,c13a7927536804ce70591ebca0108c65509da3ba,471,object_destructuring
shields,08524b639b41110332ab65c4462bc07dfb9ab74f,234,const_declarations
meteor,8ccbe3baa040eb6b41592d23739d2d099d1c7fd1,285,let_declarations
meteor,4f79c60acd1f477496c8d0595c19f4e528b4a92b,208,async_declarations
webtorrent,d3edcc00a5846d5dc3cddd409b38919e613fe99a,36,async_declarations
pouchdb,07d055ae8a375366281ff12cec5519d3a42d120f,29,await_declarations
nightwatch,ba5d0aad07dc228ed75a7491f4dc6aee8d0794ab,1403,const_declarations
novnc,2b5f94fa6abbdfab4213f91ef04207298f35d2b7,720,const_declarations
ember.js,13971f6ab115ae8cbce305024d0bb749eb5eda82,427,async_declarations
svgo,316a002299ae6ec94749e1ff34c08575eccc9dce,67,object_destructuring
etherpad-lite,37bb297e76a3da6939941fcdd143dac9c06f333e,98,object_destructuring
ember.js,f3eec4490ea0ec88ed71da42af5784c19f067720,129,export_declarations
ember.js,7a435127f2841a052095c1d42a7b629900ea0120,40,export_declarations
ember.js,12e9a92c71941397b588c5c5143985f005c9f036,40,default_parameters
ember.js,e29a526b3c3a785b2830df2b55679667e9f0f24e,25,rest_statements
ember.js,c30bad535e2014a41fead7c9d60bf7864148cee1,862,async_declarations
meteor,8ccbe3baa040eb6b41592d23739d2d099d1c7fd1,58,class_declarations
etherpad-lite,1ad134a53867345c91afbb326965bd25e327d298,69,object_destructuring
etherpad-lite,304318b6187b0451af0ee5d2bf2935b525a644ad,458,await_declarations
johnny-five,ca35432b105e6a569ea7dff1372669c6ab5f0bca,3777,arrow_function_declarations
ember.js,5116d7363a5136a0349a0a6e1ecc0440400ca70a,79,export_declarations
meteor,aa2fedc46d9cadccd1bffe4c26b4caa5aac94dd2,57,export_declarations
p5.js,a7a2073d1a5c5d8f1a4ac7549a3a6b588a6d2e24,88,async_declarations
meteor,8344cbf59d9fa28bc16bffe6aaf8ced1256b81be,1196,const_declarations
jsdom,5bdde404f2bdfaf4449253d5ff9450a9a0690851,239,async_declarations
meteor,4f79c60acd1f477496c8d0595c19f4e528b4a92b,32,export_declarations
mathjs,85f012837b1fe4682433cb6b1ece76143bb7cfbd,8189,const_declarations
etherpad-lite,37bb297e76a3da6939941fcdd143dac9c06f333e,2052,await_declarations
etherpad-lite,37bb297e76a3da6939941fcdd143dac9c06f333e,49,default_parameters
johnny-five,b0b1a213ab943bc27ba2963b097b8c62afcf8525,3777,arrow_function_declarations
ember.js,a8f45875269f455291deae68eaa6958950a4d034,1329,async_declarations
etherpad-lite,0a617679012728d7e48d28658cd08341d77808f6,756,async_declarations
vega,6419ccbfcae75e3b7e07046fe54a879880600315,608,export_declarations
pouchdb,3e9365cb9c9a9241703fdaaff5f7fcfb351e8c49,127,promise_all_and_then
etherpad-lite,c07bfe10bd5488e6cd1a41d36f32d8dfcf7131e3,4863,const_declarations
superagent,ed3e235878f675a9286d0c4480e971ed6cec9124,662,const_declarations
bootstrap-table,c9ad0dd1fe906fca672bdcc2e7144face6c3a8fb,45,rest_statements
ember.js,4709935854d4c29b0d2c054614d53fa2c55309b1,358,const_declarations
winston,afffe1f7be9016593e3f3b871517713136c7bbdf,368,arrow_function_declarations
meteor,81c4a7ce665770160c1e69b4fb004d1119dd8ebc,32,export_declarations
etherpad-lite,ce4ce8ce9511c557d7916b45103194c9edc69b8b,5258,arrow_function_declarations
hexo,93bc277c61857172637deb7f84ead31e017a6aab,138,async_declarations
ember.js,f693865338abe24194f586a2bcb929821d172bd9,1291,async_declarations
meteor,7cd4947780162b8cc4d6f4713c005c9533eb5a1e,36,spread_arguments
ember.js,884c93bfafbb5e46756903d699d6849cfe556cc1,30,const_declarations
etherpad-lite,1d8e8d3484e1edf532e0c34edbfc9cc173dfee04,569,const_declarations
meteor,8ccbe3baa040eb6b41592d23739d2d099d1c7fd1,1605,const_declarations
ember.js,43b9ff439386e4bf3dae76a03ad8d18a68c59d42,1476,let_declarations
meteor,5b664d7444e499b79aa3a3fbf1eaec4f3937e74a,79,await_declarations
ember.js,eb1035283d7f83f32b433d813e570bbb93e88c83,3592,let_declarations
chart.js,6d8bde48bd923de78d0e75490c9f680161bac971,409,const_declarations
ember.js,c661a45df046740aed9bcfbda576fb05532022f4,25,rest_statements
etherpad-lite,1ad134a53867345c91afbb326965bd25e327d298,1328,async_declarations
pouchdb,09ac8844b2f6c2ce053519311373a68a281c1ea3,8921,arrow_function_declarations
vega,2faa2c3dac16f3730ec850981bf55d75d950c69d,608,export_declarations
reaction,a1f1c1d708b1a6ee7adf37367c4f8ad6783f4ec1,948,async_declarations
vega,e1a3dc7b12b922e6242bf1863f19361e1cc031c7,621,export_declarations
etherpad-lite,ab5934cbdae00440759edc81077e35966f0867d2,403,await_declarations
fullpage.js,5f7a0336f1c0ae33f403ba821ea5ddc8cfc45ec4,63,async_declarations
meteor,ca369a4248a7aea11e0ffc8ee2bd416a828cac9d,208,async_declarations
ember.js,f4b2723029d8d8ff40e962e5fdd8aa8f75a231c3,28,default_parameters
etherpad-lite,c816c20bc7fd1a9d165476c1a563b13db7371767,33,default_parameters
shepherd,0aef93039ea90f94c799d0fa6177ed82f1607e21,45,const_declarations
compromise,305a92ece61556aa58232e054ab9c20cc798d001,834,const_declarations
vega,cc13f77787ad159c3ac2e2731b71175c585c3a79,626,export_declarations
johnny-five,52244b8fa06a113325ca7767ba803d891b578b47,2194,const_declarations
vega,ee83221c40148da679953bef0f13435052c6a195,844,import_statements
ember.js,ef7108a8d1a97fc263918a0fd37db72889419b4c,291,let_declarations
reaction,a1f1c1d708b1a6ee7adf37367c4f8ad6783f4ec1,1279,await_declarations
ember.js,5116d7363a5136a0349a0a6e1ecc0440400ca70a,1750,let_declarations
hapi,c4a992bbaf6b3f3bd33bf9f7dfe7a8aa77b17e73,842,async_declarations
eslint,9abc6f719aed91fdbd7672f44c166a3251d44eea,143,const_declarations
ember.js,f4ef50efbd763ccee5001eea67d0145748b46f7f,2414,async_declarations
vega,6f90ead734892b9763cb84953bc0dc3cdfdc649d,528,export_declarations
ember.js,47467a5848514e61d380cbefac5077c180f18125,25,default_parameters
jsdom,bf7ef86c2ae7c2e7a8acc71975dcad4a732e7e65,239,async_declarations
etherpad-lite,4733c7d8d325e478359bc22b9313ba29eb598ad2,31,array_destructuring
meteor,4f79c60acd1f477496c8d0595c19f4e528b4a92b,65,let_declarations
etherpad-lite,4a65c2c8ff6036222a2b2c48e5161c82c199e8c9,1762,async_declarations
pouchdb,4974b64a67723fc8ec2d471c0590502dfe104760,29,await_declarations
highlight.js,82e02ee4d39f6aad26d7c7902e214398869e1496,1536,const_declarations
marked,ab033f27f3ee0906569c403c32f22d0ffe1a64f4,53,await_declarations
pouchdb,45dc5ae81d67ef37f62b06463a0d3a1f03395b6e,29,await_declarations
ember.js,48e1529229c9041d7044c54268151c342598c3d4,118,const_declarations
meteor,81c4a7ce665770160c1e69b4fb004d1119dd8ebc,370,const_declarations
johnny-five,46ada0ffbdcd159d1eedab37f9ecb7989c85569e,2213,const_declarations
etherpad-lite,c816c20bc7fd1a9d165476c1a563b13db7371767,1803,await_declarations
node-postgres,8eca181d20849aeb440b84f112d68671e90aafe6,469,const_declarations
svgo,316a002299ae6ec94749e1ff34c08575eccc9dce,391,const_declarations
ember.js,1f8c70bd0af18afbfb20517b76c8752625872e3f,296,let_declarations
ember.js,7c0befbc7f84749c35b12cbd7da9543175ac27de,142,async_declarations
ember.js,2b7ab2aefaeee9fc0686a1c12b000c83c886ec86,1788,async_declarations
etherpad-lite,4716975c3740f5712501bc9aa8d440375f468d85,54,default_parameters
ember.js,e29a526b3c3a785b2830df2b55679667e9f0f24e,499,const_declarations
vega,d351c4d4affb05adb72eeeee1400f5d59a6b6ee2,916,import_statements
ember.js,c2321f317c1dad3aa6d5642b68ae7f91a3737716,2414,async_declarations
ember.js,2b7ab2aefaeee9fc0686a1c12b000c83c886ec86,379,const_declarations
bull,0ba93e7d1ca79b501318e388047972cc0178f43e,56,async_declarations
reaction,2b8bb211779dddca6273afa7c6293573dd5d137d,20,default_parameters
ember.js,c46d88d422d559013bee844b11f787bb08c4e6c7,110,const_declarations
reveal.js,b23d15c4304a9a1b72f484171fc97682e5ed85a3,54,default_parameters
ember.js,67081fae8121d48e2c42e8e47e2c3bb5cec3c6d3,32,default_parameters
ember.js,f3eec4490ea0ec88ed71da42af5784c19f067720,3488,async_declarations
reaction,ce4277ab3c3c9d4c86e5ab267f7c20a0e6cc235d,21,array_destructuring
compromise,174cb93540aa167b7a7a6e694265c03078ca20e9,181,async_declarations
compromise,174cb93540aa167b7a7a6e694265c03078ca20e9,107,object_destructuring
etherpad-lite,37bb297e76a3da6939941fcdd143dac9c06f333e,36,spread_arguments
nock,83d0640365789fdfbd268fad09c764aa4e3d4d5d,90,async_declarations
highlight.js,9d9f82be69cb5be7763125c1ec78b5b086b8fc66,41,let_declarations
pouchdb,2eca392bfae8c76bfb8d25b75414e5b47381a653,107,const_declarations
etherpad-lite,411b278881e0511209dc43f0eebcac01da8a35f8,279,async_declarations
nightwatch,f289813a5041bea7ba4a0bea923bc1d08fea4f2a,254,let_declarations
meteor,ca369a4248a7aea11e0ffc8ee2bd416a828cac9d,31,export_declarations
etherpad-lite,02757079c0c2d19a612b61a11a054a86faa66ab4,250,async_declarations
vega,d351c4d4affb05adb72eeeee1400f5d59a6b6ee2,625,export_declarations
ember.js,f693865338abe24194f586a2bcb929821d172bd9,110,const_declarations
ember.js,dedb9683fa97dfbb0ec28f71f99fea9ffbfce92e,51,export_declarations
p5.js,3437781687bfdd5c6807db4c68ea78035937214f,874,let_declarations
etherpad-lite,ce4ce8ce9511c557d7916b45103194c9edc69b8b,775,let_declarations
etherpad-lite,79e7697c1cff44fb607d0b123c486f52d55e805d,33,array_destructuring
vega,2338db7c286c7d809a543de8c2d878010bb5580d,871,import_statements
meteor,dd5ea2b9500250afc238eff0af27922044c61536,202,export_declarations
etherpad-lite,1d8e8d3484e1edf532e0c34edbfc9cc173dfee04,429,async_declarations
reaction,45d588a931ddff96533e77c70376a89ebc599f87,163,async_declarations
compromise,0728f8fe23cf739d2c29da356ed452379f188d72,61,object_destructuring
pouchdb,0a452f890c3b4a7553635affd8c32b35c31ba60b,8921,arrow_function_declarations
novnc,dfae3209ebcde77a341addbb55514d8285499d73,65,import_statements
ember.js,04b04f3c9415a09d760c27ed8664047bba48dcf2,320,const_declarations
vega,deff0a5d1dc88b02a01a9c36da0168be1082f91b,36,export_declarations
meteor,e241a6cc646ce03d7255d5f370dca0c2539eeb95,706,async_declarations
node-postgres,8eca181d20849aeb440b84f112d68671e90aafe6,39,async_declarations
jasmine,55dce7d119823e569b6bb044bd5ab2500357f43e,244,async_declarations
vega,63ef079902472ac56186143499ca4c7a4a85aef0,75,arrow_function_declarations
riot,378d3358baef00e8266aac897b018fac593303eb,144,import_statements
etherpad-lite,79e7697c1cff44fb607d0b123c486f52d55e805d,80,default_parameters
meteor,0cbd25111d1249a61ca7adce23fad5215408c821,586,const_declarations
pouchdb,d8f80d659a0e6507d5ba0ad4da92f8b3d3b72fc5,127,promise_all_and_then
vega,dc04972bfd29c7484dd81d88ae4b922e57cb3c3c,651,export_declarations
p5.js,3437781687bfdd5c6807db4c68ea78035937214f,1508,const_declarations
marked,a26f002d1819462c6cae75bb0c26dc064e17b4db,230,const_declarations
vega,a1e1db5d91849b21f4059b242f8ac49086e77f89,622,export_declarations
ember.js,ed63f4710dd760b961ee25a74e1505a08eec77fa,4192,let_declarations
etherpad-lite,29179e512f7fa41b64a4de555b427c7b507997d4,4891,arrow_function_declarations
ember.js,a8f45875269f455291deae68eaa6958950a4d034,19,rest_statements
meteor,7cd4947780162b8cc4d6f4713c005c9533eb5a1e,281,let_declarations
ember.js,88a9ab1417fa6f772839a9a9c2cb9199a08648b9,111,const_declarations
pouchdb,3e9365cb9c9a9241703fdaaff5f7fcfb351e8c49,8921,arrow_function_declarations
samples,515beeb99685597b77b0d279d98ff8fd57dcad21,302,await_declarations
ember.js,5c4df8c76fce261a3f1ab688395670f3b73801b6,2576,async_declarations
video.js,052c2ce1a9b46b3d5bb891695d601706478162d8,1341,const_declarations
etherpad-lite,4d8ae3475dfb6f7da67cd73f41609bf7b6249bdd,1517,async_declarations
samples,2f72cc75b5ba11f8dd1f38cd02cf68dfed5f1b62,27,await_declarations
etherpad-lite,1ad134a53867345c91afbb326965bd25e327d298,4676,arrow_function_declarations
ember.js,4d576b099a1a582c591a7e03ad3cadec7662ecb2,24,rest_statements
jsdom,94774014e2244730f24d1fcb8c40d8fee3ea6b75,468,object_destructuring
nock,83d0640365789fdfbd268fad09c764aa4e3d4d5d,88,object_destructuring
meteor,7cd4947780162b8cc4d6f4713c005c9533eb5a1e,468,import_statements
hexo,83e7ecc8032c4bec58ed25b6a6c26e034d0415e5,357,async_declarations
ember.js,c661a45df046740aed9bcfbda576fb05532022f4,3534,async_declarations
karma,873e4f9dc6b0ff4e6117f101ce8b93ea254d7d2b,738,const_declarations
meteor,7cd4947780162b8cc4d6f4713c005c9533eb5a1e,57,class_declarations
reaction,6d12fc490078cfc4341f3affbf4f9465a279f7fb,244,async_declarations
vega,cc13f77787ad159c3ac2e2731b71175c585c3a79,924,import_statements
ember.js,e41a857be9f1ea689a71a6929ecaf8048cdfaadf,52,export_declarations
hexo,83e7ecc8032c4bec58ed25b6a6c26e034d0415e5,797,await_declarations
ember.js,7802351d0528e246e22d1b0dd835441ab3513140,4182,let_declarations
etherpad-lite,ce4ce8ce9511c557d7916b45103194c9edc69b8b,994,async_declarations
meteor,74b5f7bcea4e742aee436e7ae9a511c0e18a9d01,40,let_declarations
p5.js,a7a2073d1a5c5d8f1a4ac7549a3a6b588a6d2e24,1445,const_declarations
meteor,f96ab94f7ce8494e13122ea4817a2b5dc9f4783e,206,async_declarations
ember.js,eb1035283d7f83f32b433d813e570bbb93e88c83,1038,async_declarations
vega,733a5084b5d4540b0db90154d0c69b5b6fdf6c51,438,import_statements
etherpad-lite,c07bfe10bd5488e6cd1a41d36f32d8dfcf7131e3,1270,await_declarations
vega,c180f28a29c8aca4e8a0703bed988747f5c15d7c,625,export_declarations
pouchdb,79cfd500cff9719a7a748fa7e0125fdc46252408,127,promise_all_and_then
etherpad-lite,0a617679012728d7e48d28658cd08341d77808f6,998,await_declarations
etherpad-lite,4a65c2c8ff6036222a2b2c48e5161c82c199e8c9,2052,await_declarations
ember.js,4d576b099a1a582c591a7e03ad3cadec7662ecb2,129,export_declarations
ember.js,7802351d0528e246e22d1b0dd835441ab3513140,110,const_declarations
reaction,9604288b2883aa248f7bdac362c3ac90add42654,22,rest_statements
pouchdb,79cfd500cff9719a7a748fa7e0125fdc46252408,8921,arrow_function_declarations
pouchdb,0a452f890c3b4a7553635affd8c32b35c31ba60b,127,promise_all_and_then
ember.js,c661a45df046740aed9bcfbda576fb05532022f4,117,export_declarations
inquirer.js,12fecef5292da253564c845ef5be67b37441e381,55,async_declarations
highlight.js,8acfeebe52bb91f5a83aa76a593c6c60ddcec9b9,924,arrow_function_declarations
reaction,cba942a7dd1575584c6806f35a4d85151ce1d139,364,async_declarations
reaction,a1f1c1d708b1a6ee7adf37367c4f8ad6783f4ec1,811,object_destructuring
etherpad-lite,4733c7d8d325e478359bc22b9313ba29eb598ad2,60,default_parameters
ember.js,c661a45df046740aed9bcfbda576fb05532022f4,69,object_destructuring
p5.js,3437781687bfdd5c6807db4c68ea78035937214f,88,async_declarations
vega,16e521f8db5dfa1df3eca62ab47dda0006450970,790,arrow_function_declarations
meteor,f96ab94f7ce8494e13122ea4817a2b5dc9f4783e,25,export_declarations
vega,c29e8fe4ba436df02656e96cdbb79439c1948abe,608,export_declarations
svg.js,7547a6a45818bcfefd545da4697196b81bd8da5b,87,default_parameters
etherpad-lite,53fd0b4f98bacbd075c4b8a1315d45dc3769c727,222,async_declarations
video.js,e85c1c039153f4d031b602fa8dc6d4aa2130427f,370,const_declarations
ember.js,3f5584ef45e4e3998ed4e2aa30fe40036471a0db,316,const_declarations
nock,ec40702228dea31ae181e205ea2bef83fadb3d37,626,const_declarations
etherpad-lite,4a65c2c8ff6036222a2b2c48e5161c82c199e8c9,49,default_parameters
meteor,7cd4947780162b8cc4d6f4713c005c9533eb5a1e,643,async_declarations
meteor,74b5f7bcea4e742aee436e7ae9a511c0e18a9d01,25,export_declarations
ember.js,ed63f4710dd760b961ee25a74e1505a08eec77fa,109,const_declarations
vega,2338db7c286c7d809a543de8c2d878010bb5580d,608,export_declarations
compromise,20deeb6eafbbef760aa4e03a3d9e97628377a746,119,async_declarations
etherpad-lite,411b278881e0511209dc43f0eebcac01da8a35f8,429,await_declarations
shields,bedba47d777cb3b27467fa8b020ac4c5a0105fdd,403,async_declarations
etherpad-lite,efdcaae5269450ef49fdd6efb6fce9cc5fee2a6f,998,await_declarations
johnny-five,48f367d3382da0a47a81ab32a7c386d892faaf2a,161,const_declarations
nightwatch,97ffcfff9e0ec561baad5ccb378c0d8397dd3cc9,523,let_declarations
vega,dd98e06e92f6aceff99b2fe18e5dfd5985ad96c7,625,export_declarations
meteor,dd5ea2b9500250afc238eff0af27922044c61536,543,async_declarations
ember.js,f3eec4490ea0ec88ed71da42af5784c19f067720,413,const_declarations
p5.js,3437781687bfdd5c6807db4c68ea78035937214f,81,await_declarations
vue-router,45f72f991662e7beed982250be98170eb8544a2e,127,const_declarations
meteor,71049fd7d5310f8fe2bd71f3e63df02850026b94,26,export_declarations
ember.js,3f5584ef45e4e3998ed4e2aa30fe40036471a0db,2916,async_declarations
meteor,71049fd7d5310f8fe2bd71f3e63df02850026b94,46,let_declarations
meteor,6a525fbea7d0b8ab527ad1ae6af7c9f1e0289b5c,119,async_declarations
svg.js,a7538a62602177107f99e371a4bf3dd450c32d18,36,object_destructuring
ember.js,c30bad535e2014a41fead7c9d60bf7864148cee1,97,const_declarations
etherpad-lite,6cca27dea6a98acf7b487c52df3e8f6821d39ac7,31,array_destructuring
vega,ee83221c40148da679953bef0f13435052c6a195,589,export_declarations
vega,4bd477cacb7e38f5e3e3560181d852fd2889ddd9,622,export_declarations
meteor,7cd4947780162b8cc4d6f4713c005c9533eb5a1e,54,object_destructuring
vega,3560b8f521f91c2d9ea62c450b67b04f5c4ce930,796,import_statements
pouchdb,afcd964ad1d7e723487a345b042c2ce2306dfe06,38,const_declarations
ember.js,52792ff38c14d1a7677e61f2bd45f2607b77e1d2,450,let_declarations
meteor,86b82169d03aa156c42110c8ff8c441c2e8e0313,212,let_declarations
ember.js,04b04f3c9415a09d760c27ed8664047bba48dcf2,20,rest_statements
ember.js,04b04f3c9415a09d760c27ed8664047bba48dcf2,2580,async_declarations
reveal.js,d378ab2e63aca8f3bec19022714214a5455ffcdc,27,async_declarations
reaction,7aa79e0f192cc9ad4e851fd784ff1e543d645d9e,59,async_declarations
meteor,0cbd25111d1249a61ca7adce23fad5215408c821,88,export_declarations
vega,a8d6e4a45f0d2dd18188c9630d49a6bc99205301,770,import_statements
highlight.js,1c44b448816fdf7fb00ca4e84e5f9325538b7f7f,46,let_declarations
ember.js,75876e5a1c20c9b20e0feca9038d71d3baeb0e48,97,const_declarations
johnny-five,6dd0a63cdd988c7609486d56c75759ee1043876a,2213,const_declarations
bootstrap-table,0bd4253b8f88af36f5f280e749118207cd345b0a,45,rest_statements
johnny-five,c81033f4795838c7132114cfe9d0a8993c39ab5f,2224,const_declarations
mocha,273dbbbf4c21debded604c2094591bdbcbed7705,40,async_declarations
ember.js,1f4a3bc432ecc888290667fb582b18592794aa69,3913,let_declarations
ember.js,580162618fd7bb5684eaaa1fdd8e78654afbe8ce,450,let_declarations
meteor,36ee2155d4135894c9e66150f52740371bfd3ab4,353,const_declarations
jsdom,d302d25b51ef5cbd76b5750a9af4c82287f34934,1206,const_declarations
ember.js,1f4a3bc432ecc888290667fb582b18592794aa69,2578,async_declarations
jsdom,4c1b72319d85800887a0d5b9139c2685422983c1,468,object_destructuring
ember.js,59cb8d07d70f9a530bf73c44eea9ba83348b137a,92,let_declarations
nightwatch,ba5d0aad07dc228ed75a7491f4dc6aee8d0794ab,150,async_declarations
ember.js,884c93bfafbb5e46756903d699d6849cfe556cc1,1097,async_declarations
riot,378d3358baef00e8266aac897b018fac593303eb,59,export_declarations
vega,81ff01391b2b7556c46b384dbcb97f4dc02d4ec1,622,export_declarations
meteor,8ccbe3baa040eb6b41592d23739d2d099d1c7fd1,47,default_parameters
ember.js,47467a5848514e61d380cbefac5077c180f18125,3555,let_declarations
shepherd,89e83e94ada08bfdc61213491159815c1a918196,257,arrow_function_declarations
novnc,b475eed5fae5e7e1cdc80ae78604680b914d2a6e,34,const_declarations
etherpad-lite,29179e512f7fa41b64a4de555b427c7b507997d4,998,await_declarations
vega,f9299ca1dacef50671e7b03638a36149a221ad80,30,async_declarations
etherpad-lite,c816c20bc7fd1a9d165476c1a563b13db7371767,1435,async_declarations
nock,83d0640365789fdfbd268fad09c764aa4e3d4d5d,98,await_declarations
samples,2f72cc75b5ba11f8dd1f38cd02cf68dfed5f1b62,20,async_declarations
etherpad-lite,1ad134a53867345c91afbb326965bd25e327d298,102,promise_declarations
jasmine,c7ca3b0101a1435d0553d06b22073a7437a41297,226,async_declarations
sharp,34a2e14a144b8768f326751a88c81c0e2d19c59b,37,async_declarations
winston,24300e2dd20fb34f694b673ba31246394148380b,363,arrow_function_declarations
bootstrap-table,c9ad0dd1fe906fca672bdcc2e7144face6c3a8fb,106,async_declarations
reaction,2154a629bf9aadf9b027da398c905f0878a297e0,947,async_declarations
inquirer.js,97b82375b3918cd2aea89124570133fe0681d9d5,26,object_destructuring
meteor,f96ab94f7ce8494e13122ea4817a2b5dc9f4783e,57,let_declarations
fabric.js,a3631b65f11a9d6e5dd9bb7ef820238b71392df7,66,await_declarations
meteor,b2cb10ef202e397aa9332542a6e096ce0abba31b,208,async_declarations
shields,0c703c11b5c132a82a9ee14ae5d752e55545c887,193,async_declarations
hexo,2cdecbfdec9ec3c23226b88445de74c08aff44ae,746,await_declarations
meteor,74b5f7bcea4e742aee436e7ae9a511c0e18a9d01,189,async_declarations
jsdom,56dddf069cb9b32620a58daa1d62973eb9669c43,239,async_declarations
johnny-five,232e4f5f2ac5b0e7d6ced583563fcf8b688d7fb6,2213,const_declarations
ungit,3406ded1bc8a7145b9299f8ec4baf1e46ad2891e,253,const_declarations
hexo,2cdecbfdec9ec3c23226b88445de74c08aff44ae,335,async_declarations
ember.js,7458fd2b083a6aba4209f4da146a8150da324955,91,export_declarations
commander.js,7ab5fbfa7fbbdb816959d2a786761cea45a721ae,370,arrow_function_declarations
jspdf,30880b41475c587dc3a0182f980883395ea638e7,29,async_declarations
etherpad-lite,0040f5984e4052e7b8cd2b503b9f14b72be1fa29,31,array_destructuring
ember.js,f693865338abe24194f586a2bcb929821d172bd9,87,export_declarations
meteor,8ccbe3baa040eb6b41592d23739d2d099d1c7fd1,36,spread_arguments
johnny-five,6fe5c2c3482322a57a410054beafaca0920b0737,254,object_destructuring
vega,f8aee5ccb82f1890607101452e5ee117420cecac,544,export_declarations
etherpad-lite,ce4ce8ce9511c557d7916b45103194c9edc69b8b,1251,await_declarations
svg.js,a7538a62602177107f99e371a4bf3dd450c32d18,179,const_declarations
meteor,36ee2155d4135894c9e66150f52740371bfd3ab4,63,let_declarations
highlight.js,c3d93a077b258d0624f78496ac8f11e3af4b296a,41,let_declarations
meteor,a5f1a7e44d9e9af82a5e9d3f32aaaa79932363b5,40,let_declarations
ember.js,54a3361e65452c5546b0ddb36fda6e671902bbf0,335,const_declarations
reaction,2154a629bf9aadf9b027da398c905f0878a297e0,811,object_destructuring
p5.js,d2e5f9ffb2cc7ba2162e41a1d8698ca89e43ac9b,1430,const_declarations
vega,6c01e5a0430d657f216a34982f0d1f5bb1d8c223,603,export_declarations
meteor,dd5ea2b9500250afc238eff0af27922044c61536,42,default_parameters
meteor,7cd4947780162b8cc4d6f4713c005c9533eb5a1e,31,await_declarations
ember.js,c3941ac918915d9a975768fa1b134f012a682f42,52,export_declarations
jasmine,55dce7d119823e569b6bb044bd5ab2500357f43e,2751,const_declarations
reveal.js,ffac5fe696db37611e14c6fde6fcaa1860a17baf,76,async_declarations
etherpad-lite,4716975c3740f5712501bc9aa8d440375f468d85,31,array_destructuring
ember.js,24a32b14d25c2d2b6dcf845fc22bc450f4e14ae1,1560,async_declarations
jasmine,bbb1b69b2e9def375e73c6eb397f8ad148a7c62b,101,async_declarations
ember.js,f3eec4490ea0ec88ed71da42af5784c19f067720,24,rest_statements
vega,401d102eb5cee49bcd33225605e82d93139f0521,605,export_declarations
meteor,ca369a4248a7aea11e0ffc8ee2bd416a828cac9d,63,let_declarations
jasmine,1166d10e4383c2462522fe272202ecedfdb31b18,2203,const_declarations
ember.js,884c93bfafbb5e46756903d699d6849cfe556cc1,1487,let_declarations
meteor,a5f1a7e44d9e9af82a5e9d3f32aaaa79932363b5,270,const_declarations
meteor,8ccbe3baa040eb6b41592d23739d2d099d1c7fd1,53,object_destructuring
ember.js,4e052ff3816894f24bc8a53ade11784eb6e62558,298,let_declarations
meteor,86b82169d03aa156c42110c8ff8c441c2e8e0313,22,await_declarations
ember.js,eb1035283d7f83f32b433d813e570bbb93e88c83,94,const_declarations
ember.js,f4b2723029d8d8ff40e962e5fdd8aa8f75a231c3,665,async_declarations
pouchdb,09ac8844b2f6c2ce053519311373a68a281c1ea3,127,promise_all_and_then
ember.js,6fea589c7e24f54fc9690e940d280a0d7ece6293,259,async_declarations
vega,2592f03ac5c9505b6c6f64931c6e7f699f7eb2d7,605,export_declarations
ember.js,5c7b94648c80965f07ac56fc33579d7d6d99d49e,52,export_declarations
etherpad-lite,1ad134a53867345c91afbb326965bd25e327d298,1681,await_declarations
meteor,8ccbe3baa040eb6b41592d23739d2d099d1c7fd1,473,import_statements
mocha,b3eb2a68d345aa9ce5791dddfea41a13be743b78,40,await_declarations
etherpad-lite,29179e512f7fa41b64a4de555b427c7b507997d4,756,async_declarations
meteor,dd5ea2b9500250afc238eff0af27922044c61536,235,let_declarations
vega,46e8b373e4adad11c2ce714eb9ccdfaade5411c2,851,import_statements
vega,13e537ca8300d319f6e4b065d43d8c73aca59ae6,621,export_declarations
pouchdb,73e0199cd1116352cc714266a4490d1f121f268a,29,await_declarations
etherpad-lite,c07bfe10bd5488e6cd1a41d36f32d8dfcf7131e3,1002,async_declarations
meteor,8ccbe3baa040eb6b41592d23739d2d099d1c7fd1,31,await_declarations
etherpad-lite,877f0c5883a33c9e513e81fc56d2fa6c3ed66c9e,1003,await_declarations
ember.js,7802351d0528e246e22d1b0dd835441ab3513140,1291,async_declarations
pouchdb,b8655f20bd7da855567a2a64b879702ead5c9f94,65,promise_all_and_then
riot,e4961358793a266827ec687029922c7dcfb27445,175,const_declarations
ember.js,c30bad535e2014a41fead7c9d60bf7864148cee1,25,default_parameters
video.js,3479a545aa19a302da895b060992411d93bb9cf4,41,export_declarations
ember.js,54a3361e65452c5546b0ddb36fda6e671902bbf0,20,rest_statements
vega,b4e368d83aa2302c4ca4f5776c6543896a9584bf,594,export_declarations
pouchdb,2eca392bfae8c76bfb8d25b75414e5b47381a653,29,await_declarations
highlight.js,58d911325a2157f6f31c741cd9b24630bf9275c9,26,async_declarations
meteor,7cd4947780162b8cc4d6f4713c005c9533eb5a1e,47,default_parameters
reaction,a4d0af04f666298ca1c4ed4277126d9f188404ca,73,async_declarations
meteor,8ccbe3baa040eb6b41592d23739d2d099d1c7fd1,231,export_declarations
vega,733a5084b5d4540b0db90154d0c69b5b6fdf6c51,329,export_declarations
meteor,6a525fbea7d0b8ab527ad1ae6af7c9f1e0289b5c,170,const_declarations
ungit,9f70170f6ff6e663d093d91633797f4a00b037d2,234,async_declarations
etherpad-lite,c816c20bc7fd1a9d165476c1a563b13db7371767,25,spread_arguments
etherpad-lite,4a65c2c8ff6036222a2b2c48e5161c82c199e8c9,36,spread_arguments
vega,3560b8f521f91c2d9ea62c450b67b04f5c4ce930,538,export_declarations
meteor,86b82169d03aa156c42110c8ff8c441c2e8e0313,172,export_declarations
jquery,99e8ff1baa7ae341e94bb89c3e84570c7c3ad9ea,56,async_declarations
ember.js,c30bad535e2014a41fead7c9d60bf7864148cee1,218,spread_arguments
meteor,dd5ea2b9500250afc238eff0af27922044c61536,65,class_declarations
etherpad-lite,1ad134a53867345c91afbb326965bd25e327d298,4906,const_declarations
jsdom,a55d98e7d418c5550ed2df14d7aca67b918364d5,237,async_declarations
vega,a27fc3bf75347ca32d4ed46936044983ef972b35,781,import_statements
samples,09e76eb469e78b6461cf9b174c1f6d0fbfca328a,20,async_declarations
swiper,5235450c6936446e178f970e13eaf88d65c8cfd1,606,const_declarations
ember.js,a8f45875269f455291deae68eaa6958950a4d034,87,export_declarations
meteor,e241a6cc646ce03d7255d5f370dca0c2539eeb95,1941,const_declarations
johnny-five,6fe5c2c3482322a57a410054beafaca0920b0737,803,const_declarations
nock,07e993e6c8a20a34bcb7513d7ff61ca5fa93f539,725,const_declarations
nightwatch,9f32a7da4c6a53f0f5590096e27f2c10efd26d54,463,async_declarations
etherpad-lite,411b278881e0511209dc43f0eebcac01da8a35f8,371,const_declarations
mocha,b3eb2a68d345aa9ce5791dddfea41a13be743b78,83,async_declarations
etherpad-lite,6011ef426f1207b0adcc909172e9ba679033e679,318,const_declarations
meteor,86b82169d03aa156c42110c8ff8c441c2e8e0313,37,default_parameters
mathjs,e811a0af9d38c2922351b2db71898ecd36cdcff1,57,async_declarations
ember.js,47467a5848514e61d380cbefac5077c180f18125,862,async_declarations
meteor,b2cb10ef202e397aa9332542a6e096ce0abba31b,353,const_declarations
johnny-five,efcaabc8c0894e896460714af1086b0a3e1d050c,3777,arrow_function_declarations
ember.js,4d576b099a1a582c591a7e03ad3cadec7662ecb2,407,const_declarations
karma,c097ecfecac2b4a2f7998e7b27c5beb99a88fc3b,738,const_declarations
ember.js,f4b2723029d8d8ff40e962e5fdd8aa8f75a231c3,22,const_declarations
meteor,e241a6cc646ce03d7255d5f370dca0c2539eeb95,290,export_declarations
jasmine,55dce7d119823e569b6bb044bd5ab2500357f43e,199,await_declarations
hapi,c4a992bbaf6b3f3bd33bf9f7dfe7a8aa77b17e73,1203,await_declarations
meteor,86b82169d03aa156c42110c8ff8c441c2e8e0313,34,object_destructuring
etherpad-lite,37bb297e76a3da6939941fcdd143dac9c06f333e,28,rest_statements
ember.js,dedb9683fa97dfbb0ec28f71f99fea9ffbfce92e,1884,import_statements
nightwatch,2dfb492f7f40d38c3a27a39aebcb4c604ccaf85e,523,let_declarations
reveal.js,ffac5fe696db37611e14c6fde6fcaa1860a17baf,73,const_declarations
mathjs,6265578e1fd0f9f11e741a41b75042290a605e65,58,async_declarations
ember.js,248bf107f1a7797052982b186e2f752be2cbfdcd,774,let_declarations
vega,bc0604cd77a19966867cae4945f88bea053b9fee,538,export_declarations
ember.js,47467a5848514e61d380cbefac5077c180f18125,97,const_declarations
reaction,767d636c5dfb2c529b1c95ec4e055f5a1e479a66,248,async_declarations
codemirror5,14639ccc69a7fe34ce275d3578b7149763edf5c4,1727,arrow_function_declarations
meteor,b2cb10ef202e397aa9332542a6e096ce0abba31b,63,let_declarations
jsdom,c854cc41f995b8eda859b23ad43e232e3b0e88e4,468,object_destructuring
etherpad-lite,efdcaae5269450ef49fdd6efb6fce9cc5fee2a6f,756,async_declarations
etherpad-lite,1ad134a53867345c91afbb326965bd25e327d298,820,let_declarations
vue-router,45f72f991662e7beed982250be98170eb8544a2e,90,arrow_function_declarations
ember.js,47467a5848514e61d380cbefac5077c180f18125,218,spread_arguments
ember.js,67081fae8121d48e2c42e8e47e2c3bb5cec3c6d3,1311,async_declarations
etherpad-lite,ce4ce8ce9511c557d7916b45103194c9edc69b8b,4821,const_declarations
johnny-five,c8e9ba55dd96ff0ac9f4d319cfc3cb9c307e0ab0,2194,const_declarations
etherpad-lite,62345ac8f7c733454fc051c0905cdf2d8dc0cb82,201,await_declarations
etherpad-lite,ab5934cbdae00440759edc81077e35966f0867d2,362,const_declarations
meteor,8ccbe3baa040eb6b41592d23739d2d099d1c7fd1,650,async_declarations
mocha,63eb80bd4907ac87b5cbde054ad8e6112fdcb939,40,async_declarations
etherpad-lite,c56973ce74f997c4693fce70dd0aaafcf212d56c,279,async_declarations
highlight.js,6c20b9bcf73114a40f9e42b7c961e208387a7d1c,21,async_declarations
johnny-five,83f8ea703f4399a4f220b04d9dcdd8afa22820c3,3777,arrow_function_declarations
etherpad-lite,4a65c2c8ff6036222a2b2c48e5161c82c199e8c9,28,rest_statements
jquery,e61fccb9d736235b4b011f89cba6866bc0b8997d,66,async_declarations
meteor,36ee2155d4135894c9e66150f52740371bfd3ab4,208,async_declarations
etherpad-lite,0040f5984e4052e7b8cd2b503b9f14b72be1fa29,60,default_parameters
meteor,dd5ea2b9500250afc238eff0af27922044c61536,34,spread_arguments
reaction,6535c51b30819b250ab25e84ddded615c10296a8,243,async_declarations
bootstrap-table,c9ad0dd1fe906fca672bdcc2e7144face6c3a8fb,511,const_declarations
meteor,a5f1a7e44d9e9af82a5e9d3f32aaaa79932363b5,189,async_declarations
ember.js,8adb04cb668742b45b3b02a9eac96ebd9cc4a8d8,460,let_declarations
jquery,e488d985cfb10ab8c684bbc6a9b8ff3eae23bf83,23,async_declarations
jsdom,c13a7927536804ce70591ebca0108c65509da3ba,25,promise_declarations
bootstrap-table,c9ad0dd1fe906fca672bdcc2e7144face6c3a8fb,125,let_declarations
jsdom,798b81f8208b1fc6ec42341566b7d843d88ac4ba,237,async_declarations
ember.js,f693865338abe24194f586a2bcb929821d172bd9,4182,let_declarations
svgo,5314c12c99a687209114bab386cb1f8019b1bfe7,239,const_declarations
meteor,dd5ea2b9500250afc238eff0af27922044c61536,58,rest_statements
meteor,dd5ea2b9500250afc238eff0af27922044c61536,1386,const_declarations
reaction,2154a629bf9aadf9b027da398c905f0878a297e0,1277,await_declarations
ember.js,c30bad535e2014a41fead7c9d60bf7864148cee1,3555,let_declarations
ember.js,aa12b52453028fa89559720408ad42fd2d2cbe51,457,async_declarations
ember.js,ed63f4710dd760b961ee25a74e1505a08eec77fa,40,default_parameters
etherpad-lite,02757079c0c2d19a612b61a11a054a86faa66ab4,356,const_declarations
pouchdb,1b59a7b9b11037b51c132165cf46a977b5506230,65,promise_all_and_then
shepherd,89e83e94ada08bfdc61213491159815c1a918196,143,const_declarations
ember.js,7802351d0528e246e22d1b0dd835441ab3513140,87,export_declarations
bootstrap-table,bdad3af9906c2eb0232606107d0df9cf22a87186,22,rest_statements
nw.js,efb396e87e2384e8c97ea0e736c4b680ee053ef6,29,const_declarations
meteor,dd5ea2b9500250afc238eff0af27922044c61536,23,await_declarations
ember.js,48e1529229c9041d7044c54268151c342598c3d4,3729,let_declarations
ember.js,897ba436728dc71381e300d69237b8b9a32a758e,95,const_declarations
ember.js,4d576b099a1a582c591a7e03ad3cadec7662ecb2,3486,async_declarations
sharp,83fe65b9e9b44abf61f0392dad20cc805a67d2da,36,async_declarations
pouchdb,57f2c262a8b5e3e1e724d2bc6077675bce2443de,32,promise_declarations
novnc,a9c2ff30b636cf5bb0c5f183302646a5b6ec8481,687,let_declarations
ember.js,1f4a3bc432ecc888290667fb582b18592794aa69,314,const_declarations
meteor,4f79c60acd1f477496c8d0595c19f4e528b4a92b,370,const_declarations
hexo,93bc277c61857172637deb7f84ead31e017a6aab,248,await_declarations
webtorrent,4a177d737a123aec2362b8be6c75a6dbabb991ec,22,async_declarations
ember.js,e29a526b3c3a785b2830df2b55679667e9f0f24e,119,export_declarations
etherpad-lite,4a65c2c8ff6036222a2b2c48e5161c82c199e8c9,98,object_destructuring
pouchdb,d8f80d659a0e6507d5ba0ad4da92f8b3d3b72fc5,8921,arrow_function_declarations
ember.js,884c93bfafbb5e46756903d699d6849cfe556cc1,269,spread_arguments
video.js,2e689f85e58f28c5c80a5c689e46163dff061931,959,arrow_function_declarations
ember.js,4709935854d4c29b0d2c054614d53fa2c55309b1,2414,async_declarations
ember.js,e29a526b3c3a785b2830df2b55679667e9f0f24e,3631,async_declarations
p5.js,a7a2073d1a5c5d8f1a4ac7549a3a6b588a6d2e24,81,await_declarations
pouchdb,d5f4250a3539b62c430203441bcb02fa41e00ae2,22,await_declarations
meteor,f7b2735d2320eecafe478f3e4dd77ccaab848194,215,async_declarations
jasmine,c7ca3b0101a1435d0553d06b22073a7437a41297,197,await_declarations
riot,095a3a4ad0b58c72b599137a142acb561398bb38,32,export_declarations
ember.js,49787ed3e5b66fd298ac1f9575b7913127cd5f4e,43,object_destructuring
meteor,c4504ba1f30f38733ef557598d5bc8d3132d76b2,82,await_declarations
jasmine,fe29dfa89c7f9d2b44ca8bcbf4ad6694c8a848fb,94,async_declarations
etherpad-lite,02757079c0c2d19a612b61a11a054a86faa66ab4,401,await_declarations
highlight.js,08c21ad407f0760072692f3ed3496dcbfa796096,882,arrow_function_declarations
etherpad-lite,877f0c5883a33c9e513e81fc56d2fa6c3ed66c9e,755,async_declarations
ember.js,e29a526b3c3a785b2830df2b55679667e9f0f24e,70,object_destructuring
mocha,63eb80bd4907ac87b5cbde054ad8e6112fdcb939,72,let_declarations
ember.js,3666ea2e3bb47bd9dc610a4f3a9c4058afe65eb2,45,object_destructuring
vega,38d68d2dc2d11e434e18f71bf69c6cd742bc7377,622,export_declarations
meteor,81c4a7ce665770160c1e69b4fb004d1119dd8ebc,65,let_declarations
ember.js,67081fae8121d48e2c42e8e47e2c3bb5cec3c6d3,87,export_declarations
video.js,3479a545aa19a302da895b060992411d93bb9cf4,117,const_declarations
meteor,86b82169d03aa156c42110c8ff8c441c2e8e0313,380,async_declarations
reaction,f880e7b9d3f1f0b2d436f282483a918ac0f8ef0f,103,async_declarations
meteor,e241a6cc646ce03d7255d5f370dca0c2539eeb95,61,object_destructuring
mocha,63eb80bd4907ac87b5cbde054ad8e6112fdcb939,277,const_declarations
ember.js,7458fd2b083a6aba4209f4da146a8150da324955,40,default_parameters
reaction,8fa43772b43b496522f4e22ce457756c20ba2b5e,73,async_declarations
etherpad-lite,304318b6187b0451af0ee5d2bf2935b525a644ad,313,async_declarations
riot,095a3a4ad0b58c72b599137a142acb561398bb38,420,const_declarations
ember.js,67081fae8121d48e2c42e8e47e2c3bb5cec3c6d3,4224,let_declarations
etherpad-lite,37bb297e76a3da6939941fcdd143dac9c06f333e,1762,async_declarations
pouchdb,4974b64a67723fc8ec2d471c0590502dfe104760,107,const_declarations
meteor,81c4a7ce665770160c1e69b4fb004d1119dd8ebc,208,async_declarations
meteor,dd5ea2b9500250afc238eff0af27922044c61536,406,import_statements
handlebars.js,d03b6ecfc44e350fd08df752a9551d824287d7f5,35,async_declarations
highlight.js,1c44b448816fdf7fb00ca4e84e5f9325538b7f7f,1287,const_declarations
nock,c581fbc826db87728997d187f78d30d88cf6d72b,1235,arrow_function_declarations
chrome-extensions-samples,70b361f14f0561d4edeb97dc68413a7647f6cf3b,26,async_declarations
ember.js,f4b2723029d8d8ff40e962e5fdd8aa8f75a231c3,177,spread_arguments
vega,46e8b373e4adad11c2ce714eb9ccdfaade5411c2,594,export_declarations
meteor,86b82169d03aa156c42110c8ff8c441c2e8e0313,1196,const_declarations
highlight.js,5d4867188ef8ecbefe0a731959965c12263008d2,1287,const_declarations
meteor,86eedd4bc64d1025feca9c74408eea81c6eb787b,21,await_declarations
bootstrap-table,0bd4253b8f88af36f5f280e749118207cd345b0a,511,const_declarations
etherpad-lite,c816c20bc7fd1a9d165476c1a563b13db7371767,87,object_destructuring
etherpad-lite,ab5934cbdae00440759edc81077e35966f0867d2,254,async_declarations
etherpad-lite,ce4ce8ce9511c557d7916b45103194c9edc69b8b,51,object_destructuring
ember.js,c1e71f9c32d9e8e79a1e34493e1ef860dde3ca91,111,const_declarations
inquirer.js,c4a3c2301a77b2b72c207e9d75b1061a35a1d88d,575,const_declarations
meteor,dd5ea2b9500250afc238eff0af27922044c61536,47,object_destructuring
meteor,7cd4947780162b8cc4d6f4713c005c9533eb5a1e,1575,const_declarations
ember.js,5c4df8c76fce261a3f1ab688395670f3b73801b6,314,const_declarations
ember.js,2f3314ba83a740118487d980780f696314e2d967,79,export_declarations
meteor,ad9652d2eaee32b7d8d9a10940b9a82ef1143d35,155,async_declarations
meteor,0cbd25111d1249a61ca7adce23fad5215408c821,109,let_declarations
etherpad-lite,c07bfe10bd5488e6cd1a41d36f32d8dfcf7131e3,779,let_declarations
etherpad-lite,fba0bb6dff9fe7e0bee904c551a0c7ea586df075,23,array_destructuring
ember.js,3dc116fbc5511b95a2341cbaddd65b04981f3e2f,887,async_declarations
vega,13ef1a3e2b4c80cb993c3de030aed61299bb50e5,804,import_statements
vega,d34604c41769055d09adcb6e85d7200969e35c53,603,export_declarations
meteor,ca369a4248a7aea11e0ffc8ee2bd416a828cac9d,353,const_declarations
meteor,e241a6cc646ce03d7255d5f370dca0c2539eeb95,43,await_declarations
vega,a8d6e4a45f0d2dd18188c9630d49a6bc99205301,526,export_declarations
reaction,5f38fe15037d05c58f6b77b81a21d323030022bb,114,async_declarations
riot,e4961358793a266827ec687029922c7dcfb27445,26,export_declarations
meteor,7cd4947780162b8cc4d6f4713c005c9533eb5a1e,231,export_declarations
shields,bedba47d777cb3b27467fa8b020ac4c5a0105fdd,2426,const_declarations
etherpad-lite,c07bfe10bd5488e6cd1a41d36f32d8dfcf7131e3,4720,arrow_function_declarations
etherpad-lite,1d8e8d3484e1edf532e0c34edbfc9cc173dfee04,617,await_declarations
pouchdb,5a52f2cef7ef2276bf9435d3aec1fc7fccc90a78,38,const_declarations
ember.js,e29a526b3c3a785b2830df2b55679667e9f0f24e,1619,import_statements
mocha,fdad1dc29f619f3296dc63afeecdc265627cbdbf,1236,arrow_function_declarations
meteor,c4504ba1f30f38733ef557598d5bc8d3132d76b2,711,let_declarations
ember.js,54a3361e65452c5546b0ddb36fda6e671902bbf0,2932,async_declarations
ember.js,fcde1c918a86ccebf7d9b88a0b428cab3489ff82,379,const_declarations
hexo,61538c10208e220b2f01d7fee21c4bfe92a84c44,30,async_declarations
