project,date,revision,files,async-declarations,await-declarations,const-declarations,class-declarations,arrow-function-declarations,let-declarations,export-declarations,yield-declarations,import-statements,promise-declarations,promise-all-and-then,default-parameters,rest-statements,spread-arguments,array-destructuring,object-destructuring,errors,statements
autoprefixer,14-03-2013,58700db9ef04b31fd9cc7085c90fe1f5e5831a87,3,0,0,0,0,0,0,0,0,0,0,0,0,0,0,0,0,0,3,
autoprefixer,31-03-2013,81bbbd49cac0c10a44f4ad4063869f2a3aad7724,3,0,0,0,0,0,0,0,0,0,0,0,0,0,0,0,0,0,3,
autoprefixer,09-04-2013,c7167bf24824c66e9b2f9d3be319246dd6943653,2,0,0,0,0,0,0,0,0,0,0,0,0,0,0,0,0,0,2,
autoprefixer,19-04-2013,5f1dcbdfda3703f8eb7793fe63eb0b5b0e1dd97b,2,0,0,0,0,0,0,0,0,0,0,0,0,0,0,0,0,0,2,
autoprefixer,27-04-2013,a517be6b2c839b36e0b0f67f3c40ae560a9c76bb,3,0,0,0,0,0,0,0,0,0,0,0,0,0,0,0,0,0,3,
autoprefixer,07-05-2013,3c98f162e2337fac038aece8263a1da41c1fb979,3,0,0,0,0,9,0,0,0,0,0,0,0,0,0,0,0,0,84,
autoprefixer,15-05-2013,b6fece86bbe37646ed9db7efdb9626f77906f42f,3,0,0,0,0,14,0,0,0,0,0,0,0,0,0,0,0,0,189,
autoprefixer,27-05-2013,c66d73f4c834f9773ea611d15fb561c7157da8d9,3,0,0,0,0,14,0,0,0,0,0,0,0,0,0,0,0,0,189,
autoprefixer,03-06-2013,9c98084c498a2290a53aeeeb908fc79bc038ace6,3,0,0,0,0,14,0,0,0,0,0,0,0,0,0,0,0,0,189,
autoprefixer,14-06-2013,7cecd13698fe3ca7edb478c049b233bab12f2201,0,0,0,0,0,0,0,0,0,0,0,0,0,0,0,0,0,0,0,
autoprefixer,22-06-2013,cf9965febbb0d1e43436d5827782fb9fc4388e8b,0,0,0,0,0,0,0,0,0,0,0,0,0,0,0,0,0,0,0,
autoprefixer,29-06-2013,3c92522f4336d05670e41fb0e3978057428e4589,0,0,0,0,0,0,0,0,0,0,0,0,0,0,0,0,0,0,0,
autoprefixer,06-07-2013,9ae6df90c953070de12ec48943375147165e28d1,0,0,0,0,0,0,0,0,0,0,0,0,0,0,0,0,0,0,0,
autoprefixer,15-07-2013,df29a15eb10305f315cb036db83232c3783c723a,0,0,0,0,0,0,0,0,0,0,0,0,0,0,0,0,0,0,0,
autoprefixer,23-07-2013,b7246b58ac679e985e6317591d490933f4b6253e,0,0,0,0,0,0,0,0,0,0,0,0,0,0,0,0,0,0,0,
autoprefixer,31-07-2013,763664bb82a808b21bab710eb6956dfff0285cbb,0,0,0,0,0,0,0,0,0,0,0,0,0,0,0,0,0,0,0,
autoprefixer,08-08-2013,085bc09d17f83287bfc53f700d8a9e3a9f9576ee,0,0,0,0,0,0,0,0,0,0,0,0,0,0,0,0,0,0,0,
autoprefixer,16-08-2013,baea0bf56f60233f2981870478ce7fb5e22560ef,0,0,0,0,0,0,0,0,0,0,0,0,0,0,0,0,0,0,0,
autoprefixer,29-08-2013,e9d15460715dff296a35172e4072af820b464bc2,0,0,0,0,0,0,0,0,0,0,0,0,0,0,0,0,0,0,0,
autoprefixer,06-09-2013,76b9d827d48f9a8d5571a3829065e55df6f79cb4,0,0,0,0,0,0,0,0,0,0,0,0,0,0,0,0,0,0,0,
autoprefixer,14-09-2013,d17dc3cc3bdff53569bb67975854bf1306f57ba8,0,0,0,0,0,0,0,0,0,0,0,0,0,0,0,0,0,0,0,
autoprefixer,23-09-2013,b7bde21f0c4a3fcad342fb98db93520e67d8ac5e,0,0,0,0,0,0,0,0,0,0,0,0,0,0,0,0,0,0,0,
autoprefixer,05-10-2013,59d1b67bdabdc9c9433981c482f7f5459e0708da,0,0,0,0,0,0,0,0,0,0,0,0,0,0,0,0,0,0,0,
autoprefixer,07-10-2013,ae11d6e1dd9b80086350472fa4c5d57cfc8a72e4,0,0,0,0,0,0,0,0,0,0,0,0,0,0,0,0,0,0,0,
autoprefixer,13-10-2013,4035baf924a5ce748634058a591fdf8512bad624,0,0,0,0,0,0,0,0,0,0,0,0,0,0,0,0,0,0,0,
autoprefixer,20-10-2013,7bcafb846d787cc26b0a4a653f597c01a04eace2,0,0,0,0,0,0,0,0,0,0,0,0,0,0,0,0,0,0,0,
autoprefixer,29-10-2013,7f22bec66b2487b9a12485580b0943af6f810115,0,0,0,0,0,0,0,0,0,0,0,0,0,0,0,0,0,0,0,
autoprefixer,04-11-2013,9df243fa881044d8d92da0ad197ec6107ff38f67,0,0,0,0,0,0,0,0,0,0,0,0,0,0,0,0,0,0,0,
autoprefixer,07-11-2013,5ea72255b32296afb828834abe7892c0fae8479d,0,0,0,0,0,0,0,0,0,0,0,0,0,0,0,0,0,0,0,
autoprefixer,08-12-2013,c35b4d21e429893f78fda32a1fb8f7f797ab6ab0,0,0,0,0,0,0,0,0,0,0,0,0,0,0,0,0,0,0,0,
autoprefixer,11-12-2013,66218c15613961269228e94801e74f58e086db0b,0,0,0,0,0,0,0,0,0,0,0,0,0,0,0,0,0,0,0,
autoprefixer,15-12-2013,ffcca3a5739f8f2b77d2effb9cfa2a6a070eb279,0,0,0,0,0,0,0,0,0,0,0,0,0,0,0,0,0,0,0,
autoprefixer,19-12-2013,aa3d75e917d20c5a9c0f9f5df0cd53c1d77c53a1,0,0,0,0,0,0,0,0,0,0,0,0,0,0,0,0,0,0,0,
autoprefixer,26-12-2013,e778e39eef63954aadb51a80397efdff606a33f8,0,0,0,0,0,0,0,0,0,0,0,0,0,0,0,0,0,0,0,
autoprefixer,02-01-2014,8970ac21b43ea4b4af7d6a5613d02f24d33955d8,0,0,0,0,0,0,0,0,0,0,0,0,0,0,0,0,0,0,0,
autoprefixer,10-01-2014,b19d121da7277155910c6f2b2b263bf4da223b6d,0,0,0,0,0,0,0,0,0,0,0,0,0,0,0,0,0,0,0,
autoprefixer,20-01-2014,8373c3c42cbd94fc51b1da3e6571931108b10f9b,0,0,0,0,0,0,0,0,0,0,0,0,0,0,0,0,0,0,0,
autoprefixer,30-01-2014,31e529f29662fff77b1b5dec369631cbe028bede,0,0,0,0,0,0,0,0,0,0,0,0,0,0,0,0,0,0,0,
autoprefixer,09-02-2014,5d483056a1ac1127d79cf4f5aaa89774651baf6d,0,0,0,0,0,0,0,0,0,0,0,0,0,0,0,0,0,0,0,
autoprefixer,19-02-2014,3e912e8df754c498631bb0bc9804ad0a2bd2c3b7,0,0,0,0,0,0,0,0,0,0,0,0,0,0,0,0,0,0,0,
autoprefixer,27-02-2014,77f34c84bde424eb493423afca0a2f5da0bde056,0,0,0,0,0,0,0,0,0,0,0,0,0,0,0,0,0,0,0,
autoprefixer,06-03-2014,23be43f23ed03e1c5cc997399f0de481179de158,0,0,0,0,0,0,0,0,0,0,0,0,0,0,0,0,0,0,0,
autoprefixer,19-03-2014,ca00771b11e4eebf0cf429e7ec3efb8e0fd4beef,0,0,0,0,0,0,0,0,0,0,0,0,0,0,0,0,0,0,0,
autoprefixer,27-03-2014,1c89fbb29db9c96b363f42df81e35b1b0cc04310,0,0,0,0,0,0,0,0,0,0,0,0,0,0,0,0,0,0,0,
autoprefixer,10-04-2014,b7413b95ee27fdbf0e140885a2d262b0954ecada,0,0,0,0,0,0,0,0,0,0,0,0,0,0,0,0,0,0,0,
autoprefixer,24-04-2014,7e466784a65cbd2516a342589ebdd9322ee3c461,0,0,0,0,0,0,0,0,0,0,0,0,0,0,0,0,0,0,0,
autoprefixer,02-05-2014,cdd434aceef0ef8e582c1c0e4fc3372127cef040,0,0,0,0,0,0,0,0,0,0,0,0,0,0,0,0,0,0,0,
autoprefixer,12-05-2014,4b387126d8f62ec32ee31e20161414d442e578c2,0,0,0,0,0,0,0,0,0,0,0,0,0,0,0,0,0,0,0,
autoprefixer,23-05-2014,e6e38b2d1e840c6ea033ab3a4914c9b940008ad0,0,0,0,0,0,0,0,0,0,0,0,0,0,0,0,0,0,0,0,
autoprefixer,02-06-2014,43b7f5bc87f5b43aa8ac63c047f874eec73bf47b,0,0,0,0,0,0,0,0,0,0,0,0,0,0,0,0,0,0,0,
autoprefixer,10-06-2014,3f6cc5b830230cb43b27547bf1d524474e21a650,0,0,0,0,0,0,0,0,0,0,0,0,0,0,0,0,0,0,0,
autoprefixer,18-06-2014,5a8d6788cd6bb5d4c59d55ab8d86cd00e6ac0651,1,0,0,0,0,0,0,0,0,0,0,0,0,0,0,0,0,0,2,
autoprefixer,26-06-2014,67adcf9c3a5f3c726a1eaa1a5e754d3cb612c9e8,1,0,0,0,0,0,0,0,0,0,0,0,0,0,0,0,0,0,2,
autoprefixer,04-07-2014,31208b1eabf852ad5a56363a1675a40df0c027cb,1,0,0,0,0,0,0,0,0,0,0,0,0,0,0,0,0,0,2,
autoprefixer,16-07-2014,1b05ed47554958fe083095b954d725750f326dac,1,0,0,0,0,0,0,0,0,0,0,0,0,0,0,0,0,0,2,
autoprefixer,29-07-2014,4917f333a14b41ac9794f31b1c9617457bcf9bcf,1,0,0,0,0,0,0,0,0,0,0,0,0,0,0,0,0,0,2,
autoprefixer,09-08-2014,a33d354e2c596fd68c43273bbda3dd92149555fd,1,0,0,0,0,0,0,0,0,0,0,0,0,0,0,0,0,0,2,
autoprefixer,19-08-2014,a87ec9a35a91d608b7d721b940cc68a0da66801e,0,0,0,0,0,0,0,0,0,0,0,0,0,0,0,0,0,0,0,
autoprefixer,27-08-2014,beb08ebadd1fded863db142b1e46d361a6eaddc0,2,0,0,0,0,11,0,0,0,0,0,0,0,0,0,0,0,0,52,
autoprefixer,06-09-2014,df0dfdd71dcab67ff57a4ff99c91479196642ef6,2,0,0,0,0,11,0,0,0,0,0,0,0,0,0,0,0,0,52,
autoprefixer,06-09-2014,d819966d4d72a9199e4764aee2b4ccc7e3924298,0,0,0,0,0,0,0,0,0,0,0,0,0,0,0,0,0,0,0,
autoprefixer,15-09-2014,c54d801b950becac31bb749126c8b3fe6575c77b,0,0,0,0,0,0,0,0,0,0,0,0,0,0,0,0,0,0,0,
autoprefixer,16-09-2014,ecf9993b6a145d6272a5d2c69f01133cbf3ba012,2,0,0,0,0,11,0,0,0,0,0,0,0,0,0,0,0,0,52,
autoprefixer,25-09-2014,1f16ca41d7730e51f223108e0d4aa93b8d8db3c8,0,0,0,0,0,0,0,0,0,0,0,0,0,0,0,0,0,0,0,
autoprefixer,04-10-2014,f2a97ed9d51138771bf1798ce2067c68a0445d0d,2,0,0,0,0,11,0,0,0,0,0,0,0,0,0,0,0,0,52,
autoprefixer,07-10-2014,1721f3fd48e46db2aec9d1e26326b364b30ac8c1,0,0,0,0,0,0,0,0,0,0,0,0,0,0,0,0,0,0,0,
autoprefixer,16-10-2014,0e50cbe013be739401ceaeea3eaf52a495b8e61a,2,0,0,0,0,11,0,0,0,0,0,0,0,0,0,0,0,0,52,
autoprefixer,25-10-2014,1f039ef162e11ec94d9b981197f98ad1027f6889,0,0,0,0,0,0,0,0,0,0,0,0,0,0,0,0,0,0,0,
autoprefixer,03-11-2014,448931bb575998412e674e567390fa52e5bac175,0,0,0,0,0,0,0,0,0,0,0,0,0,0,0,0,0,0,0,
autoprefixer,06-11-2014,3213019a0256721d4fc05cbce4f58483b9008ecd,2,0,0,0,0,11,0,0,0,0,0,0,0,0,0,0,0,0,52,
autoprefixer,13-11-2014,bd1f5156bb66db7c6cc9fd944533ed39b9b433f4,0,0,0,0,0,0,0,0,0,0,0,0,0,0,0,0,0,0,0,
autoprefixer,21-11-2014,32543e6cadb8e0ab07aaa9d797ddb8c008475501,2,0,0,0,0,11,0,0,0,0,0,0,0,0,0,0,0,0,51,
autoprefixer,01-12-2014,b8e3ad9d6b1a579bc2f234d789a932b18d5278fd,2,0,0,0,0,11,0,0,0,0,0,0,0,0,0,0,0,0,51,
autoprefixer,09-12-2014,5be206b73e1d156a46b10f9b7e8564f25d4fdf28,0,0,0,0,0,0,0,0,0,0,0,0,0,0,0,0,0,0,0,
autoprefixer,18-12-2014,93749cf401488d7be3f53e6ceaf8cfa9b06a613d,2,0,0,0,0,11,0,0,0,0,0,0,0,0,0,0,0,0,51,
autoprefixer,28-12-2014,38771c33e37859b360b48b9a3aabcc1f1ef10d44,0,0,0,0,0,0,0,0,0,0,0,0,0,0,0,0,0,0,0,
autoprefixer,30-12-2014,795be548c9d8dad128d663ae186aa4780e141382,2,0,0,0,0,11,0,0,0,0,0,0,0,0,0,0,0,0,51,
autoprefixer,05-01-2015,2669c27a8508eb3f9d75517f2f75cd8b071cb08b,0,0,0,0,0,0,0,0,0,0,0,0,0,0,0,0,0,0,0,
autoprefixer,13-01-2015,ea551353f1561d4075b2986fac671043504991e7,2,0,0,0,0,11,0,0,0,0,0,0,0,0,0,0,0,0,51,
autoprefixer,14-01-2015,6be6ec7510dc9b398bde9ab2dc1cd6564bbfe260,2,0,0,0,0,11,0,0,0,0,0,0,0,0,0,0,0,0,51,
autoprefixer,15-01-2015,bfdefc3e83899be2b1e996779e24366b2a353375,2,0,0,0,0,11,0,0,0,0,0,0,0,0,0,0,0,0,51,
autoprefixer,22-01-2015,c73c630b2164980e57b1db7454e474c52959e821,2,0,0,0,0,11,0,0,0,0,0,0,0,0,0,0,0,0,51,
autoprefixer,26-01-2015,30db19e85cf8076cf078edde7a17f651f4e11072,2,0,0,0,0,11,0,0,0,0,0,0,0,0,0,0,0,0,51,
autoprefixer,03-02-2015,20b341d2e10ec878bf785cf853c72e1a45c0bd7c,2,0,0,0,0,11,0,0,0,0,0,0,0,0,0,0,0,0,51,
autoprefixer,11-02-2015,7da14094b71a132fc2260fcfd5bc08554f402adf,0,0,0,0,0,0,0,0,0,0,0,0,0,0,0,0,0,0,0,
autoprefixer,19-02-2015,784f4981dd18904442adb0af311104f380dde99a,2,0,0,0,0,11,0,0,0,0,0,0,0,0,0,0,0,0,51,
autoprefixer,26-02-2015,7d57d7ea2437f85f848393e55b897bd8f6d0bbb6,0,0,0,0,0,0,0,0,0,0,0,0,0,0,0,0,0,0,0,
autoprefixer,18-03-2015,efe63680b1d8ee47968e894f09a9b5d04806225f,2,0,0,0,0,11,0,0,0,0,0,0,0,0,0,0,0,0,51,
autoprefixer,26-03-2015,f4624c698c4ecb4c660adf20d1143804fbd4abb4,2,0,0,0,0,11,0,0,0,0,0,0,0,0,0,0,0,0,51,
autoprefixer,13-04-2015,f92cc766c9a255a179f039f9c2adc5c85c7d66b6,0,0,0,0,0,0,0,0,0,0,0,0,0,0,0,0,0,0,0,
autoprefixer,20-04-2015,7a4e41d56b119a4fbfa897079aa95431b916a48b,0,0,0,0,0,0,0,0,0,0,0,0,0,0,0,0,0,0,0,
autoprefixer,19-05-2015,70678c67a4b1010b01ccd08b004f9509ad1c7db9,2,0,0,0,0,11,0,0,0,0,0,0,0,0,0,0,0,0,48,
autoprefixer,27-05-2015,235bea0b96dfe80cd2d952c7e5c74bfd62c674fa,0,0,0,0,0,0,0,0,0,0,0,0,0,0,0,0,0,0,0,
autoprefixer,08-06-2015,9964d17764a6428ab1870dbf2751fe11b6e16b50,0,0,0,0,0,0,0,0,0,0,0,0,0,0,0,0,0,0,0,
autoprefixer,17-06-2015,1d4e9228ec3f9d9fc457298bde262b9fbdd38680,2,0,0,0,0,11,0,0,0,0,0,0,0,0,0,0,0,0,48,
autoprefixer,25-06-2015,08b58aa899e6b493670e79519305cad3dab686ae,0,0,0,0,0,0,0,0,0,0,0,0,0,0,0,0,0,0,0,
autoprefixer,07-07-2015,7b702d8b1290aedff6aed2c4789363fffe1fc6e8,0,0,0,0,0,0,0,0,0,0,0,0,0,0,0,0,0,0,0,
autoprefixer,17-07-2015,f0bc70ec25f39c1f57b1604c9fb4128afbf5be84,2,0,0,0,0,11,0,0,0,0,0,0,0,0,0,0,0,0,48,
autoprefixer,27-07-2015,c11feb49c838a09e359b042cabcfaf77bd27caca,0,0,0,0,0,0,0,0,0,0,0,0,0,0,0,0,0,0,0,
autoprefixer,19-08-2015,06bc7ac6161789e9682109e61db6d7ddd6b48797,0,0,0,0,0,0,0,0,0,0,0,0,0,0,0,0,0,0,0,
autoprefixer,01-09-2015,276a6d573941f02ec65cbcea402f64a316f572ee,2,0,0,0,0,11,0,0,0,0,0,0,0,0,0,0,0,0,48,
autoprefixer,09-09-2015,5c8d2cbdc444aa1d3d9628a158f88fac00507817,2,0,0,0,0,11,0,0,0,0,0,0,0,0,0,0,0,0,48,
autoprefixer,17-09-2015,1f630d6a7c2ef2dea48a3b1af6a958ae5003f519,2,0,0,0,0,11,0,0,0,0,0,0,0,0,0,0,0,0,48,
autoprefixer,27-09-2015,63cab10d128ade900b6695dae09cc545c5f45564,2,0,0,0,0,11,0,0,0,0,0,0,0,0,0,0,0,0,48,
autoprefixer,14-10-2015,9c94711d59787d21a3b9bea7881b88d26a9cc747,2,0,0,0,0,11,0,0,0,0,0,0,0,0,0,0,0,0,48,
autoprefixer,24-10-2015,1bb880409c89de33a8a51a4a8741db6f1c6e46cd,2,0,0,0,0,11,0,0,0,0,0,0,0,0,0,0,0,0,48,
autoprefixer,05-11-2015,14c2a1411f5c7b9237f09febd3e6f0f6ef2028d4,3,0,0,0,0,11,0,0,0,0,0,0,0,0,0,0,0,0,55,
autoprefixer,27-11-2015,910759e90abcd9ed6b08dd2e46452ba66247438e,3,0,0,0,0,11,0,0,0,0,0,0,0,0,0,0,0,0,55,
autoprefixer,05-12-2015,d1a66efb1668e137ed4acca8ab16713fc2f6f2b5,3,0,0,0,0,11,0,0,0,0,0,0,0,0,0,0,0,0,55,
autoprefixer,13-12-2015,990cdccbccefd231724b57149f9024cba5175e79,3,0,0,0,0,11,0,0,0,0,0,0,0,0,0,0,0,0,55,
autoprefixer,21-12-2015,39b52d6c973eaccb184c82820432607f945b679d,2,0,0,0,0,11,0,0,0,0,0,0,0,0,0,0,0,0,48,
autoprefixer,29-12-2015,c66c028ac74618b73245740bfd9878e6a8565f29,2,0,0,0,0,11,0,0,0,0,0,0,0,0,0,0,0,0,48,
autoprefixer,07-01-2016,87db0e312a255c2b5448554beeee9346bc0341f9,2,0,0,0,0,11,0,0,0,0,0,0,0,0,0,0,0,0,48,
autoprefixer,15-01-2016,396dbbd7fecb364cf9b69d28ea7b6116c57197ec,2,0,0,0,0,11,0,0,0,0,0,0,0,0,0,0,0,0,48,
autoprefixer,04-02-2016,a3546ca6ea23f89cf826c1e7d62e4f62bf2a2d5a,2,0,0,0,0,11,0,0,0,0,0,0,0,0,0,0,0,0,48,
autoprefixer,13-02-2016,5465a06f31c7ecbd15cfba6982f1bd200a4d2ccd,2,0,0,0,0,11,0,0,0,0,0,0,0,0,0,0,0,0,48,
autoprefixer,21-03-2016,f088a32cfce11e4f368255ac2d382eaf1738c63b,2,0,0,0,0,11,0,0,0,0,0,0,0,0,0,0,0,0,48,
autoprefixer,02-04-2016,8e95d6ebd5d04c134023eee7b04438cbd014b0a6,2,0,0,0,0,11,0,0,0,0,0,0,0,0,0,0,0,0,48,
autoprefixer,15-05-2016,9cd1ca68580adb6f625ce861cdd008c751ace225,2,0,0,0,0,11,0,0,0,0,0,0,0,0,0,0,0,0,48,
autoprefixer,31-05-2016,764dd8ad6c25fb9aaf4f1fdd644177118be4bb16,2,0,0,0,0,11,0,0,0,0,0,0,0,0,0,0,0,0,48,
autoprefixer,01-07-2016,5a729f338fbd0d6c9b83744ba12189bbd90745b9,2,0,0,0,0,11,0,0,0,0,0,0,0,0,0,0,0,0,48,
autoprefixer,26-07-2016,28194ba7d72368adc2e7cecb2bd4afba18c2d0ea,2,0,0,0,0,11,0,0,0,0,0,0,0,0,0,0,0,0,52,
autoprefixer,03-08-2016,bc491770e37940a39d079a4d36b4be7fc9e0ed16,2,0,0,0,0,11,0,0,0,0,0,0,0,0,0,0,0,0,52,
autoprefixer,13-08-2016,6ab2e3ceff0c253a092c96fa4691956d0857ff9d,2,0,0,0,0,11,0,0,0,0,0,0,0,0,0,0,0,0,52,
autoprefixer,22-08-2016,37635bcf330c4559b2f24e05f157b1bc8d31455f,2,0,0,0,0,11,0,0,0,0,0,0,0,0,0,0,0,0,52,
autoprefixer,01-09-2016,337b7d92b3374cd672dd0c939c4b5d1d6f3dfa2a,2,0,0,0,0,11,0,0,0,0,0,0,0,0,0,0,0,0,52,
autoprefixer,11-09-2016,30254b7590b4e00f94c5eac7ba14bbce41b9f142,2,0,0,0,0,11,0,0,0,0,0,0,0,0,0,0,0,0,52,
autoprefixer,03-10-2016,c84a801a4acb739ca34ced47b0c952df1f48e759,2,0,0,0,0,11,0,0,0,0,0,0,0,0,0,0,0,0,52,
autoprefixer,13-10-2016,11fc78f97290079a6cd0a1f9c4671176386ca0fe,2,0,0,0,0,11,0,0,0,0,0,0,0,0,0,0,0,0,52,
autoprefixer,24-10-2016,db408712fe28fe31cc130b6ba11e78fc927c6651,2,0,0,0,0,11,0,0,0,0,0,0,0,0,0,0,0,0,52,
autoprefixer,11-11-2016,b98671169fa7d829ca89ad5b47c5a8cbb5d7304c,2,0,0,0,0,11,0,0,0,0,0,0,0,0,0,0,0,0,52,
autoprefixer,05-12-2016,7954b4938e06bcab5238862b63860968e31860b4,2,0,0,0,0,11,0,0,0,0,0,0,0,0,0,0,0,0,52,
autoprefixer,12-12-2016,cd59652aaa16a46bde241ec247c162c7f924e0be,2,0,0,0,0,11,0,0,0,0,0,0,0,0,0,0,0,0,52,
autoprefixer,27-12-2016,726edbe8f21794b0f6beeeb06a0fa88c507fb97e,2,0,0,0,0,11,0,0,0,0,0,0,0,0,0,0,0,0,52,
autoprefixer,03-01-2017,181c6e767535e3b5463151a1dfb0e767a49715e9,2,0,0,0,0,11,0,0,0,0,0,0,0,0,0,0,0,0,52,
autoprefixer,22-01-2017,72bc74fdb6e699839d311450f0870d6ac1505569,2,0,0,0,0,11,0,0,0,0,0,0,0,0,0,0,0,0,52,
autoprefixer,31-01-2017,b2a30f91d1cb0909ad3c61ce0a777465912bf199,2,0,0,0,0,11,0,0,0,0,0,0,0,0,0,0,0,0,52,
autoprefixer,08-02-2017,bd8a671af05b1047049dfd6274a78e7e35f20e15,2,0,0,0,0,11,0,0,0,0,0,0,0,0,0,0,0,0,52,
autoprefixer,20-02-2017,ac7c8131edcf17af97bc133f741b43d02c921ea8,2,0,0,0,0,11,0,0,0,0,0,0,0,0,0,0,0,0,52,
autoprefixer,28-02-2017,5abd5cebfc024a9825d2c42426a32645f7526adb,2,0,0,0,0,11,0,0,0,0,0,0,0,0,0,0,0,0,52,
autoprefixer,11-03-2017,3b4cfbe6cbbefd0b2d61538a871f00cfebfded52,2,0,0,0,0,11,0,0,0,0,0,0,0,0,0,0,0,0,52,
autoprefixer,21-03-2017,93c2e0c4159a9278074b6ac2f9af7e3d154c77d0,2,0,0,0,0,11,0,0,0,0,0,0,0,0,0,0,0,0,52,
autoprefixer,29-03-2017,2cf251118e8aed06806b78330ab1097f634901c9,2,0,0,0,0,11,0,0,0,0,0,0,0,0,0,0,0,0,52,
autoprefixer,06-04-2017,c82a85fee6d604f0109c8fcf2d6a50c798a84331,2,0,0,0,0,11,0,0,0,0,0,0,0,0,0,0,0,0,52,
autoprefixer,13-04-2017,4851bbce599e9f91b98d5af5bca87655bbcf6d33,2,0,0,0,0,11,0,0,0,0,0,0,0,0,0,0,0,0,52,
autoprefixer,14-04-2017,3287f34e8c71fad48abc60a2de0f5e01fb7dcd83,16,3,0,187,4,308,4,0,0,0,0,0,0,0,0,2,0,0,822,
autoprefixer,21-04-2017,eed46f905baa9a2df115cce3b236918344fa2c1c,17,0,0,181,0,273,8,0,0,0,0,0,0,0,0,2,0,2,749,
autoprefixer,28-04-2017,a9ac2f3c0c3ad672b5168458e1106d95f85a413f,2,0,0,0,0,11,0,0,0,0,0,0,0,0,0,0,0,0,52,
autoprefixer,01-05-2017,35501b310d5c3c1fee4a135295a1875461a35bba,17,0,0,181,0,273,8,0,0,0,0,0,0,0,0,2,0,2,749,
autoprefixer,10-05-2017,a0d7c31f146f39c1826e47e9808096b68d20696d,17,0,0,181,0,273,8,0,0,0,0,0,0,0,0,2,0,2,749,
autoprefixer,18-05-2017,e8eac6926c592cc299ca66bdb5d8339caf40e0e7,17,0,0,181,0,274,8,0,0,0,0,0,0,0,0,2,0,2,748,
autoprefixer,04-06-2017,7a24a56c636a9b2a48dddfa656548f7b2bd76796,17,0,0,181,0,274,8,0,0,0,0,0,0,0,0,2,0,2,748,
autoprefixer,19-06-2017,ad1d3bf4fb274b237ae929cf93de7371ecf64537,17,0,0,181,0,274,8,0,0,0,0,0,0,0,0,2,0,2,748,
autoprefixer,03-07-2017,107594038155b416da98713e2b6ea066e03df38f,17,0,0,182,0,274,8,0,0,0,0,0,0,0,0,2,0,2,749,
autoprefixer,11-07-2017,eff6a2c487a134ccbd5bf0821cad61e7ba6d2f5d,17,0,0,182,0,274,8,0,0,0,0,0,0,0,0,2,0,2,749,
autoprefixer,22-07-2017,a3964d2661f647f43992ecb296b44933cd1a390f,17,0,0,182,0,274,8,0,0,0,0,0,0,0,0,2,0,2,749,
autoprefixer,06-08-2017,548eb7e93a6bda26ce3c9abd26f7606b290a65a4,17,0,0,182,0,274,8,0,0,0,0,0,0,0,0,2,0,2,749,
autoprefixer,14-08-2017,d85c6b6fceff7c62b17b4e45896374d9b9b4356f,17,0,0,182,0,274,8,0,0,0,0,0,0,0,0,2,0,2,749,
autoprefixer,28-08-2017,103c891277d26a809f816cff87887093367d4bb9,17,0,0,182,0,274,8,0,0,0,0,0,0,0,0,2,0,2,749,
autoprefixer,08-09-2017,ebd01872461ace01ffdd5b9da31d209c281766b0,17,0,0,182,0,274,8,0,0,0,0,0,0,0,0,2,0,2,749,
autoprefixer,16-09-2017,6c8f609866e0fbac784835ce00dc5b9342495c4d,17,0,0,182,0,274,8,0,0,0,0,0,0,0,0,2,0,2,749,
autoprefixer,25-09-2017,2de3db86c53bb34f36ad3aa8966613175564b067,17,0,0,182,0,274,8,0,0,0,0,0,0,0,0,2,0,2,749,
autoprefixer,06-10-2017,96c8cfb7714f4764c59f4130f718756a47c2fbf3,17,0,0,182,0,274,8,0,0,0,0,0,0,0,0,2,0,2,753,
autoprefixer,21-10-2017,f3a633e0ba8ea984eea7666bce255f8f3f84ad7e,17,0,0,182,0,274,8,0,0,0,0,0,0,0,0,2,0,2,753,
autoprefixer,09-11-2017,84f1f0fbd346d38f8718134368449346c0d2d52b,17,0,0,182,0,274,8,0,0,0,0,0,0,0,0,2,0,2,753,
autoprefixer,19-11-2017,7d22d1fdc7e511e5675b6787670cc399b1dca7a5,17,0,0,182,0,275,8,0,0,0,0,0,0,0,0,2,0,2,755,
autoprefixer,27-11-2017,79b48cfc27ea347d382a2cc7c5b2cb570ef4ee4f,17,0,0,182,0,275,8,0,0,0,0,0,0,0,0,2,0,2,755,
autoprefixer,07-12-2017,c8a69e2669178c38aa255bc6d792c6bcf5e46444,17,0,0,182,0,275,8,0,0,0,0,0,0,0,0,2,0,2,755,
autoprefixer,16-12-2017,9c52095150b365c1538c77de98e02c2bdced9913,17,0,0,182,0,275,8,0,0,0,0,0,0,0,0,2,0,2,755,
autoprefixer,02-01-2018,d6415945f8a7ee1ef11be0a87d61ef6a5a6c6cea,17,0,0,182,0,275,8,0,0,0,0,0,0,0,0,2,0,2,763,
autoprefixer,12-01-2018,f37e5ba9cff5c2d4429306b3f0562f130c7b6d6c,17,0,0,182,0,275,8,0,0,0,0,0,0,0,0,2,0,2,763,
autoprefixer,03-02-2018,312dfffbf88be77e253af46f8872b05844b988d6,17,0,0,182,0,275,8,0,0,0,0,0,0,0,0,2,0,2,763,
autoprefixer,11-02-2018,6cf02cf6e051f141494aa41d9dded85987b40739,17,0,0,183,0,276,8,0,0,0,0,0,0,0,0,2,0,2,764,
autoprefixer,23-02-2018,d4089a53ebb1f5a8ee545eb9ff25450cffa2bff5,17,0,0,183,0,276,8,0,0,0,0,0,0,0,0,2,0,2,764,
autoprefixer,02-03-2018,44bb938a2cd47add37291e675ac18fd0bab6d58b,17,0,0,184,0,277,8,0,0,0,0,0,0,0,0,2,0,2,766,
autoprefixer,10-03-2018,6579eb594861361cbbac09a856c864fdec061651,17,0,0,184,0,277,8,0,0,0,0,0,0,0,0,2,0,2,766,
autoprefixer,21-03-2018,c4b213f7c16aa024684e485afb932be2d88ee220,17,0,0,184,0,278,8,0,0,0,0,0,0,0,0,2,0,2,767,
autoprefixer,15-04-2018,4485c0ed282056d7a37f2e460c53523daac80f7a,17,0,0,184,0,278,8,0,0,0,0,0,0,0,0,2,0,2,767,
autoprefixer,28-04-2018,d64d31db622576f3651fecebc7f75262ba098189,17,0,0,184,0,278,8,0,0,0,0,0,0,0,0,2,0,2,767,
autoprefixer,05-05-2018,627fd84c0402b39958810dce87d26de3026a248e,17,0,0,184,0,278,8,0,0,0,0,0,0,0,0,2,0,2,767,
autoprefixer,14-05-2018,e919e93027c5083c0f38cecefc6c4d4cb864544c,17,0,0,184,0,278,8,0,0,0,0,0,0,0,0,2,0,2,767,
autoprefixer,25-05-2018,72f91aa6531ee8a941f92b7c2fe74ba192ea54ca,17,0,0,184,0,278,8,0,0,0,0,0,0,0,0,2,0,2,767,
autoprefixer,02-06-2018,9a2ab804651e506acb8ca7af8b60e76328a27792,17,0,0,184,0,278,8,0,0,0,0,0,0,0,0,2,0,2,767,
autoprefixer,09-06-2018,d43b44a3acdd20e40d1f12100bc62b3129bbf525,17,0,0,184,0,278,8,0,0,0,0,0,0,0,0,2,0,2,767,
autoprefixer,18-06-2018,490fdb781d59b3f579832e78bc294c317b07cb37,17,0,0,184,0,278,8,0,0,0,0,0,0,0,0,2,0,2,767,
autoprefixer,26-06-2018,dd77253a99cc6c60949de10602f41560e3263cef,17,0,0,185,0,279,8,0,0,0,0,0,0,0,0,2,0,2,769,
autoprefixer,06-07-2018,d70ba2f6b8120b3ade79af5037e3ede7adc5bc0a,17,0,0,185,0,279,8,0,0,0,0,0,0,0,0,2,0,2,769,
autoprefixer,16-07-2018,8f09522e093c774217d314e92f1d3f6a6b822a4a,17,0,0,184,0,274,6,0,0,0,0,0,0,0,0,2,0,2,701,
autoprefixer,25-07-2018,8d578e8dae2a0a65e1be2ac73bcf9abc200201ec,17,0,0,184,0,274,6,0,0,0,0,0,0,0,0,2,0,2,701,
autoprefixer,05-08-2018,ee08b1ec7a2d8e472935dcb60070fba25dff4d4c,17,0,0,0,0,275,190,0,0,0,0,0,0,0,0,2,0,2,702,
autoprefixer,12-08-2018,82b877d6a67b215e00a3f71d76f97db525be5f38,17,0,0,0,0,275,190,0,0,0,0,0,0,0,0,2,0,2,702,
autoprefixer,22-08-2018,690c5dfffede6f28dfd9b7bd1fb3d6051549d1d5,17,0,0,0,0,275,190,0,0,0,0,0,0,0,0,2,0,2,702,
autoprefixer,05-09-2018,ebc1e2399a28f1c03e9544926b1fec2d6b88b0e7,17,0,0,0,0,275,190,0,0,0,0,0,0,0,0,2,0,2,702,
autoprefixer,12-09-2018,6a892607a19efb0298c2f19ead6f69646a5de1d6,17,0,0,0,0,275,190,0,0,0,0,0,0,0,0,2,0,2,702,
autoprefixer,22-09-2018,97fb83f02160fbfebbf28a8f5985cd846e5bb647,17,0,0,0,0,279,193,0,0,0,0,0,0,0,0,2,0,2,712,
autoprefixer,03-10-2018,1454f27f7a0a89053e82c3d3bfb6b0ef6e9965c2,17,0,0,0,0,282,196,0,0,0,0,0,0,0,0,2,0,2,721,
autoprefixer,12-10-2018,7585947f72f1bfa10364dfe26eb42869efa58362,17,0,0,0,0,282,196,0,0,0,0,0,0,0,0,2,0,2,721,
autoprefixer,20-10-2018,6b8a25d6322f171e6b5c4767183df97fac5161ba,17,0,0,0,0,281,195,0,0,0,0,0,0,0,0,1,0,2,707,
autoprefixer,29-10-2018,ccd30ff49b20f28881b1f71184c3bd47d45eaefc,17,0,0,0,0,281,195,0,0,0,0,0,0,0,0,1,0,2,707,
autoprefixer,27-11-2018,726bbc9ed73ca3303604b958509e169da48e7fc9,17,0,0,0,0,281,195,0,0,0,0,0,0,0,0,1,0,2,707,
autoprefixer,07-12-2018,d0cacfa295751589465a3f593319973904cee527,17,0,0,0,0,281,195,0,0,0,0,0,0,0,0,1,0,2,707,
autoprefixer,16-12-2018,ea3a4ac5250c4d9940e9794cd0259fe79ffb68dd,17,0,0,0,0,281,195,0,0,0,0,0,0,0,0,1,0,2,707,
autoprefixer,23-12-2018,485988acbc311c64ab1b8a35f6d66d5f0f0f3b05,17,0,0,0,0,279,194,0,0,0,0,0,0,1,0,1,0,2,707,
autoprefixer,03-01-2019,3d26929fcdae02cedc8dd00e94f317336d0d4d27,17,0,0,0,0,279,194,0,0,0,0,0,0,1,0,1,0,2,707,
autoprefixer,12-01-2019,902614468d2b221b51d79c1eaa2f7ebed72e5235,17,0,0,0,0,279,194,0,0,0,0,0,0,1,0,1,0,2,707,
autoprefixer,21-01-2019,e88ae21786263973193404e2e39c98524cd3606e,17,0,0,0,0,279,194,0,0,0,0,0,0,1,0,1,0,2,707,
autoprefixer,28-01-2019,233eeea2dfa64b88443cf7678e56d6e496ed1c5c,17,0,0,0,0,279,194,0,0,0,0,0,0,1,0,1,0,2,707,
autoprefixer,25-02-2019,ee4ef6d7c57fdb07ed38ee93b390cedfb01e8a3e,17,0,0,0,0,279,194,0,0,0,0,0,0,1,0,1,0,2,707,
autoprefixer,07-03-2019,b33024bf37d4fa097b86a9291a84d3dc666e5a54,17,0,0,0,0,279,194,0,0,0,0,0,0,1,0,1,0,2,707,
autoprefixer,14-03-2019,c66491cb689373eaa9840595ffc4320b99381eee,17,0,0,0,0,279,194,0,0,0,0,0,0,1,0,1,0,2,707,
autoprefixer,28-03-2019,9be02a0593eae22e4a12d096a60e637634c9e263,17,0,0,0,0,279,194,0,0,0,0,0,0,1,0,1,0,2,707,
autoprefixer,07-04-2019,ca11c4fdf68d59ae2360534bb843146db21ddd70,17,0,0,0,0,279,195,0,0,0,0,0,0,1,0,1,0,2,708,
autoprefixer,25-04-2019,dda9cfd9735b974118b093d8a473632bb5fa2460,17,0,0,0,0,279,195,0,0,0,0,0,0,1,0,1,0,2,708,
autoprefixer,06-05-2019,24b28b6dbdc34a5e5800986e76f48cbaf9bbbc32,17,0,0,0,0,279,195,0,0,0,0,0,0,1,0,1,0,2,708,
autoprefixer,25-05-2019,edfa86c1b53dceed8f59b4f324e5bd85cf27f7c4,18,0,0,0,0,282,197,0,0,0,0,0,0,1,0,1,0,2,716,
autoprefixer,03-06-2019,f0c2e856996e4d5d77f704efd9b0aed914235eed,18,0,0,0,0,283,197,0,0,0,0,0,0,1,0,1,0,2,717,
autoprefixer,05-07-2019,27ccb6dd2ca3172524cfdf737ab5f7351bfbb7fb,18,0,0,0,0,283,197,0,0,0,0,0,0,1,0,1,0,2,717,
autoprefixer,06-08-2019,04bd4860f73827a952f8dadfcfd0b0ca8b796ed3,18,0,0,0,0,283,197,0,0,0,0,0,0,1,0,1,0,2,717,
autoprefixer,22-08-2019,ff0bdfea8020234ee00caf7c1bfbec8db5c16e63,18,0,0,0,0,283,197,0,0,0,0,0,0,1,0,1,0,2,717,
autoprefixer,09-09-2019,4cea909027137de8aa60baf318df7ec215d8a6c9,18,0,0,0,0,283,197,0,0,0,0,0,0,1,0,1,0,2,717,
autoprefixer,05-10-2019,37957945d011d13ac67bb68022ea2a4da8705893,18,0,0,0,0,283,197,0,0,0,0,0,0,1,0,1,0,2,717,
autoprefixer,14-10-2019,913a68486faca3253608d7fa78453d9e541f351e,18,0,0,0,0,284,199,0,0,0,0,0,0,1,0,1,0,2,724,
autoprefixer,24-10-2019,f4553aa0277bd5a8b5151673b9d9e83c330f75c6,18,0,0,0,0,284,199,0,0,0,0,0,0,1,0,1,0,2,724,
autoprefixer,04-11-2019,cc9c2406c2bf7db29cbcbd45922b87099e39ceb6,18,0,0,0,0,285,200,0,0,0,0,0,0,1,0,1,0,2,726,
autoprefixer,18-11-2019,31e240aaa9042bfb8245cdbb195fa6bc31f25453,18,0,0,0,0,285,200,0,0,0,0,0,0,1,0,1,0,2,726,
autoprefixer,30-11-2019,4a3e207af5084964d29018a1a2fc337243a11f95,18,0,0,0,0,285,200,0,0,0,0,0,0,1,0,1,0,2,726,
autoprefixer,08-12-2019,a09d9f13cfbfbe1cfceda0ea696b4cbc35ff090d,18,0,0,0,0,285,200,0,0,0,0,0,0,1,0,1,0,2,726,
autoprefixer,30-12-2019,0ee84d70f3f474e6f408c3078fe61db65a26ee0a,18,0,0,0,0,285,200,0,0,0,0,0,0,1,0,1,0,2,726,
autoprefixer,14-01-2020,c0ec973a3a4a6fdfd7610ffc068eaa5e556145d3,18,0,0,0,0,285,200,0,0,0,0,0,0,1,0,1,0,2,726,
autoprefixer,21-01-2020,99f3ea0b6b9a7a7fbf75a3f5f445dca98b36a1ce,18,0,0,0,0,285,200,0,0,0,0,0,0,1,0,1,0,2,726,
autoprefixer,27-03-2020,ed0f32df67304e3a3ee59db894e4e162e2540cfa,18,0,0,0,0,286,200,0,0,0,0,0,0,1,0,1,0,2,735,
autoprefixer,08-04-2020,98711950e57d948f8c1a999bde0589cca3384a65,18,0,0,0,0,285,200,0,0,0,0,0,0,1,0,1,0,2,726,
autoprefixer,17-05-2020,0283e319ff7bcde0454c959036e0d91ae0bb326f,18,0,0,0,0,286,200,0,0,0,0,0,0,1,0,1,0,2,727,
autoprefixer,24-06-2020,58a210ca7fb8f6b68913d64718b2753b6be88329,18,0,0,0,0,286,200,0,0,0,0,0,0,1,0,1,0,2,727,
autoprefixer,12-07-2020,21becd444a2fe65648ec994c204884ace4c0dc82,18,0,0,0,0,286,200,0,0,0,0,0,0,1,0,1,0,2,727,
autoprefixer,30-07-2020,34fa5addbdfc21872f43014f3c794f54e4602141,18,0,0,0,0,286,200,0,0,0,0,0,0,1,0,1,0,2,727,
autoprefixer,12-08-2020,62ccf5acbf03f87a3132f267108eefb8533b1b59,16,2,0,0,4,290,198,0,0,0,0,0,0,0,0,1,0,1,723,
autoprefixer,06-09-2020,abe667cc847dae09e30bfec746652d4a4b8daa39,16,2,0,0,4,290,198,0,0,0,0,0,0,0,0,1,0,1,723,
autoprefixer,15-09-2020,2d05cd9e590fc1d6fdd5d7fbfb3a5167ef0a6210,16,2,0,0,4,290,198,0,0,0,0,0,0,0,0,1,0,1,723,
autoprefixer,26-09-2020,d46eb26a39fdafa6639caab9b2e9fb74b2410d2d,16,2,0,0,4,290,198,0,0,0,0,0,0,0,0,1,0,1,723,
autoprefixer,10-11-2020,bbb717ecef0e3fed8a6d2c1b19953f93f21cf1dc,16,2,0,0,4,290,198,0,0,0,0,0,0,0,0,1,0,1,723,
autoprefixer,27-11-2020,856a567b333b5c199613d28c89f33025c93a919f,16,2,0,0,4,290,198,0,0,0,0,0,0,0,0,1,0,1,723,
autoprefixer,10-12-2020,6b1629d3b102c47c9d6749e2f0e948f3550d28dc,16,2,0,0,4,290,198,0,0,0,0,0,0,0,0,1,0,1,723,
autoprefixer,07-01-2021,d6b42f108ccf87d068dde353f9ed57235dc166f2,15,2,0,0,4,290,198,0,0,0,0,0,0,0,0,1,0,0,723,
autoprefixer,19-01-2021,7276fd23e221aea0468dfadcfc9a9303e2ee9fa9,16,2,0,0,4,293,202,0,0,0,0,0,0,0,0,1,0,0,732,
autoprefixer,29-01-2021,61f71e9a8613b0c90357472d58fdcce26324ef4f,16,2,0,0,4,293,202,0,0,0,0,0,0,0,0,1,0,0,732,
autoprefixer,12-02-2021,b63e143987516bf8886d904d506372e3d61385fb,16,2,0,0,4,293,202,0,0,0,0,0,0,0,0,1,0,0,732,
autoprefixer,11-03-2021,03e4891f53ce2e2cb885f2739f7e89921922a807,16,2,0,0,4,295,204,0,0,0,0,0,0,0,0,1,0,0,740,
autoprefixer,08-05-2021,310eecf991dac3348bde1a1173226d3ffb8c5b52,16,2,0,0,4,295,249,0,0,0,0,0,0,0,0,1,0,0,785,
autoprefixer,26-05-2021,d4ced645d1d92de7df9622226f6ac87154541e25,16,2,0,0,4,295,249,0,0,0,0,0,0,0,0,1,0,0,785,
autoprefixer,05-07-2021,05cfed63bd29fa8dda8c493f8075a4e4a7e8108b,16,2,0,0,4,295,249,0,0,0,0,0,0,0,0,1,0,0,785,
autoprefixer,12-07-2021,efca4fae67068ca2e5e840a8926a42e2deb9eff7,16,2,0,0,4,295,249,0,0,0,0,0,0,0,0,1,0,0,786,
autoprefixer,01-08-2021,21f26fb460f03dd267a4aea80a519121bf0b465c,16,2,0,0,4,295,249,0,0,0,0,0,0,0,0,1,0,0,786,
autoprefixer,26-08-2021,b5b5f5d01c03923d2750f827421b0f4db4b5e1e1,16,2,0,0,4,295,249,0,0,0,0,0,0,0,0,1,0,0,786,
autoprefixer,02-09-2021,1341747bc8142a147342f55eea5ed4286a3ca318,16,2,0,0,4,296,249,0,0,0,0,0,0,0,0,1,0,0,787,
autoprefixer,27-09-2021,c3263a0bffabf1fe3beeaafbe9a94955dc389a96,15,2,0,0,4,293,247,0,0,0,0,0,0,0,0,1,0,0,779,
autoprefixer,04-10-2021,fc10c83206ff24a0b9c2067a85f732e9c12d9f65,15,2,0,0,4,293,247,0,0,0,0,0,0,0,0,1,0,0,779,
autoprefixer,20-10-2021,b5e78ef8a755962f6703bd7e0c983a874328e39b,15,2,0,0,4,293,247,0,0,0,0,0,0,0,0,1,0,0,779,
autoprefixer,28-10-2021,c0ba72664a9240537a51c06dd350a7a8662e0fe5,15,2,0,0,4,294,248,0,0,0,0,0,0,0,0,1,0,0,781,
autoprefixer,17-12-2021,c35cb718449015dd44bed1666e1263474884b6f4,15,2,0,0,4,294,248,0,0,0,0,0,0,0,0,1,0,0,781,
autoprefixer,29-12-2021,7bba67a880af1f9b78a3b55a6cdd2a17c42b1cd9,16,2,0,0,4,221,262,0,0,0,0,0,0,0,0,1,35,2,746,
autoprefixer,07-01-2022,13b754299710428dd2e040aae9931909dd7d38cc,16,2,0,0,4,221,263,0,0,0,0,0,0,0,0,1,35,2,747,
autoprefixer,29-01-2022,3041c7bfced438875d668767432666b10a88ef36,16,2,0,0,4,221,263,0,0,0,0,0,0,0,0,1,35,2,747,
autoprefixer,16-03-2022,37f26d65746b6f7c6751eb6c8dc31fe129ab4041,16,2,0,0,4,221,263,0,0,0,0,0,0,0,0,1,35,2,747,
autoprefixer,24-04-2022,89c5b9a3e16d62390180832cdc8b26e812813984,16,2,0,0,4,222,263,0,0,0,0,0,0,0,0,1,35,2,755,
autoprefixer,03-05-2022,616c44240a1478e54d8b7bc79ed8fa5db6392d11,16,2,0,0,4,222,263,0,0,0,0,0,0,0,0,1,35,2,755,
autoprefixer,29-07-2022,65e2dae12cb64aab79efa73ddb204f3577f4e8f6,16,2,0,0,4,222,263,0,0,0,0,0,0,0,0,1,35,2,755,
autoprefixer,02-09-2022,244a99cfaf42716d72934ff781572ffb6dda01ab,16,2,0,0,4,222,263,0,0,0,0,0,0,0,0,1,35,2,755,
autoprefixer,13-09-2022,f47866174b1a40f51f6e8948ecdc1cdf7593e33e,16,2,0,0,4,222,265,0,0,0,0,0,0,0,0,1,35,2,757,
autoprefixer,20-09-2022,0d799e80b80c76be7353c5cc6b893f9ab71aea90,16,2,0,0,4,225,269,0,0,0,0,0,0,0,0,1,35,2,764,
autoprefixer,30-09-2022,933052df3dd83df07810a8c760f5814252a427bd,16,2,0,0,4,225,269,0,0,0,0,0,0,0,0,1,35,2,764,
autoprefixer,27-10-2022,1895e98067d5433da847b2013a2b6802a87add52,16,2,0,0,4,225,269,0,0,0,0,0,0,0,0,1,35,2,764,
autoprefixer,15-11-2022,e07754bdd84d0b30daf27298ee010b7d592f2035,16,2,0,0,4,225,269,0,0,0,0,0,0,0,0,1,35,2,764,
autoprefixer,13-12-2022,3e0ef96c0d268acb2b1320c0715a60a6d0c175b3,16,2,0,0,4,225,269,0,0,0,0,0,0,0,0,1,35,2,764,
autoprefixer,26-01-2023,c5a86ab13d8a6c9258dcf4139ee6f5870f6da7c3,16,2,0,0,4,225,269,0,0,0,0,0,0,0,0,1,35,2,764,
autoprefixer,10-03-2023,e2f5c26ff1f3eaca95a21873723ce1cdf6e59f0e,16,2,0,0,4,225,269,0,0,0,0,0,0,0,0,1,35,2,764,
autoprefixer,26-03-2023,e8b3b7d32bdb733b25175594eb3685f51b3e678d,16,2,0,0,4,225,269,0,0,0,0,0,0,0,0,1,35,2,764,
