project,date,revision,files,async-declarations,await-declarations,const-declarations,class-declarations,arrow-function-declarations,let-declarations,export-declarations,yield-declarations,import-statements,promise-declarations,promise-all-and-then,default-parameters,rest-statements,spread-arguments,array-destructuring,object-destructuring,errors,statements
chrome-extensions-samples,12-06-2012,7f6df08cf2534a0923077ce898ea1cd9434d0d8b,0,0,0,0,0,0,0,0,0,0,0,0,0,0,0,0,0,0,0,
chrome-extensions-samples,03-07-2012,1d8d488da88c8283bc75cc7575dc22cbcb8a2519,151,9,0,7,0,2293,0,0,0,0,0,0,0,0,0,0,0,0,20862,
chrome-extensions-samples,10-07-2012,44474600eff6ead977608cc00ce7d9066ac058e3,150,9,0,7,0,2284,0,0,0,0,0,0,0,0,0,0,0,0,20791,
chrome-extensions-samples,19-07-2012,58eb1f953fd002d59153bae941ef462a3b09d090,155,9,0,7,0,2303,0,0,0,0,0,0,0,0,0,0,0,0,20905,
chrome-extensions-samples,27-07-2012,1dbacaa5d1994eebf9df41355dd549fd7a72d616,157,9,0,7,0,2319,0,0,0,0,0,0,0,0,0,0,0,0,21253,
chrome-extensions-samples,03-08-2012,a2335c495158206feddb1b29d53a184ab411d5a6,157,9,0,7,0,2321,0,0,0,0,0,0,0,0,0,0,0,0,21353,
chrome-extensions-samples,11-08-2012,46d45067d90865a5e835c20e511e4ce46830cc43,155,9,0,7,0,2439,0,0,0,0,0,0,0,0,0,0,0,0,22753,
chrome-extensions-samples,19-08-2012,fb1807ff4b36554394e4586cb4e59bcf8e32cbc1,164,9,0,7,0,2561,0,0,0,0,0,0,0,0,0,0,0,0,23996,
chrome-extensions-samples,28-08-2012,058211ab6e65b3e7e51d6f895ab18d24ed015c2d,174,9,0,7,0,3366,0,0,0,0,0,0,0,0,0,0,0,1,42408,
chrome-extensions-samples,04-09-2012,620ee9476239a054ac71a913ec0817d954b5ab70,174,9,0,7,0,3375,0,0,0,0,0,0,0,0,0,0,0,1,42435,
chrome-extensions-samples,11-09-2012,6af18133805116ac938d529a6245d9f762926b7e,174,9,0,7,0,3381,0,0,0,0,0,0,0,0,0,0,0,1,42485,
chrome-extensions-samples,18-09-2012,6e111392553168e1a7a5ac11cff28391b483a8e6,176,9,0,7,0,3387,0,0,0,0,0,0,0,0,0,0,0,1,42524,
chrome-extensions-samples,25-09-2012,6b441f2d423c1ec23b39afa5bdc974328068e1c5,176,9,0,7,0,3386,0,0,0,0,0,0,0,0,0,0,0,1,42522,
chrome-extensions-samples,10-10-2012,6d6e3fd5c72ceae3471f1e8577e9b438b4f11c4c,178,9,0,7,0,3407,0,0,0,0,0,0,0,0,0,0,0,1,42642,
chrome-extensions-samples,21-10-2012,22150cfb7863180f42dbba09a2a54a0c4497aef1,186,9,0,8,0,3473,0,0,0,0,0,0,0,0,0,0,0,1,43026,
chrome-extensions-samples,29-10-2012,1dbf84fc0a126bd1051b0b719a9db82a58bff28d,186,9,0,8,0,3475,0,0,0,0,0,0,0,0,0,0,0,1,43069,
chrome-extensions-samples,06-11-2012,726e3b4f15023ee77d37be66c6d163474b58fea6,188,9,0,8,0,3492,0,0,0,0,0,0,0,0,0,0,0,1,43292,
chrome-extensions-samples,14-11-2012,874a698f716b614df126e5c001094d767af736d5,189,9,0,8,0,3525,0,0,0,0,0,0,0,0,0,0,0,1,43522,
chrome-extensions-samples,22-11-2012,afffd62b40863f1dc112e2aff9afe4a9b6ca1ec9,189,9,0,8,0,3510,0,0,0,0,0,0,0,0,0,0,0,1,43442,
chrome-extensions-samples,29-11-2012,959efb6fcc2db2cdfe486400054557ee242e9ab0,191,9,0,8,0,3525,0,0,0,0,0,0,0,0,0,0,0,1,43580,
chrome-extensions-samples,06-12-2012,642818d39c4eb297b25c91e13fbaf39bb1652499,195,9,0,8,0,3539,0,0,0,0,0,0,0,0,0,0,0,1,43675,
chrome-extensions-samples,14-12-2012,ffbaf57ee9c513f951213eb784b7cd7f64389515,189,9,0,8,0,3525,0,0,0,0,0,0,0,0,0,0,0,1,43522,
chrome-extensions-samples,27-12-2012,ae2f4b29e4ff718fdd56550a619e8b99f786f40e,195,9,0,8,0,3544,0,0,0,0,0,0,0,0,0,0,0,1,43718,
chrome-extensions-samples,11-01-2013,b7a6cd4ebebbb65ff4f0d06e58f2ee4d95a7ab47,200,9,0,14,0,3591,0,0,0,0,0,0,0,0,0,0,0,1,43849,
chrome-extensions-samples,25-01-2013,54c048adbeb13ca809fbc5a454b295f190c0bd02,200,9,0,14,0,3591,0,0,0,0,0,0,0,0,0,0,0,1,43848,
chrome-extensions-samples,01-02-2013,6e03e6f139302d404e68536d28126e6655a83662,209,9,0,14,0,3675,0,0,0,0,0,0,0,0,0,0,0,1,44555,
chrome-extensions-samples,01-02-2013,558d9630b4dc719d7b8d05fa59019704ae9ecd6f,202,9,0,14,0,3600,0,0,0,0,0,0,0,0,0,0,0,1,43892,
chrome-extensions-samples,11-02-2013,2b5c81cfe4f1a472030afae45c2158334633afc0,202,9,0,14,0,3599,0,0,0,0,0,0,0,0,0,0,0,1,43888,
chrome-extensions-samples,18-02-2013,bdffa50ceba981429f5385f96b87128edbd3beb2,207,9,0,14,0,3664,0,0,0,0,0,0,0,0,0,0,0,1,44342,
chrome-extensions-samples,26-02-2013,7369767efd280dd70cdaee12cd961fe3d0992255,209,9,0,14,0,3676,0,0,0,0,0,0,0,0,0,0,0,1,44557,
chrome-extensions-samples,07-03-2013,cec47f8d7948ff16bffb21ef0a394a8d9297ba5d,209,9,0,14,0,3677,0,0,0,0,0,0,0,0,0,0,0,1,44586,
chrome-extensions-samples,17-03-2013,ca5bab04d1cdc754266498919b066b739511da6e,209,9,0,14,0,3678,0,0,0,0,0,0,0,0,0,0,0,1,44602,
chrome-extensions-samples,26-03-2013,a2b91749b0d89cf57919d5ca70d8c4891585b624,209,9,0,14,0,3688,0,0,0,0,0,0,0,0,0,0,0,1,44632,
chrome-extensions-samples,27-03-2013,8083c81a11536c3e8fe21c3e2105119ca232daaf,216,9,0,14,0,3768,0,0,0,0,0,0,0,0,0,0,0,1,45427,
chrome-extensions-samples,02-04-2013,40dd0479273f01751d69120f9223c02ee1ae903b,209,9,0,14,0,3688,0,0,0,0,0,0,0,0,0,0,0,1,44643,
chrome-extensions-samples,10-04-2013,e488da6619db11c6b250152d69f439b7a91d5094,210,9,0,14,0,3695,0,0,0,0,0,0,0,0,0,0,0,1,44688,
chrome-extensions-samples,11-04-2013,4008599cee9caff0d62f450c743a134c971a4a70,216,9,0,14,0,3769,0,0,0,0,0,0,0,0,0,0,0,1,45431,
chrome-extensions-samples,19-04-2013,39910a4ca9cced23f2a34c42b46993c3b841dd8d,210,9,0,14,0,3693,0,0,0,0,0,0,0,0,0,0,0,1,44714,
chrome-extensions-samples,26-04-2013,8d9a892815eb024b5e1dd593c815e17c057236d4,210,9,0,14,0,3693,0,0,0,0,0,0,0,0,0,0,0,1,44714,
chrome-extensions-samples,06-05-2013,d8211968d229ba7cbac612aa605703cd39bf1e3b,216,9,0,16,0,3719,0,0,0,0,0,0,0,0,0,0,0,1,44987,
chrome-extensions-samples,14-05-2013,ba505c1b289bd9e9daf21396199d5a0bc434efab,223,9,0,16,0,3818,0,0,0,0,0,0,0,0,0,0,0,1,45897,
chrome-extensions-samples,28-05-2013,89f36c90f2e9c18d4718af177e9007eb333038c5,226,9,0,16,0,3826,0,0,0,0,0,0,0,0,0,0,0,1,45924,
chrome-extensions-samples,07-06-2013,d822dc43494257920e08892d21035ce395dbdfe4,232,9,0,16,0,3842,0,0,0,0,0,0,0,0,0,0,0,2,45985,
chrome-extensions-samples,17-06-2013,5aa796ad804b30800251cbb7222a31f5a8328196,232,9,0,16,0,3840,0,0,0,0,0,0,0,0,0,0,0,2,46005,
chrome-extensions-samples,25-06-2013,95e7ea7f34a4782a93b57ac5c9fafd77f154b6fe,210,9,0,14,0,3693,0,0,0,0,0,0,0,0,0,0,0,1,44716,
chrome-extensions-samples,02-07-2013,564c031a0e46709fe65cc2207914306957a884f0,239,14,0,16,0,4349,0,0,0,0,0,0,0,0,0,0,0,2,48056,
chrome-extensions-samples,09-07-2013,1244afe911a43de70520989b134859ecaa760880,239,14,0,16,0,4345,0,0,0,0,0,0,0,0,0,0,0,2,48017,
chrome-extensions-samples,17-07-2013,c5c4d84b1f8890e1d93d06d6b5ed0f5c1db7bdfb,239,14,0,16,0,4345,0,0,0,0,0,0,0,0,0,0,0,2,48017,
chrome-extensions-samples,26-07-2013,a2f3a6b2ddbd62d20bc973e2b5322c33ddc2a60f,244,14,0,16,0,4389,0,0,0,0,0,0,0,0,0,0,0,2,48455,
chrome-extensions-samples,02-08-2013,96d09db8e064dce7d11767959718806ffd324f08,243,14,0,16,0,4675,0,0,0,0,0,0,0,0,0,0,0,2,50125,
chrome-extensions-samples,09-08-2013,e7c5b019cd655ab3cce432dccee55391e0d94f7e,250,14,0,16,0,4758,0,0,0,0,0,0,0,0,0,0,0,2,50874,
chrome-extensions-samples,18-08-2013,116177a96602e04b481ee8a223e814981ffa9c38,250,14,0,16,0,4753,0,0,0,0,0,0,0,0,0,0,0,2,51082,
chrome-extensions-samples,29-08-2013,bc07f574c3e1d3baa64cca70b3c6a4be6862270e,254,14,0,16,0,4805,0,0,0,0,0,0,0,0,0,0,0,2,51532,
chrome-extensions-samples,10-09-2013,072cecd67f7d27ea89bace03a09c23ca3eaec8d8,252,14,0,16,0,4754,0,0,0,0,0,0,0,0,0,0,0,2,51178,
chrome-extensions-samples,01-10-2013,614ddd5f3d3e9f4483b2a7bf33bdcfbedb9d132a,253,14,0,16,0,4468,0,0,0,0,0,0,0,0,0,0,0,2,50168,
chrome-extensions-samples,08-10-2013,a1e4210ecb592bd833feffc0d0d0c1fe013f4a62,254,14,0,16,0,4489,0,0,0,0,0,0,0,0,0,0,0,2,50299,
chrome-extensions-samples,16-10-2013,70fb580c94b604b087a7d229911603e68137eb08,254,14,0,16,0,4498,0,0,0,0,0,0,0,0,0,0,0,2,50318,
chrome-extensions-samples,23-10-2013,d7dc4f91177309ac2d955047740b6a63c640c35d,260,14,0,16,0,4535,0,0,0,0,0,0,0,0,0,0,0,4,50533,
chrome-extensions-samples,30-10-2013,69d03adc8a20ab9b0215bff29819855ed2a3dd48,260,14,0,16,0,4538,0,0,0,0,0,0,0,0,0,0,0,4,50549,
chrome-extensions-samples,08-11-2013,6a9aae0ef744a73fe8bf4c5cbdc9a460d0dee7b7,254,14,0,16,0,4489,0,0,0,0,0,0,0,0,0,0,0,2,50299,
chrome-extensions-samples,18-11-2013,3d6662859ce2ed6e27bc483b1cc9aeb02ff0a25c,254,14,0,16,0,4501,0,0,0,0,0,0,0,0,0,0,0,2,50440,
chrome-extensions-samples,25-11-2013,770d5032c41235909ae6fbff7bde6f7e8a40a2b8,260,14,0,15,0,4542,0,0,0,0,0,0,0,0,0,0,0,4,50570,
chrome-extensions-samples,13-12-2013,179fd1b2aded375c2b8f00e825d73a6c42cd9b52,269,14,0,15,0,4642,0,0,0,0,0,0,0,0,0,0,0,4,52017,
chrome-extensions-samples,22-12-2013,4ab95504c370971499f6dc24122bfd2da760da0c,273,17,0,15,0,5004,0,0,0,0,0,0,0,0,0,0,0,4,53247,
chrome-extensions-samples,30-12-2013,f52464fdc3ae02f6be2d99e44a672d84d3d0e49a,273,17,0,15,0,5005,0,0,0,0,0,0,0,0,0,0,0,4,53269,
chrome-extensions-samples,10-01-2014,8e0f089fa32962c9def7f0bdca5f47861167b4f5,273,17,0,15,0,5006,0,0,0,0,0,0,0,0,0,0,0,4,53271,
chrome-extensions-samples,17-01-2014,186e41278a61cb58793fed1886f559cdc022a9f6,283,17,0,15,0,5108,0,0,0,0,0,0,0,0,0,0,0,4,53808,
chrome-extensions-samples,27-01-2014,18f6cdd72de0c32dbbb24e159224dfb5229af2b7,283,17,0,15,0,5108,0,0,0,0,0,0,0,0,0,0,0,4,53819,
chrome-extensions-samples,05-02-2014,7da037980014fbd8100a0be96877371e4d8bcd16,283,17,0,15,0,5108,0,0,0,0,0,0,0,0,0,0,0,4,53819,
chrome-extensions-samples,14-02-2014,0751d1e30d406a5707e57e13d9c5edfe3cf4b36f,234,9,0,16,0,3856,0,0,0,0,0,0,0,0,0,0,0,2,46069,
chrome-extensions-samples,24-02-2014,4b826ce0a925b9a13a780aac35b032fde5434d93,283,17,0,15,0,5109,0,0,0,0,0,0,0,0,0,0,0,4,53827,
chrome-extensions-samples,04-03-2014,ecf9983ca9754f144fff946d56aec742e9d259e0,283,17,0,15,0,5122,0,0,0,0,0,0,0,0,0,0,0,4,54007,
chrome-extensions-samples,11-03-2014,93579c7030885df6b0df154dc0ad72bf65822a15,285,17,0,15,0,5118,0,0,0,0,0,0,0,0,0,0,0,4,54046,
chrome-extensions-samples,24-03-2014,30b2545e4dc7a6aa8a34199cd30ae4ebfbf766af,291,17,0,15,0,5252,0,0,0,0,0,0,0,0,0,0,0,4,57981,
chrome-extensions-samples,31-03-2014,c892197cc20e384ada6538735b1efc41acab1c14,295,17,0,15,0,5478,0,0,0,0,0,0,0,0,0,0,0,5,58529,
chrome-extensions-samples,13-04-2014,46868fd71297db9aa6532b1862b8597a7bfc65dc,296,17,0,15,0,5465,0,0,0,0,0,0,0,0,0,0,0,6,58363,
chrome-extensions-samples,22-04-2014,943575e50ddb339cafa01f93e34a5025e0bb1320,300,17,0,15,0,5496,0,0,0,0,0,0,0,0,0,0,0,6,58590,
chrome-extensions-samples,30-04-2014,c19ac9c5bd777a84493f2ff53836bb1c0e9872a6,301,17,0,15,0,5498,0,0,0,0,0,0,0,0,0,0,0,6,58576,
chrome-extensions-samples,09-05-2014,f3622fa62bf21a4375f194f88d12fcc60793511e,303,17,0,15,0,5501,0,0,0,0,0,0,0,0,0,0,0,6,58617,
chrome-extensions-samples,22-05-2014,761cf7ed88c682c747084fb86407b0e73a25e732,310,17,0,15,0,5592,0,0,0,0,0,0,0,0,0,0,0,6,59116,
chrome-extensions-samples,30-05-2014,d170e0d1040a3ae045a13fd402341e5a049ac151,327,17,0,15,0,5776,0,0,0,0,0,0,0,0,0,0,0,6,60262,
chrome-extensions-samples,06-06-2014,632584caff93fe0f61bce59dfc48fd621de8b41a,321,17,0,15,0,5758,0,0,0,0,0,0,0,0,0,0,0,5,60201,
chrome-extensions-samples,18-06-2014,f2a66fe164fedf6ec3efe03692f8003ccf756672,325,17,0,15,0,5780,0,0,0,0,0,0,0,0,0,0,0,5,60321,
chrome-extensions-samples,27-06-2014,80e2b209fa15eb29d57ec0bf2a614be9bd96c13c,327,17,0,16,0,5800,0,0,0,0,0,0,0,0,0,0,0,5,60424,
chrome-extensions-samples,09-07-2014,0e47a57870164ca335543a01c139ad29cbced74e,327,17,0,16,0,5800,0,0,0,0,0,0,0,0,0,0,0,5,60419,
chrome-extensions-samples,17-07-2014,da5c62eca2b054adf03a729576beb2a26e98b6dc,331,17,0,16,0,5808,0,0,0,0,0,0,0,0,0,0,0,5,60444,
chrome-extensions-samples,24-07-2014,8655263c98c301f129eaa63ce3c87ed9131c5970,329,17,0,16,0,5823,0,0,0,0,0,0,0,0,0,0,0,5,60670,
chrome-extensions-samples,24-07-2014,8655263c98c301f129eaa63ce3c87ed9131c5970,329,17,0,16,0,5823,0,0,0,0,0,0,0,0,0,0,0,5,60670,
chrome-extensions-samples,24-07-2014,e9709c627820680b3e6456a28ebccf6173ad2ee5,335,17,0,16,0,5909,0,0,0,0,0,0,0,0,0,0,0,5,61511,
chrome-extensions-samples,24-07-2014,e9709c627820680b3e6456a28ebccf6173ad2ee5,335,17,0,16,0,5909,0,0,0,0,0,0,0,0,0,0,0,5,61511,
chrome-extensions-samples,31-07-2014,5ea126b5450d755c24e91923d09b5d27d8d7b8ae,333,17,0,16,0,5889,0,0,0,0,0,0,0,0,0,0,0,5,61225,
chrome-extensions-samples,31-07-2014,5ea126b5450d755c24e91923d09b5d27d8d7b8ae,333,17,0,16,0,5889,0,0,0,0,0,0,0,0,0,0,0,5,61225,
chrome-extensions-samples,11-08-2014,f3a49732313372566909830a5d5d2a3946be73d8,333,17,0,16,0,5889,0,0,0,0,0,0,0,0,0,0,0,5,61225,
chrome-extensions-samples,11-08-2014,f3a49732313372566909830a5d5d2a3946be73d8,333,17,0,16,0,5889,0,0,0,0,0,0,0,0,0,0,0,5,61225,
chrome-extensions-samples,21-08-2014,eb7afcadfd5f41c4f0e2d1b5d4c069d764ef4abf,336,17,0,16,0,5928,0,0,0,0,0,0,0,0,0,0,0,5,61556,
chrome-extensions-samples,25-08-2014,702849a0d9edc10b9a7192cfa50888f25a914175,333,17,0,16,0,5889,0,0,0,0,0,0,0,0,0,0,0,5,61238,
chrome-extensions-samples,28-08-2014,6fcf3b30c83597aff4d51548bf2779511d59374e,338,17,0,16,0,5931,0,0,0,0,0,0,0,0,0,0,0,5,61647,
chrome-extensions-samples,02-09-2014,0e30a6b8f18097df71d28e4dc037fcfb608caf19,342,17,0,16,0,5940,0,0,0,0,0,0,0,0,0,0,0,5,61694,
chrome-extensions-samples,09-09-2014,e947c8d7fcef6434995d11becf57471256360c41,341,17,0,16,0,5962,0,0,0,0,0,0,0,0,0,0,0,5,61801,
chrome-extensions-samples,16-09-2014,0602b548e83714586611a680add81cfa2e444ac8,341,17,0,16,0,6062,0,0,0,0,0,1,0,0,0,0,0,5,62069,
chrome-extensions-samples,01-10-2014,79dcf6405f63b57d2f8cb286b65a6eb5433f27fe,338,17,0,16,0,6051,0,0,0,0,0,1,0,0,0,0,0,5,61928,
chrome-extensions-samples,29-10-2014,5e17bc81affbdc9a7c7ba76cba0b7d444e08ac4c,340,17,0,16,0,6057,0,0,0,0,0,1,0,0,0,0,0,5,62030,
chrome-extensions-samples,05-11-2014,5ea53b6e04872f3dde6cd268d709fa6a3cc4f650,342,17,0,16,0,6070,0,0,0,0,0,1,0,0,0,0,0,5,62104,
chrome-extensions-samples,14-11-2014,b951da30577ad4c1cf891a86a5e19ba850ec4fbe,340,17,0,16,0,6226,0,0,0,0,0,1,0,0,0,0,0,5,62613,
chrome-extensions-samples,27-11-2014,3cdf218dd03f2a6e4c2249090ed55ff11eff7c4b,340,17,0,16,0,6246,0,0,0,0,0,1,0,0,0,0,0,5,62763,
chrome-extensions-samples,10-12-2014,4b0d0cfa9408b92f48467aa8bb9cb76989419758,340,17,0,16,0,6246,0,0,0,0,0,1,0,0,0,0,0,5,62827,
chrome-extensions-samples,30-12-2014,b28380d707df7926706f77746f94f24e9887834b,340,17,0,16,0,6248,0,0,0,0,0,1,0,0,0,0,0,5,62846,
chrome-extensions-samples,02-02-2015,5866d4c905f43cc75e282eee9986d3f60abec6fc,340,17,0,16,0,6252,0,0,0,0,0,1,0,0,0,0,0,5,62887,
chrome-extensions-samples,09-02-2015,95517d42d479949b004c21d78a4ecfddb5a43292,340,17,0,16,0,6252,0,0,0,0,0,1,0,0,0,0,0,5,62887,
chrome-extensions-samples,17-02-2015,23a8cb4e75e1a56be2e4949c7cbbe69845a2a174,340,17,0,16,0,6254,0,0,0,0,0,1,0,0,0,0,0,5,62938,
chrome-extensions-samples,01-03-2015,838d68a0ff98ad73aedd21fd4d8f3d83ff8c7563,340,17,0,16,0,6262,0,0,0,0,0,1,0,0,0,0,0,5,63069,
chrome-extensions-samples,15-03-2015,151f4eac9eaab68ccb78cef9fa93e6001d4d3b5d,340,17,0,16,0,6255,0,0,0,0,0,1,0,0,0,0,0,5,62934,
chrome-extensions-samples,15-03-2015,36e0503e73d1307251ab3da54ee9edabdc1b2dbf,340,17,0,16,0,6255,0,0,0,0,0,1,0,0,0,0,0,5,62935,
chrome-extensions-samples,01-04-2015,c8f8dc94975e0f96d9e44aa5fed1d453bf16990e,339,17,0,16,0,6253,0,0,0,0,0,1,0,0,0,0,0,5,62932,
chrome-extensions-samples,03-04-2015,9aba48148d9c37227856aeea67c4e68e5d74a210,333,17,0,14,0,6249,0,0,0,0,0,1,0,0,0,0,0,5,62843,
chrome-extensions-samples,15-04-2015,0e4bceda90f56ccae91e98db2c1b191daffb41a0,333,17,0,14,0,6249,0,0,0,0,0,1,0,0,0,0,0,5,62843,
chrome-extensions-samples,29-04-2015,d67444f5921a606407b7fb2802a05aa8eb0609e5,333,17,0,14,0,6249,0,0,0,0,0,1,0,0,0,0,0,5,62843,
chrome-extensions-samples,15-06-2015,103bd4aed440a6276c36e40bba1c5eedb4c19b69,337,17,0,14,0,6258,0,0,0,0,0,1,0,0,0,0,0,5,62877,
chrome-extensions-samples,23-06-2015,9ae98c6417b4663f77e7590e276cac58ea289634,337,17,0,14,0,6258,0,0,0,0,0,1,0,0,0,0,0,5,62877,
chrome-extensions-samples,01-07-2015,2ea479ff58b7aa88a4c6374815da33f8f56f7de6,337,17,0,14,0,6263,0,0,0,0,0,1,0,0,0,0,0,5,62897,
chrome-extensions-samples,21-07-2015,ce40841b6aa16f14250de418b3f63d38e9155a30,349,17,0,14,0,6392,0,0,0,0,0,1,0,0,0,0,0,5,63825,
chrome-extensions-samples,30-07-2015,68837aa960a7cda6e8dcfa647fb2dedb1c23823a,349,17,0,14,0,6392,0,0,0,0,0,1,0,0,0,0,0,5,63822,
chrome-extensions-samples,12-08-2015,ba7762ed60e47d841a0aab2b029d63b6847c9733,349,17,0,14,0,6397,0,0,0,0,0,1,0,0,0,0,0,5,63841,
chrome-extensions-samples,20-08-2015,2c49af9f2e1dbedca2442b190451dc4c3775e475,349,17,0,14,0,6397,0,0,0,0,0,1,0,0,0,0,0,5,63841,
chrome-extensions-samples,31-08-2015,df5319ac4303ecb8993cb46b0f59b90adda84cfd,349,17,0,14,0,6405,0,0,0,0,0,1,0,0,0,0,0,5,63874,
chrome-extensions-samples,23-09-2015,bcfb4d3816886b27f0cfbc2f23877df2a690b4cd,349,17,0,14,0,6396,0,0,0,0,0,1,0,0,0,0,0,5,63860,
chrome-extensions-samples,07-10-2015,1b18e47d2d74fcdcd18625c831ea293a982ec2a9,349,17,0,14,0,6404,0,0,0,0,0,1,0,0,0,0,0,5,63893,
chrome-extensions-samples,25-11-2015,b8b05fb0b8b8fbc8e33428c4e36b5594a019d258,349,17,0,14,0,6404,0,0,0,0,0,1,0,0,0,0,0,5,63893,
chrome-extensions-samples,29-12-2015,a6c1236432697ac016ae58ccb6cafcd6cd1f08cf,349,17,0,14,0,6404,0,0,0,0,0,1,0,0,0,0,0,5,63893,
chrome-extensions-samples,25-01-2016,ba78d3b1574631152b4b22f5b44ae748738fff97,349,17,0,14,0,6404,0,0,0,0,0,1,0,0,0,0,0,5,63893,
chrome-extensions-samples,23-02-2016,e347c538e8612aa3b0f90bde0fc721c4f0569125,349,17,0,14,0,6419,0,0,0,0,3,2,0,0,0,0,0,5,63938,
chrome-extensions-samples,25-05-2016,f8ca7c21473141c32caf59be5c76a641b21508fe,349,17,0,14,0,6419,0,0,0,0,3,2,0,0,0,0,0,5,63938,
chrome-extensions-samples,06-06-2016,dd0564680458d43b3128efb8c622d1f2ddb7b909,349,17,0,14,0,6419,0,0,0,0,3,2,0,0,0,0,0,5,63938,
chrome-extensions-samples,14-06-2016,52411f05b354fa529d22a75fbe6d62b8e5e326a4,349,17,0,14,0,6419,0,0,0,0,3,2,0,0,0,0,0,5,63938,
chrome-extensions-samples,04-11-2016,93340534aaf057ffe20d511de4a57427a9e264fd,349,17,0,14,0,6419,0,0,0,0,3,2,0,0,0,0,0,5,63938,
chrome-extensions-samples,24-01-2017,4c6d72464434acf571a6f0329f15832fa746b175,349,17,0,14,0,6419,0,0,0,0,3,2,0,0,0,0,0,5,63941,
chrome-extensions-samples,21-01-2019,25563e94181c1c4fa72138e3ae9d9288a44a6efb,349,17,0,14,0,6419,0,0,0,0,3,2,0,0,0,0,0,5,63942,
chrome-extensions-samples,11-08-2020,29f6a8001ef4e82bd17b0e22715074aa9535bab2,349,17,0,14,0,6419,0,0,0,0,3,2,0,0,0,0,0,5,63942,
chrome-extensions-samples,04-12-2020,70b361f14f0561d4edeb97dc68413a7647f6cf3b,553,26,0,82,0,8282,118,0,0,0,4,3,0,0,0,0,0,8,82305,
chrome-extensions-samples,27-01-2021,61b912478e47c86c7c6748767ca22cd7a764a785,553,26,0,82,0,8282,118,0,0,0,4,3,0,0,0,0,0,8,82305,
chrome-extensions-samples,08-02-2021,af8d89df7fc80c56511f9794dffd783c381cbe16,556,27,1,83,0,8287,128,0,0,0,4,3,0,0,0,1,0,8,82346,
chrome-extensions-samples,16-02-2021,e1d95340273a6650c1c6dfad1a62e3e40dad8d75,556,27,1,83,0,8287,128,0,0,0,4,3,0,0,0,1,0,8,82346,
chrome-extensions-samples,24-02-2021,e2baf81fc91452b0001002d649345f84e17715fc,558,31,6,90,0,8288,136,0,0,0,4,3,0,0,0,2,0,8,82409,
chrome-extensions-samples,17-03-2021,d362b081a1d214e4c7793a3afc4da933b56c10bd,561,31,6,90,0,8292,142,0,0,0,4,3,0,0,0,2,0,8,82437,
chrome-extensions-samples,30-03-2021,b3cfbf648519f8b68f51e05340b6b910babc8e9d,561,31,6,90,0,8292,142,0,0,0,4,3,0,0,0,2,0,8,82437,
chrome-extensions-samples,07-04-2021,e716678b67fd30a5876a552b9665e9f847d6d84b,562,31,6,90,0,8293,142,0,0,0,4,3,0,0,0,2,0,8,82440,
chrome-extensions-samples,22-04-2021,130a2a5d6445b34b2bb30fc8236b4f2884039507,568,57,27,97,1,8339,195,0,0,0,7,3,2,0,0,2,0,8,82760,
chrome-extensions-samples,03-08-2021,9f282ef7e9bde1f5b5a5586314f55bb539209ec9,568,57,27,97,1,8339,195,0,0,0,7,3,2,0,0,2,0,8,82760,
chrome-extensions-samples,10-08-2021,582677fc1c4fc70f5a53fa1d7fa323b3683a694c,571,60,30,97,1,8341,202,0,0,0,7,3,2,0,0,3,0,8,82776,
chrome-extensions-samples,25-08-2021,a8b88516b081a6930dee1038f76f9fb338ef7091,571,60,30,97,1,8341,202,0,0,0,7,3,2,0,0,3,0,8,82776,
chrome-extensions-samples,24-01-2022,50c8e0bb599f67f57d5889a8f6730d81a1d85822,571,60,30,97,1,8341,202,0,0,0,7,3,2,0,0,3,0,8,82776,
chrome-extensions-samples,10-03-2022,08aa86aca1e663170342760e34efd667ab15ad2c,571,60,30,97,1,8341,202,0,0,0,7,3,2,0,0,3,0,8,82779,
chrome-extensions-samples,27-04-2022,17956f44b6f04d28407a4b7eee428611affd4fab,580,67,44,123,1,8353,217,1,0,1,7,3,2,0,1,3,2,9,82901,
chrome-extensions-samples,11-05-2022,afea3db429311d6ba12f56367fda612cacf227c7,580,67,44,123,1,8353,217,1,0,1,7,3,2,0,1,3,2,9,82901,
chrome-extensions-samples,23-06-2022,dcff87af053a5f895c077886d1651d75be817570,581,68,46,129,1,8355,217,1,0,1,7,3,2,0,1,3,2,9,82919,
chrome-extensions-samples,01-07-2022,4da98eada44ab6db2e35e361f08343cc5ea568e6,581,68,46,129,1,8355,217,1,0,1,7,3,2,0,1,3,2,9,82919,
chrome-extensions-samples,10-08-2022,c2439aa243222d1fcb50806a2e92776b9066a0f4,582,68,46,131,1,8356,217,1,0,1,7,3,2,0,1,3,2,9,82924,
chrome-extensions-samples,11-09-2022,624c28a0b5144cc475719f48db64c4c3bb9f5915,582,68,46,132,1,8356,217,1,0,1,7,3,2,0,1,3,2,9,82925,
chrome-extensions-samples,21-09-2022,2938c523066aa0b5903945999192afbe76167277,583,68,46,132,1,8356,217,1,0,1,7,3,2,0,1,3,2,9,82926,
chrome-extensions-samples,31-10-2022,0ef56dd50a0c5b09bd705486b55eb26e0a18d625,583,68,46,132,1,8356,217,1,0,1,7,3,2,0,1,3,2,9,82926,
chrome-extensions-samples,08-12-2022,a0f47934ea5cc950a745b803d0d2a515a26ab43d,583,68,46,132,1,8356,217,1,0,1,7,3,2,0,1,3,2,9,82930,
chrome-extensions-samples,05-01-2023,88ebb9e2aff7c0ce604e5e9455611a49979f0526,582,67,45,132,1,8355,215,1,0,1,7,3,2,0,1,3,2,9,82926,
chrome-extensions-samples,13-01-2023,2adde0815f9e263bfd94f98a5ecbd4cddb39bad8,582,67,45,132,1,8355,215,1,0,1,7,3,2,0,1,3,2,9,82926,
chrome-extensions-samples,23-01-2023,e868874a21a451baa35f95cd4e6aea80a7217ee5,586,72,48,141,1,8363,223,1,0,1,7,3,2,0,1,3,2,9,83028,
chrome-extensions-samples,03-02-2023,5bf419b385860a334a6c2f5c7f0de5ec9a6dcc7b,586,72,47,141,1,8363,223,1,0,1,7,3,2,0,1,3,2,9,83022,
chrome-extensions-samples,16-02-2023,299f2134cb8befb1f111de97b9119c0c43c4790b,587,72,47,150,1,8370,225,1,0,1,7,3,2,0,1,3,2,9,83066,
chrome-extensions-samples,23-02-2023,cf2df4f07386987287cf1e54f226a033f6d95403,591,79,56,268,1,8383,138,1,0,2,7,3,2,0,1,3,3,8,83163,
chrome-extensions-samples,03-03-2023,45d8850c1ae936aa823a70ac9815e9562bf548e9,596,86,61,276,1,8388,138,1,0,2,7,3,2,0,1,3,3,8,83241,
chrome-extensions-samples,10-03-2023,e98b7cdec7913abf50c37a7c6a6ab89526ff6037,596,90,64,278,1,8391,139,1,0,2,7,3,2,0,1,3,3,8,83264,
chrome-extensions-samples,22-03-2023,0cd692076ebc56f52c2c8cb9bcc65f0d06a29a96,600,94,71,292,1,8399,141,1,0,4,7,3,2,0,1,3,6,8,83318,
chrome-extensions-samples,29-03-2023,0c7e9b6dbacd55ab1aa620b816088693c90f0b70,604,95,71,300,1,8407,141,1,0,4,7,3,2,0,1,3,6,8,83538,
chrome-extensions-samples,05-04-2023,d7f3d83a553d08aca01eecc7ccae11b2ff3166a1,604,95,71,302,1,8411,143,1,0,4,7,3,2,0,1,3,6,8,83576,
chrome-extensions-samples,13-04-2023,7f9f5b8482b40ad478c1bc0a7c7c2a1133306802,604,95,71,302,1,8411,143,1,0,4,7,3,2,0,1,3,6,8,83576,
chrome-extensions-samples,04-05-2023,50fe8517954371c19d0c042c616887d24c17e167,609,97,74,305,1,8420,148,1,0,4,7,3,2,0,1,3,7,8,83643,
chrome-extensions-samples,12-05-2023,0168b30a6756f749551e8d2d8e99fecaff0b10ed,613,101,82,329,1,8435,157,1,0,5,7,3,2,0,1,3,8,9,83832,
chrome-extensions-samples,22-05-2023,ee2c6fcad0044a8694256fb480c6aa4f5673701b,615,101,82,332,1,8436,157,1,0,5,7,3,2,0,1,3,8,9,83843,
chrome-extensions-samples,01-06-2023,0e8881c6ce73b56fd9e7f462cc45acf346ae0f07,617,103,87,341,1,8444,159,1,0,5,8,3,2,0,1,3,10,9,83909,
chrome-extensions-samples,09-06-2023,c00196f9bb217bbfefcecd64266a573a138d058c,623,103,87,342,1,8581,185,1,0,5,8,3,2,0,1,3,10,9,85275,
chrome-extensions-samples,20-06-2023,41e3f968a592fb4c17dcc896dafb1587d9a06e60,639,143,127,394,4,8609,201,9,0,14,9,3,10,0,1,3,18,10,85703,
chrome-extensions-samples,28-06-2023,7e067289c436aa0f7310f4935d6b06a342d5e4b4,655,144,129,418,4,8706,329,9,0,14,9,3,10,0,1,3,18,10,86500,
