project,date,revision,files,async-declarations,await-declarations,const-declarations,class-declarations,arrow-function-declarations,let-declarations,export-declarations,yield-declarations,import-statements,promise-declarations,promise-all-and-then,default-parameters,rest-statements,spread-arguments,array-destructuring,object-destructuring,errors,statements
html5-boilerplate,05-06-2012,4505fa12b1dd30d3bd604924feba673c07ecbbf3,2,0,0,0,0,2,0,0,0,0,0,0,0,0,0,0,0,0,33,
html5-boilerplate,14-06-2012,288f9922c098105216f194cf3ba50fcb7fe60aee,2,0,0,0,0,2,0,0,0,0,0,0,0,0,0,0,0,0,33,
html5-boilerplate,24-06-2012,83f4f281866be1cf7f391738c53c448a5ac658e9,2,0,0,0,0,2,0,0,0,0,0,0,0,0,0,0,0,0,33,
html5-boilerplate,07-07-2012,5370479476dceae7cc3ea105946536d6bc0ee468,2,0,0,0,0,2,0,0,0,0,0,0,0,0,0,0,0,0,12,
html5-boilerplate,19-07-2012,d3969484ff1c2bc6e4691a926cef5594428b6ba7,2,0,0,0,0,2,0,0,0,0,0,0,0,0,0,0,0,0,12,
html5-boilerplate,29-07-2012,889e377b2d20eaaa690785d7e47daf50aa46b972,2,0,0,0,0,2,0,0,0,0,0,0,0,0,0,0,0,0,12,
html5-boilerplate,06-08-2012,d590b0efe9a7fbc4b8b7fd46683dfb989c2c26ef,2,0,0,0,0,2,0,0,0,0,0,0,0,0,0,0,0,0,12,
html5-boilerplate,14-08-2012,50b46d6fa2f67fb2ea312258c1195c27082f2e56,2,0,0,0,0,2,0,0,0,0,0,0,0,0,0,0,0,0,12,
html5-boilerplate,21-08-2012,adecc5da035d6d76b77e3fa95c6abde841073da2,2,0,0,0,0,2,0,0,0,0,0,0,0,0,0,0,0,0,12,
html5-boilerplate,28-08-2012,0b60046431d14b6615d53ae6d8bd0ac62ae3eb6f,2,0,0,0,0,2,0,0,0,0,0,0,0,0,0,0,0,0,12,
html5-boilerplate,05-09-2012,1c6485adb9b98ef2fa50a6c01b8d9fbbdc1dd8fa,2,0,0,0,0,2,0,0,0,0,0,0,0,0,0,0,0,0,12,
html5-boilerplate,22-09-2012,5bed678da053e26c3399793e6ad91cc40e09a30b,2,0,0,0,0,1,0,0,0,0,0,0,0,0,0,0,0,0,9,
html5-boilerplate,03-10-2012,dc00673b7c056392409139dba451305a828a230d,2,0,0,0,0,1,0,0,0,0,0,0,0,0,0,0,0,0,9,
html5-boilerplate,20-10-2012,25c1073d13eb49a948d7040525ba656d93aece30,2,0,0,0,0,1,0,0,0,0,0,0,0,0,0,0,0,0,14,
html5-boilerplate,04-11-2012,e9f6a9890c7785f4144b87890617774b8cf05a37,2,0,0,0,0,1,0,0,0,0,0,0,0,0,0,0,0,0,14,
html5-boilerplate,15-11-2012,dac15682b35ad69f519205e1b82694d0cab189ca,2,0,0,0,0,1,0,0,0,0,0,0,0,0,0,0,0,0,14,
html5-boilerplate,25-11-2012,052ecc4b290f7d5d79d22a14701ee1bf6ecf3d85,2,0,0,0,0,1,0,0,0,0,0,0,0,0,0,0,0,0,14,
html5-boilerplate,09-12-2012,46446727b2ecc1963655828fdb76568f81d2b323,2,0,0,0,0,1,0,0,0,0,0,0,0,0,0,0,0,0,14,
html5-boilerplate,28-12-2012,a2b3d06e8b5b0bfb3bd608a1b938c9fa50b1c600,2,0,0,0,0,2,0,0,0,0,0,0,0,0,0,0,0,0,14,
html5-boilerplate,04-01-2013,7bc8241f517ccad5013ab83d8599e991b7f4a356,2,0,0,0,0,2,0,0,0,0,0,0,0,0,0,0,0,0,14,
html5-boilerplate,13-01-2013,964c929ef02710254a83231ec0941f32387b2cef,2,0,0,0,0,2,0,0,0,0,0,0,0,0,0,0,0,0,14,
html5-boilerplate,21-01-2013,aa9bcbeb5bd8bb667bf232095f001a7272eeffd9,2,0,0,0,0,2,0,0,0,0,0,0,0,0,0,0,0,0,14,
html5-boilerplate,31-01-2013,922df45999f7b1e708140c27d3369fb89616789e,2,0,0,0,0,2,0,0,0,0,0,0,0,0,0,0,0,0,14,
html5-boilerplate,09-02-2013,522fa645c3354d4b8463eb78e6887f127d871b1f,2,0,0,0,0,2,0,0,0,0,0,0,0,0,0,0,0,0,14,
html5-boilerplate,17-02-2013,b83ce3b1b42157f8c817a62b4d353415e25c3af4,2,0,0,0,0,2,0,0,0,0,0,0,0,0,0,0,0,0,14,
html5-boilerplate,05-03-2013,1b0f042e06da46af60d7289b21af85bf58bb4978,2,0,0,0,0,2,0,0,0,0,0,0,0,0,0,0,0,0,14,
html5-boilerplate,01-04-2013,6cfbc95cd6b094430ecbb4c44d97dfda9adba852,2,0,0,0,0,2,0,0,0,0,0,0,0,0,0,0,0,0,14,
html5-boilerplate,12-04-2013,7a22a33d4041c479d0962499e853501073811887,2,0,0,0,0,2,0,0,0,0,0,0,0,0,0,0,0,0,14,
html5-boilerplate,12-05-2013,f27c2b7372cbf4cb8d1b02521895f4ed17518450,2,0,0,0,0,2,0,0,0,0,0,0,0,0,0,0,0,0,14,
html5-boilerplate,24-05-2013,713abf57a9e8acd06bc7b8c1ecd3547e2ec7bdfe,2,0,0,0,0,2,0,0,0,0,0,0,0,0,0,0,0,0,14,
html5-boilerplate,03-06-2013,48d49e96d6db282eb9686d31ebbc5cbbbdd4d966,2,0,0,0,0,2,0,0,0,0,0,0,0,0,0,0,0,0,14,
html5-boilerplate,13-06-2013,02713eedd21bbc92f704fbf65ff382e76bf81f2b,2,0,0,0,0,2,0,0,0,0,0,0,0,0,0,0,0,0,14,
html5-boilerplate,26-06-2013,8fc26501f4635df92bbbff966d8d6e6064e0e419,2,0,0,0,0,2,0,0,0,0,0,0,0,0,0,0,0,0,14,
html5-boilerplate,03-07-2013,ce7c3c5c1595ddc42ca3b961179a0cf85aa714be,2,0,0,0,0,2,0,0,0,0,0,0,0,0,0,0,0,0,14,
html5-boilerplate,21-07-2013,be4484add07b66dd5440266f121641137d9f1df7,2,0,0,0,0,2,0,0,0,0,0,0,0,0,0,0,0,0,14,
html5-boilerplate,01-08-2013,5bc2a985c74a1f854f7fc1ee8f8ce4639fe7cd67,2,0,0,0,0,2,0,0,0,0,0,0,0,0,0,0,0,0,14,
html5-boilerplate,02-08-2013,ab6b2fc4aa83c760dd9fff6ec29eac5c72c271b1,2,0,0,0,0,2,0,0,0,0,0,0,0,0,0,0,0,0,14,
html5-boilerplate,16-08-2013,ab05d000f80f754764bf91b949de8b19cc11cf3d,2,0,0,0,0,2,0,0,0,0,0,0,0,0,0,0,0,0,14,
html5-boilerplate,30-08-2013,71ca9fb7a06bfcd2359c924ca261d41d1dd03e8d,2,0,0,0,0,2,0,0,0,0,0,0,0,0,0,0,0,0,14,
html5-boilerplate,10-09-2013,72cdf1e96c6506c76c51e53abc1f2bd224776649,2,0,0,0,0,2,0,0,0,0,0,0,0,0,0,0,0,0,14,
html5-boilerplate,27-09-2013,f07a80011b695f996bed8a7ff493934376f76009,2,0,0,0,0,2,0,0,0,0,0,0,0,0,0,0,0,0,14,
html5-boilerplate,05-10-2013,782aefab7ea7ae57d30b237be5823298c053136d,2,0,0,0,0,2,0,0,0,0,0,0,0,0,0,0,0,0,14,
html5-boilerplate,17-10-2013,5e090e0db592a213b18c85d6e8e663ce650143cb,2,0,0,0,0,2,0,0,0,0,0,0,0,0,0,0,0,0,14,
html5-boilerplate,26-10-2013,3f91469e7f4784376fb7752ba0dcb8a9387d9ad7,2,0,0,0,0,2,0,0,0,0,0,0,0,0,0,0,0,0,14,
html5-boilerplate,03-11-2013,87274cb18123698acdb184ffd2a5fbb875dbbb81,2,0,0,0,0,2,0,0,0,0,0,0,0,0,0,0,0,0,14,
html5-boilerplate,19-11-2013,fbffd2322d37f920825629c385f905a05d141061,2,0,0,0,0,2,0,0,0,0,0,0,0,0,0,0,0,0,14,
html5-boilerplate,03-12-2013,73ea9a5e683fa874d6eefc5940ca3dbbc77825e3,2,0,0,0,0,2,0,0,0,0,0,0,0,0,0,0,0,0,14,
html5-boilerplate,15-12-2013,a557ea0513fbfccbba97cd9795f0bc86ffe501a8,2,0,0,0,0,2,0,0,0,0,0,0,0,0,0,0,0,0,14,
html5-boilerplate,15-12-2013,15b5cb1b5c13c9e684e8ca4ddddab7bfc033a83e,2,0,0,0,0,2,0,0,0,0,0,0,0,0,0,0,0,0,14,
html5-boilerplate,23-12-2013,57be193031b95b003b96efe9eba7a4db7f58f4e1,2,0,0,0,0,2,0,0,0,0,0,0,0,0,0,0,0,0,14,
html5-boilerplate,31-12-2013,0a041711372717651c0a1e486b45483f5bc6f2c8,2,0,0,0,0,2,0,0,0,0,0,0,0,0,0,0,0,0,14,
html5-boilerplate,15-01-2014,4e5f438e1ea0d7e39179ba5cf799a8d326ba7cc3,2,0,0,0,0,2,0,0,0,0,0,0,0,0,0,0,0,0,14,
html5-boilerplate,03-02-2014,f73bb1f614d44967db61733b36f2e6244f589d15,2,0,0,0,0,2,0,0,0,0,0,0,0,0,0,0,0,0,14,
html5-boilerplate,18-02-2014,80530d6b4639980f3ab0858123edbd730745fcde,2,0,0,0,0,2,0,0,0,0,0,0,0,0,0,0,0,0,14,
html5-boilerplate,01-03-2014,7997c1b9a1ecaddf28f448dae28b56e051e7c8a4,2,0,0,0,0,2,0,0,0,0,0,0,0,0,0,0,0,0,14,
html5-boilerplate,13-03-2014,ee0de7541fe6718b8f086d273a88c11997f90c5f,2,0,0,0,0,2,0,0,0,0,0,0,0,0,0,0,0,0,14,
html5-boilerplate,02-04-2014,e67e9cc7c1b5a395521a6ee43031becc321e605a,2,0,0,0,0,2,0,0,0,0,0,0,0,0,0,0,0,0,14,
html5-boilerplate,10-04-2014,861c359e40eeeba2cf978bebf47b5c1c54c903ce,2,0,0,0,0,2,0,0,0,0,0,0,0,0,0,0,0,0,14,
html5-boilerplate,30-04-2014,2e8a977d2c8c7c4bd704f076591d195b7cd521fa,2,0,0,0,0,2,0,0,0,0,0,0,0,0,0,0,0,0,14,
html5-boilerplate,02-05-2014,c0ea65101a59fad6e27cb6229208f6ee89c7f4a0,2,0,0,0,0,2,0,0,0,0,0,0,0,0,0,0,0,0,14,
html5-boilerplate,09-05-2014,11262ec7429a67320638dd741388f5eccb76b97c,2,0,0,0,0,2,0,0,0,0,0,0,0,0,0,0,0,0,14,
html5-boilerplate,13-05-2014,d916a720253d171a9b54818f2a07d14acbd2e4c7,2,0,0,0,0,2,0,0,0,0,0,0,0,0,0,0,0,0,14,
html5-boilerplate,03-06-2014,261f8dd39873e76ffbb57c2e2d46cb9dea351568,2,0,0,0,0,2,0,0,0,0,0,0,0,0,0,0,0,0,14,
html5-boilerplate,14-06-2014,8c4b71e6c601550680d45f7d719cd9c1f6b0fe4d,2,0,0,0,0,2,0,0,0,0,0,0,0,0,0,0,0,0,14,
html5-boilerplate,24-06-2014,296b0bbf256f6420390ec9340847f85b50754d64,2,0,0,0,0,2,0,0,0,0,0,0,0,0,0,0,0,0,14,
html5-boilerplate,03-07-2014,1c5be4d307f25c4b2800a8de675df1742ba6b1f3,2,0,0,0,0,2,0,0,0,0,0,0,0,0,0,0,0,0,14,
html5-boilerplate,11-07-2014,8daaa560231ef85e0b5ec8589b84332cbc8c5a20,2,0,0,0,0,2,0,0,0,0,0,0,0,0,0,0,0,0,14,
html5-boilerplate,18-07-2014,a99d8563ddc12cbf941057ee1b8b614fe2c9378c,2,0,0,0,0,2,0,0,0,0,0,0,0,0,0,0,0,0,14,
html5-boilerplate,29-07-2014,8ef199adf6ad33bc54dd6a4f6082a111c3449374,2,0,0,0,0,2,0,0,0,0,0,0,0,0,0,0,0,0,14,
html5-boilerplate,05-08-2014,954eef1b1eb641eaec3f6c31e71dfd2101f73278,4,0,0,0,0,28,0,0,0,0,0,0,0,0,0,0,0,0,129,
html5-boilerplate,18-08-2014,268611e33aeb094ed17fd834e1a338d50d5f28a2,4,0,0,0,0,28,0,0,0,0,0,0,0,0,0,0,0,0,129,
html5-boilerplate,01-09-2014,a44c533d55624e69065f6173d67ff91e9027949c,4,0,0,0,0,28,0,0,0,0,0,0,0,0,0,0,0,0,129,
html5-boilerplate,14-09-2014,6cd8083b1598d8df3eabadfe805a3965c4d5aca7,4,0,0,0,0,28,0,0,0,0,0,0,0,0,0,0,0,0,129,
html5-boilerplate,21-09-2014,1c4fcf32142e888946db579df0efbb52542e0ed1,4,0,0,0,0,28,0,0,0,0,0,0,0,0,0,0,0,0,129,
html5-boilerplate,29-09-2014,d5e062531240b74d0a273ad274850c9322ebd6e5,4,0,0,0,0,28,0,0,0,0,0,0,0,0,0,0,0,0,129,
html5-boilerplate,13-10-2014,c3d52666d0d297e50f965af4ad214702a683e02f,4,0,0,0,0,29,0,0,0,0,0,0,0,0,0,0,0,0,132,
html5-boilerplate,20-10-2014,d7976c3f75a88c054dd75af88e78d7ba55e08119,4,0,0,0,0,29,0,0,0,0,0,0,0,0,0,0,0,0,132,
html5-boilerplate,28-10-2014,d2740f3c6b2330a3f926f29933b88eb2ecae3d04,5,0,0,0,0,30,0,0,0,0,0,0,0,0,0,0,0,0,140,
html5-boilerplate,09-11-2014,1d0d78509dfb31ea5236a2b6430529ccfd799763,5,0,0,0,0,30,0,0,0,0,0,0,0,0,0,0,0,0,140,
html5-boilerplate,21-11-2014,be023b8e2dfa64564354375c85c054e8b44bfe2f,5,0,0,0,0,30,0,0,0,0,0,0,0,0,0,0,0,0,140,
html5-boilerplate,30-11-2014,45798ee7f85f662bea21c21b9fc981103e553d9a,5,0,0,0,0,30,0,0,0,0,0,0,0,0,0,0,0,0,140,
html5-boilerplate,04-12-2014,78c84ce70185ff0fc513957eb5f4270672b43a7e,5,0,0,0,0,30,0,0,0,0,0,0,0,0,0,0,0,0,140,
html5-boilerplate,08-12-2014,c97c23c06e7a5e90e692a1548fd0f0dd94e44190,5,0,0,0,0,30,0,0,0,0,0,0,0,0,0,0,0,0,140,
html5-boilerplate,23-12-2014,db639fd0ec54da3d9fc6407de5f7b7a0b7e8b1c8,5,0,0,0,0,30,0,0,0,0,0,0,0,0,0,0,0,0,140,
html5-boilerplate,07-02-2015,ad26878202861481a635dd2e44e4320cf43c685b,5,0,0,0,0,30,0,0,0,0,0,0,0,0,0,0,0,0,140,
html5-boilerplate,09-02-2015,356e141ec9364155a5ed775dd99c5f042ce6ff75,5,0,0,0,0,30,0,0,0,0,0,0,0,0,0,0,0,0,140,
html5-boilerplate,10-02-2015,192d7fed3925934857021a2a5ce8143689c92690,5,0,0,0,0,30,0,0,0,0,0,0,0,0,0,0,0,0,140,
html5-boilerplate,24-02-2015,6443483dd2c49c97a4d184ea02783585e15f7237,5,0,0,0,0,30,0,0,0,0,0,0,0,0,0,0,0,0,140,
html5-boilerplate,04-03-2015,c8165a6da0958325b521bc3e94fd30cf6068c4ea,5,0,0,0,0,30,0,0,0,0,0,0,0,0,0,0,0,0,140,
html5-boilerplate,06-03-2015,422537b96c61d1e37371becc97769d9df592b4ac,5,0,0,0,0,30,0,0,0,0,0,0,0,0,0,0,0,0,140,
html5-boilerplate,13-03-2015,9581cf3a81ea396e73360ac3a99b8d453f9358e7,5,0,0,0,0,31,0,0,0,0,0,0,0,0,0,0,0,0,142,
html5-boilerplate,31-03-2015,735b9ad7062402608a06dc817462a560e6fd1534,5,0,0,0,0,31,0,0,0,0,0,0,0,0,0,0,0,0,142,
html5-boilerplate,07-04-2015,0d9f00826ac4a0154b6f2ed7ad0c127a124e3c34,5,0,0,0,0,31,0,0,0,0,0,0,0,0,0,0,0,0,142,
html5-boilerplate,16-04-2015,a91fea4cd60bf6de56c0ffc198bc229c03bb6716,5,0,0,0,0,31,0,0,0,0,0,0,0,0,0,0,0,0,142,
html5-boilerplate,20-04-2015,2dfb90309f71f14d5037b0da079c1be09464addd,5,0,0,7,0,32,0,0,0,9,0,0,0,0,0,0,0,0,137,
html5-boilerplate,30-04-2015,85d79ed6cc33eb7ba5e156085049758f07b47fd9,5,0,0,0,0,31,0,0,0,0,0,0,0,0,0,0,0,0,142,
html5-boilerplate,22-06-2015,fc05bc82abf26f4042c86a17652dd232362f78ad,5,0,0,0,0,31,0,0,0,0,0,0,0,0,0,0,0,0,142,
html5-boilerplate,04-07-2015,1dc011fe7ee10581629db49b70399b756dd8416b,5,0,0,7,0,32,0,0,0,9,0,0,0,0,0,0,0,0,137,
html5-boilerplate,09-09-2015,9fb12e846a5948c865ae0a9ce0c44670a1227754,5,0,0,0,0,32,0,0,0,0,0,0,0,0,0,0,0,0,143,
html5-boilerplate,10-09-2015,1cf48987f5932e730e77f16a85e4b9235f97809f,5,0,0,0,0,32,0,0,0,0,0,0,0,0,0,0,0,0,143,
html5-boilerplate,05-10-2015,50e4ffa3cfb8da88c10e605060cb3956639044f4,5,0,0,0,0,32,0,0,0,0,0,0,0,0,0,0,0,0,143,
html5-boilerplate,06-10-2015,340b012a1f5d096658ecfc3072ca0009ab0f80f3,5,0,0,0,0,32,0,0,0,0,0,0,0,0,0,0,0,0,143,
html5-boilerplate,11-10-2015,a6a9094ebaa88a26631bece60bc695cf721caaf6,5,0,0,0,0,32,0,0,0,0,0,0,0,0,0,0,0,0,143,
html5-boilerplate,19-10-2015,fa840f07ef0e1b0aab2d4d863d64f3fc44f3bb7b,5,0,0,0,0,32,0,0,0,0,0,0,0,0,0,0,0,0,143,
html5-boilerplate,11-11-2015,3b215df3eca9c69b1ae8bb33f0ec315d190a4bf6,5,0,0,0,0,32,0,0,0,0,0,0,0,0,0,0,0,0,143,
html5-boilerplate,23-11-2015,e8b9a8be39e91670daf0cc65d152c54125792339,5,0,0,0,0,32,0,0,0,0,0,0,0,0,0,0,0,0,143,
html5-boilerplate,30-11-2015,97b04f4f4e62fc874d5dd0ea651b21f85294539e,5,0,0,0,0,32,0,0,0,0,0,0,0,0,0,0,0,0,143,
html5-boilerplate,22-12-2015,181c98ca757d2c01434acf190abe13248075c83e,5,0,0,0,0,32,0,0,0,0,0,0,0,0,0,0,0,0,143,
html5-boilerplate,30-12-2015,438b8a7eef5da651ec22170a3540351e004ce90a,5,0,0,0,0,32,0,0,0,0,0,0,0,0,0,0,0,0,143,
html5-boilerplate,12-01-2016,77c09009f634ad79f78b61864d6d3bfe3694b078,5,0,0,0,0,32,0,0,0,0,0,0,0,0,0,0,0,0,143,
html5-boilerplate,22-01-2016,7f456c96f2738407f14c5e8cf49df4dd9e134095,5,0,0,7,0,32,0,0,0,9,0,0,0,0,0,0,0,0,137,
html5-boilerplate,03-02-2016,952f0352c367516af40c9d008dc829852347a331,5,0,0,0,0,32,0,0,0,0,0,0,0,0,0,0,0,0,143,
html5-boilerplate,11-02-2016,10fb130e761138d29fc800ad60f41583ad148e5a,5,0,0,7,0,32,0,0,0,9,0,0,0,0,0,0,0,0,137,
html5-boilerplate,11-02-2016,72823a97b69bef4e69cd9211c2925ac2c38ed8ec,5,0,0,7,0,32,0,0,0,9,0,0,0,0,0,0,0,0,137,
html5-boilerplate,26-02-2016,00419696c2585a2518c2c6f176c3181704869f9b,5,0,0,7,0,32,0,0,0,9,0,0,0,0,0,0,0,0,137,
html5-boilerplate,29-02-2016,0ffd0cb79c9ab295ed74ee03ab46cf1808b811c5,5,0,0,7,0,32,0,0,0,9,0,0,0,0,0,0,0,0,137,
html5-boilerplate,10-03-2016,5f4d2d8e08b85549dd23d0b12a046d8311285aba,5,0,0,7,0,32,0,0,0,9,0,0,0,0,0,0,0,0,137,
html5-boilerplate,11-03-2016,55d0985e6fdd41ec279cb0311b5773dcc19e0ed5,5,0,0,7,0,32,0,0,0,9,0,0,0,0,0,0,0,0,137,
html5-boilerplate,17-03-2016,4c52f6e669fac68e0136355159ef46324c2ee197,5,0,0,7,0,32,0,0,0,9,0,0,0,0,0,0,0,0,137,
html5-boilerplate,27-03-2016,a2bf31295090acdc0d3aa568787e77e8718e8ff4,5,0,0,7,0,32,0,0,0,9,0,0,0,0,0,0,0,0,137,
html5-boilerplate,29-03-2016,e5e11481d2178dab19122589703eb3df4d4644ca,5,0,0,7,0,32,0,0,0,9,0,0,0,0,0,0,0,0,137,
html5-boilerplate,19-05-2016,76aa339a23831e5f4393d028277a24b93b1e9580,5,0,0,7,0,32,0,0,0,9,0,0,0,0,0,0,0,0,137,
html5-boilerplate,31-05-2016,47004043d4b4c5d6d463d10647c6be125ce8caf7,5,0,0,7,0,32,0,0,0,9,0,0,0,0,0,0,0,0,137,
html5-boilerplate,08-08-2016,a7fd7c0e968d7aff4c4dcb5aacfe8734eeef743c,5,0,0,7,0,32,0,0,0,9,0,0,0,0,0,0,0,0,137,
html5-boilerplate,17-08-2016,98c8f99b38bb4f91f09c07792bca18c0af8efccd,5,0,0,7,0,32,0,0,0,9,0,0,0,0,0,0,0,0,137,
html5-boilerplate,12-09-2016,a2356c1cbfc560c2b140d4ab507c2a4fdc9f58f0,5,0,0,7,0,32,0,0,0,9,0,0,0,0,0,0,0,0,137,
html5-boilerplate,21-10-2016,dff0e5ea3349b4838d470c5a7f7d8d7e868f4981,5,0,0,7,0,32,0,0,0,9,0,0,0,0,0,0,0,0,137,
html5-boilerplate,30-10-2016,f1ed892389781ef82b13b98028569855222f4e0b,5,0,0,7,0,32,0,0,0,9,0,0,0,0,0,0,0,0,137,
html5-boilerplate,17-11-2016,754268a347fce1e48315162793f4ec4818886183,5,0,0,7,0,33,1,0,0,10,0,0,0,0,0,0,0,0,143,
html5-boilerplate,30-11-2016,5425efa538c84a805682458ab1ec299432ae555b,5,0,0,7,0,33,1,0,0,10,0,0,0,0,0,0,0,0,143,
html5-boilerplate,09-12-2016,41b63975e5bab30f8926148b43d0864c71f8f8a4,5,0,0,7,0,33,1,0,0,10,0,0,0,0,0,0,0,0,143,
html5-boilerplate,25-12-2016,4ded8b5ce09d2b665e5893945b29d8d626691086,5,0,0,19,0,33,5,0,0,19,0,0,0,0,0,0,0,0,144,
html5-boilerplate,24-02-2017,f888d9611b1743d3f0fcb98956ca04fa22746315,5,0,0,19,0,33,5,0,0,19,0,0,0,0,0,0,0,0,144,
html5-boilerplate,11-03-2017,abc64efcb71847049620bf8ae78f3cd5ce26bf5e,5,0,0,19,0,33,5,0,0,19,0,0,0,0,0,0,0,0,144,
html5-boilerplate,19-03-2017,29fd4124f47ac30de19f5700129efe17e6f69895,5,0,0,19,0,33,5,0,0,19,0,0,0,0,0,0,0,0,144,
html5-boilerplate,27-03-2017,024b8a05ee9acf99393469c0622e55a694542493,5,0,0,19,0,33,5,0,0,19,0,0,0,0,0,0,0,0,144,
html5-boilerplate,08-04-2017,220937b1ac8e3460cb0aa4128ee34217c34b3c7d,5,0,0,19,0,33,5,0,0,19,0,0,0,0,0,0,0,0,144,
html5-boilerplate,20-04-2017,e0114f377e8febaece655d1f46d15f6ba29625e3,5,0,0,19,0,33,5,0,0,19,0,0,0,0,0,0,0,0,144,
html5-boilerplate,28-05-2017,2ad7077517199011d99516d417fec42d3b0143fb,5,0,0,20,0,36,6,0,0,21,0,0,0,0,0,0,0,0,153,
html5-boilerplate,11-06-2017,5505ef0133fb7a17f771ba00e77274308f374643,5,0,0,20,0,36,6,0,0,21,0,0,0,0,0,0,0,0,153,
html5-boilerplate,06-07-2017,fb6cb8d198566173d9483da7463207f5e50ef7d0,5,0,0,20,0,36,6,0,0,21,0,0,0,0,0,0,0,0,153,
html5-boilerplate,18-07-2017,a0fd4b4b6bcfb82d2ac9c22c34b28bfffa2ee601,5,0,0,20,0,36,6,0,0,21,0,0,0,0,0,0,0,0,153,
html5-boilerplate,25-07-2017,826f5f05d898771898e0f1581702ca112ec7c9cc,5,0,0,20,0,36,6,0,0,21,0,0,0,0,0,0,0,0,153,
html5-boilerplate,01-08-2017,d22220590bd5c27d3770f754e048e670e624ed40,5,0,0,20,0,36,6,0,0,21,0,0,0,0,0,0,0,0,153,
html5-boilerplate,17-08-2017,bfdc2c5ccd6301e2902302f6b9697dd9e243cb16,5,0,0,20,0,36,6,0,0,21,0,0,0,0,0,0,0,0,153,
html5-boilerplate,11-09-2017,dbc3ed973573a77122f6b8a2aebd0a76a44ad6a6,5,0,0,20,0,36,6,0,0,21,0,0,0,0,0,0,0,0,153,
html5-boilerplate,25-09-2017,4eb36b3c799f9900116d99ef4bb090f0f19d0888,5,0,0,20,0,36,6,0,0,21,0,0,0,0,0,0,0,0,155,
html5-boilerplate,03-10-2017,37871286b4cb73d828eddf87c3f7f0d2e8b30a68,5,0,0,20,0,36,6,0,0,21,0,0,0,0,0,0,0,0,155,
html5-boilerplate,31-10-2017,9a176f57af1cfe8ec70300da4621fb9b07e5fa31,5,0,0,20,0,36,6,0,0,21,0,0,0,0,0,0,0,0,155,
html5-boilerplate,07-11-2017,6180cd90fca68568353c20cc7f91f5d653583e7f,5,0,0,20,0,36,6,0,0,21,0,0,0,0,0,0,0,0,155,
html5-boilerplate,29-11-2017,76f6b7d95358ffabb6ac6c4bc8d44a5af35fea8d,5,0,0,20,0,36,6,0,0,21,0,0,0,0,0,0,0,0,155,
html5-boilerplate,12-01-2018,698776558fa85d0d80bf6dfdb681988ed2ebf57b,5,0,0,20,0,36,6,0,0,21,0,0,0,0,0,0,0,0,155,
html5-boilerplate,26-01-2018,86df1ead6fbaddd28ea95be727810571144ff797,5,0,0,20,0,36,6,0,0,21,0,0,0,0,0,0,0,0,155,
html5-boilerplate,05-02-2018,24d1a3287d8603c06709d74e7f5b2194cbee3b08,5,0,0,20,0,36,6,0,0,21,0,0,0,0,0,0,0,0,155,
html5-boilerplate,06-03-2018,ec30531d64f91359ac8e7e578340f3fd7edcd888,5,0,0,20,0,36,6,0,0,21,0,0,0,0,0,0,0,0,155,
html5-boilerplate,19-03-2018,d6561f2c4792b10c181b62a17e78a064d0a27884,5,0,0,20,0,36,6,0,0,21,0,0,0,0,0,0,0,0,155,
html5-boilerplate,29-03-2018,60198fa99851562b95db872d586699415a01ee33,6,0,0,21,0,35,6,0,0,21,0,0,0,0,0,0,0,0,154,
html5-boilerplate,29-03-2018,c7780e2a6908a47f940b577e6f0d54079871e8f9,6,0,0,21,0,35,6,0,0,21,0,0,0,0,0,0,0,0,154,
html5-boilerplate,29-03-2018,0922cc62afffeadc334b9bf8896d3be19c15dcb7,5,0,0,21,0,35,6,0,0,21,0,0,0,0,0,0,0,0,153,
html5-boilerplate,06-04-2018,f121b530232ceb9c916bdac0b2e0605aa7839d97,6,0,0,21,0,35,6,0,0,21,0,0,0,0,0,0,0,0,154,
html5-boilerplate,06-04-2018,1debe1a9b0b913877cb1e91fa93c1bf04af327a9,6,0,0,21,0,35,6,0,0,21,0,0,0,0,0,0,0,0,154,
html5-boilerplate,17-04-2018,b1918748427fcc0562886e153d7fdc7a02fc1bf5,6,0,0,21,0,35,6,0,0,21,0,0,0,0,0,0,0,0,154,
html5-boilerplate,17-04-2018,1b96f0fc4d639a0d1007544a27dc32db7feef03d,6,0,0,21,0,35,6,0,0,21,0,0,0,0,0,0,0,0,154,
html5-boilerplate,01-05-2018,269f72796fab92bb703520fdc0dca1cbcb7ecc92,6,0,0,21,0,35,6,0,0,21,0,0,0,0,0,0,0,0,154,
html5-boilerplate,21-05-2018,9dcf42b2a13e37e100017ce1574ed307c0109cba,6,0,0,21,0,35,6,0,0,21,0,0,0,0,0,0,0,0,154,
html5-boilerplate,30-05-2018,7e74f27208ef6e62cda92057dfb853b51d3649dd,6,0,0,21,0,35,6,0,0,21,0,0,0,0,0,0,0,0,154,
html5-boilerplate,05-07-2018,2e32b433f77ea693d69f1728e6796e102fd84df0,6,0,0,21,0,35,6,0,0,21,0,0,0,0,0,0,0,0,154,
html5-boilerplate,15-08-2018,26316e0643ac0bcc5ca7934dd79f8a2c91e1039d,6,0,0,21,0,35,6,0,0,21,0,0,0,0,0,0,0,0,154,
html5-boilerplate,31-08-2018,1200a880cfd7b56d463df1729b264b0196785f4b,6,0,0,21,0,35,6,0,0,21,0,0,0,0,0,0,0,0,154,
html5-boilerplate,18-09-2018,c52802b540887b009bf45ea667f92746d0c4eebb,6,0,0,21,0,35,6,0,0,21,0,0,0,0,0,0,0,0,154,
html5-boilerplate,10-10-2018,41d8f945afd540cefb76bc78ee0f29660e37ac39,6,0,0,21,0,35,6,0,0,21,0,0,0,0,0,0,0,0,154,
html5-boilerplate,23-10-2018,570a5ef6acc24c659b808a6ec7c1ca7b79974028,6,0,0,21,0,35,6,0,0,21,0,0,0,0,0,0,0,0,154,
html5-boilerplate,02-11-2018,c8767e30c94fce183c12208c00dcc36021b540ac,6,0,0,21,0,35,6,0,0,21,0,0,0,0,0,0,0,0,154,
html5-boilerplate,17-12-2018,bad98c453eab56d20057f3929989251d45cd1a8b,6,0,0,21,0,35,6,0,0,21,0,0,0,0,0,0,0,0,154,
html5-boilerplate,13-02-2019,81cd508b4d001bd56d5e5d14b7ea06b60d3b3a39,6,0,0,21,0,35,6,0,0,21,0,0,0,0,0,0,0,0,154,
html5-boilerplate,20-02-2019,de8c28334ef1213fdf2325a5896c8140b82654ef,6,0,0,21,0,35,6,0,0,21,0,0,0,0,0,0,0,0,154,
html5-boilerplate,11-03-2019,751dc34d02c2ff24a4686910f8355d642eca3450,6,0,0,21,0,35,6,0,0,21,0,0,0,0,0,0,0,0,154,
html5-boilerplate,19-03-2019,7bd9a8b4e91a280e93ae69c32c7c9222754368a3,6,0,0,21,0,35,6,0,0,21,0,0,0,0,0,0,0,0,154,
html5-boilerplate,15-04-2019,035fa6554e2f1eabba413a15ef84b36b4dbbbacf,6,0,0,21,0,35,6,0,0,21,0,0,0,0,0,0,0,0,154,
html5-boilerplate,02-05-2019,c5fff142dbe1bc84b20d6bb5f51881985e954040,6,0,0,21,0,35,6,0,0,21,0,0,0,0,0,0,0,0,154,
html5-boilerplate,24-05-2019,49c1bb21735565a5290adb32e60f38a8b73ad210,6,0,0,21,0,35,6,0,0,21,0,0,0,0,0,0,0,0,154,
html5-boilerplate,08-06-2019,6d925f6bbde42d50b8907445e5c4267e2ba5ce96,6,0,0,21,0,35,6,0,0,21,0,0,0,0,0,0,0,0,154,
html5-boilerplate,15-08-2019,abe20877fdb569c84aa0a1f8ae12c51c51e41250,6,0,0,21,0,35,6,0,0,21,0,0,0,0,0,0,0,0,154,
html5-boilerplate,29-08-2019,87e2c1762d13115a9c385c19c490d27ec2f23cb2,6,0,0,21,0,33,6,0,0,20,0,0,0,0,0,0,0,0,153,
html5-boilerplate,09-09-2019,f5aa3083995ddb0a3f2f6212a6bb6a15886f71a7,6,0,0,21,0,33,6,0,0,20,0,0,0,0,0,0,0,0,153,
html5-boilerplate,17-10-2019,3d055ba802e2eecfcf434f5d22ae5bc60fe18eee,6,0,0,21,0,33,6,0,0,20,0,0,0,0,0,0,0,0,153,
html5-boilerplate,26-10-2019,2b2bb453916b4b09a6f0929340290dc2505f7ce9,6,0,0,21,0,33,6,0,0,20,0,0,0,0,0,0,0,0,153,
html5-boilerplate,07-11-2019,04e14e29e51403bc8cf270df139f6764767fa7f0,6,0,0,21,0,33,6,0,0,20,0,0,0,0,0,0,0,0,153,
html5-boilerplate,19-11-2019,106a5753596884b38bbc53dffb8667b1fef94071,6,0,0,21,0,33,6,0,0,20,0,0,0,0,0,0,0,0,153,
html5-boilerplate,05-01-2020,a3e7302c47ac23b8f51ff986560c656028913b4e,6,0,0,21,0,33,6,0,0,20,0,0,0,0,0,0,0,0,153,
html5-boilerplate,20-02-2020,63afbe79aafa5309399f8e3bd600df8cdbcc2f25,6,0,0,21,0,33,6,0,0,20,0,0,0,0,0,0,0,0,153,
html5-boilerplate,17-04-2020,e006c01033b9676abbb8b0fd2ab79cd97cf7f978,6,0,0,21,0,33,6,0,0,20,0,0,0,0,0,0,0,0,153,
html5-boilerplate,11-05-2020,195ef9fc3efdce3cf944aaf8eea4a0c579630079,6,0,0,18,0,30,5,0,0,19,0,0,0,0,0,0,0,0,147,
html5-boilerplate,19-05-2020,84ae9cc91188bea4edb8ec91e2a25a2a7f7837a6,6,0,0,18,0,30,5,0,0,19,0,0,0,0,0,0,0,0,147,
html5-boilerplate,26-05-2020,fa9a016eefa571b1fe1bde4e8715d1dab241f9db,6,0,0,18,0,30,5,0,0,19,0,0,0,0,0,0,0,0,147,
html5-boilerplate,05-06-2020,bf41cf74b4b78c37d2ab6787d2c1e81f2d36c370,6,0,0,18,0,30,5,0,0,19,0,0,0,0,0,0,0,0,147,
html5-boilerplate,12-06-2020,3bb9b72319786ed93409b6ae59579246ff1e81b5,6,0,0,18,0,30,5,0,0,19,0,0,0,0,0,0,0,0,147,
html5-boilerplate,27-06-2020,51a3007f6de9cdc3df7652fba54624b2d9962890,6,0,0,18,0,30,5,0,0,19,0,0,0,0,0,0,0,0,147,
html5-boilerplate,06-07-2020,a104932cec51f7158a19c01d39edc43eda023af6,6,0,0,18,0,30,5,0,0,19,0,0,0,0,0,0,0,0,147,
html5-boilerplate,15-07-2020,f397ad930fe08d856dc13040f95eae03c646e737,6,0,0,18,0,30,5,0,0,19,0,0,0,0,0,0,0,0,147,
html5-boilerplate,23-07-2020,a555431619131074daf5005ac7ec7bbbf68b7ebe,6,0,0,18,0,30,5,0,0,19,0,0,0,0,0,0,0,0,147,
html5-boilerplate,07-08-2020,8d3573f82d2f54bf96fc0b815aa5202bdf392b32,6,0,0,18,0,30,5,0,0,19,0,0,0,0,0,0,0,0,147,
html5-boilerplate,17-08-2020,844dc5bbd41d85b9f555d2e2de3d0561c475fb78,6,0,0,18,0,30,5,0,0,19,0,0,0,0,0,0,0,0,147,
html5-boilerplate,24-08-2020,cf04c1a0f0896233a5e5de8f298136c6822a12ab,6,0,0,18,0,30,5,0,0,19,0,0,0,0,0,0,0,0,147,
html5-boilerplate,07-09-2020,1db1a6ba4bc0ace2a5fd55a9c8646aff9e71eddd,6,0,0,18,0,30,5,0,0,19,0,0,0,0,0,0,0,0,147,
html5-boilerplate,14-09-2020,7746ab93efc95a20a7fdcfbaf974d2cb8441a588,6,0,0,18,0,30,5,0,0,19,0,0,0,0,0,0,0,0,147,
html5-boilerplate,30-09-2020,1f26dfb2dd8af52cf2e4debed4f429a5f39fd476,5,0,0,18,0,28,5,0,0,19,0,0,0,0,0,0,0,0,133,
html5-boilerplate,12-10-2020,8df6207de45a989b4bf7cc26d1de0564f391aed8,5,0,0,18,0,28,5,0,0,19,0,0,0,0,0,0,0,0,133,
html5-boilerplate,21-10-2020,72711ed9787ba7c685b4b23762dae88d5bfb7e26,5,0,0,18,0,28,5,0,0,19,0,0,0,0,0,0,0,0,133,
html5-boilerplate,09-11-2020,ced0cec2f00ed49e115cc0d6d825955e4e82f903,5,0,0,18,0,28,5,0,0,19,0,0,0,0,0,0,0,0,133,
html5-boilerplate,30-11-2020,d507f7731b31c2306d978e1a6929f66a39451bcf,5,0,0,18,0,28,5,0,0,19,0,0,0,0,0,0,0,0,133,
html5-boilerplate,14-12-2020,5406f918c4f655fb8db50836a213b3fd1c30fe9c,5,0,0,18,0,28,5,0,0,19,0,0,0,0,0,0,0,0,133,
html5-boilerplate,05-01-2021,f6bb3119e60d7fcc5d8c8b33013e8613258de4f5,5,0,0,18,0,28,5,0,0,19,0,0,0,0,0,0,0,0,133,
html5-boilerplate,19-01-2021,0dba47c4bca9a396462c47f647733287d44acb16,5,0,0,18,0,28,5,0,0,19,0,0,0,0,0,0,0,0,133,
html5-boilerplate,01-02-2021,d961e5a78518285edd626c9801daf71b099f6676,5,0,0,18,0,28,5,0,0,19,0,0,0,0,0,0,0,0,133,
html5-boilerplate,08-02-2021,575ae1b4c56a3a5d2c4702cc03258b349463996b,5,0,0,18,0,28,5,0,0,19,0,0,0,0,0,0,0,0,133,
html5-boilerplate,16-02-2021,da2f26102ea0ec619f28a0811fc6ee3133ad5f85,5,0,0,18,0,28,5,0,0,19,0,0,0,0,0,0,0,0,133,
html5-boilerplate,05-03-2021,657b043d911a6058ddc7b8fd20debd736a88875d,5,0,0,18,0,28,5,0,0,19,0,0,0,0,0,0,0,0,133,
html5-boilerplate,12-03-2021,777636e26443f13a8701406b91b4e1592bf04bee,5,0,0,18,0,28,5,0,0,19,0,0,0,0,0,0,0,0,133,
html5-boilerplate,22-03-2021,a419cda34aab5171df21bd3229dae104f9163a85,5,0,0,18,0,28,5,0,0,19,0,0,0,0,0,0,0,0,133,
html5-boilerplate,31-03-2021,e5a0b212241af9274056a5e56ffc07816e87ff54,5,0,0,18,0,28,5,0,0,19,0,0,0,0,0,0,0,0,133,
html5-boilerplate,12-04-2021,f93ffd4caaf26776a70aa4ee2e955988d22274f7,5,0,0,18,0,28,5,0,0,19,0,0,0,0,0,0,0,0,133,
html5-boilerplate,19-04-2021,d9e16f79d981eadc1fcc8eff1a536979181e8383,5,0,0,18,0,28,5,0,0,19,0,0,0,0,0,0,0,0,133,
html5-boilerplate,28-04-2021,9326305fb3accbb2b659910abfe28a939c2b5cab,5,0,0,18,0,28,5,0,0,19,0,0,0,0,0,0,0,0,133,
html5-boilerplate,10-05-2021,91c2d8b71f4760c5dcab581f38322586a77e66f4,5,0,0,18,0,28,5,0,0,19,0,0,0,0,0,0,0,0,133,
html5-boilerplate,17-05-2021,c75aa14fe6cd07c8ac4266fd48fd0b6d43cbdf1d,5,0,0,18,0,28,5,0,0,19,0,0,0,0,0,0,0,0,133,
html5-boilerplate,31-05-2021,40c89e8632a10b599cbfeac269caf8346f070b1f,5,0,0,18,0,28,5,0,0,19,0,0,0,0,0,0,0,0,133,
html5-boilerplate,07-06-2021,767fd9d776df600f0b4c1286b9bd5ed7dec89a1b,5,0,0,18,0,28,5,0,0,19,0,0,0,0,0,0,0,0,133,
html5-boilerplate,17-06-2021,a305acff177c5528b6a1e689e0ff43433cfedeea,5,0,0,18,0,28,5,0,0,19,0,0,0,0,0,0,0,0,133,
html5-boilerplate,28-06-2021,a20f49b721d9b104f43187887a72d4e3aafdf738,5,0,0,18,0,28,5,0,0,19,0,0,0,0,0,0,0,0,133,
html5-boilerplate,05-07-2021,6f45d34b20639330affc70a706abc12a63971630,5,0,0,18,0,28,5,0,0,19,0,0,0,0,0,0,0,0,133,
html5-boilerplate,19-07-2021,8041c49815d70d24ef38751192f1ca792c4e8134,5,0,0,18,0,28,5,0,0,19,0,0,0,0,0,0,0,0,133,
html5-boilerplate,26-07-2021,3f1009f416c881273784dee036cfbc9e936cd590,5,0,0,18,0,28,5,0,0,19,0,0,0,0,0,0,0,0,133,
html5-boilerplate,02-08-2021,419e8a28f4fc6fc61eaebe68dcaff730bd1c60a4,5,0,0,18,0,28,5,0,0,19,0,0,0,0,0,0,0,0,133,
html5-boilerplate,15-08-2021,0f49bc96cb6ac5106b20a939769f9b4d226d8c56,5,0,0,18,0,28,5,0,0,19,0,0,0,0,0,0,0,0,133,
html5-boilerplate,23-08-2021,109b773255ff43090d0fa08c58d2d6773af95299,5,0,0,18,0,28,5,0,0,19,0,0,0,0,0,0,0,0,133,
html5-boilerplate,02-09-2021,19ede6465eb9102bb59f78842f5c6fa5d0243b4c,5,0,0,18,0,28,5,0,0,19,0,0,0,0,0,0,0,0,133,
html5-boilerplate,13-09-2021,457fe041a62d548fff1b20349516d898bde9987d,5,0,0,18,0,28,5,0,0,19,0,0,0,0,0,0,0,0,133,
html5-boilerplate,27-09-2021,a03f1a6a8aaba4a9738d923b29b9f54230aa11d5,5,0,0,18,0,28,5,0,0,19,0,0,0,0,0,0,0,0,133,
html5-boilerplate,11-10-2021,3cd1d92fe861ec1db437135dd2b7c24d8de12734,5,0,0,18,0,28,5,0,0,19,0,0,0,0,0,0,0,0,133,
html5-boilerplate,18-10-2021,fb92e53224505e941b25c7aca0be70d4b92bb3b0,5,0,0,18,0,28,5,0,0,19,0,0,0,0,0,0,0,0,133,
html5-boilerplate,01-11-2021,40bf27f9bf98bfa075d3f04e99780e0b945d5d80,5,0,0,18,0,28,5,0,0,19,0,0,0,0,0,0,0,0,133,
html5-boilerplate,12-11-2021,1238da829775f0b8fca18cf874c0dec765921d6b,5,0,0,18,0,28,5,0,0,19,0,0,0,0,0,0,0,0,133,
html5-boilerplate,22-11-2021,9a7b6065c4c92f5f414253f1ae9869e64cf657b2,5,0,0,18,0,28,5,0,0,19,0,0,0,0,0,0,0,0,133,
html5-boilerplate,04-12-2021,1cae43ec90bd21d93656ae3894c72f3f32c2a8fc,6,0,0,19,0,28,5,0,0,19,0,0,0,0,0,0,0,0,135,
html5-boilerplate,13-12-2021,4401dba445f76e60de488fd9d4f61b2e2b53b082,6,0,0,19,0,28,5,0,0,19,0,0,0,0,0,0,0,0,135,
html5-boilerplate,20-12-2021,1984dca2de29503088c0252b6cb7cff69b38e095,6,0,0,19,0,28,5,0,0,19,0,0,0,0,0,0,0,0,135,
html5-boilerplate,03-01-2022,623320525aac507b45e772336264064f8b75895d,6,0,0,19,0,28,5,0,0,19,0,0,0,0,0,0,0,0,135,
html5-boilerplate,18-01-2022,75d9674a8d659da7673942b6de9eacef870dd5ed,6,0,0,19,0,28,5,0,0,19,0,0,0,0,0,0,0,0,135,
html5-boilerplate,14-02-2022,789626dcc623c9324684ac0a9ebca3b1f68b3dba,6,0,0,19,0,28,5,0,0,19,0,0,0,0,0,0,0,0,135,
html5-boilerplate,21-02-2022,60b111b120d1909a10e05d4b9522cef5a0d6dfcd,6,0,0,19,0,28,5,0,0,19,0,0,0,0,0,0,0,0,135,
html5-boilerplate,04-03-2022,ee3ae1b3e983b3a77d156872a0752091c6120f74,6,0,0,19,0,28,5,0,0,19,0,0,0,0,0,0,0,0,135,
html5-boilerplate,14-03-2022,7e37efd2040ebe45a71c4c5e023ad84e0f81979e,6,0,0,19,0,28,5,0,0,19,0,0,0,0,0,0,0,0,135,
html5-boilerplate,21-03-2022,76449f520abdac48f677a81795463aa5269225e6,6,0,0,19,0,28,5,0,0,19,0,0,0,0,0,0,0,0,135,
html5-boilerplate,28-03-2022,01889180e8dfa4ae0fe36b73d6b3272473c2fcaf,6,0,0,19,0,28,5,0,0,19,0,0,0,0,0,0,0,0,135,
html5-boilerplate,04-04-2022,71044b0bb419f905368d915ad99d8677f96337dc,6,0,0,19,0,28,5,0,0,19,0,0,0,0,0,0,0,0,135,
html5-boilerplate,11-04-2022,ad158346ea465fc5dbcdf6156924cfc495d11e7b,6,0,0,19,0,28,5,0,0,19,0,0,0,0,0,0,0,0,135,
html5-boilerplate,19-04-2022,33bab669942da629284daec096c247a341fc14a4,6,0,0,19,0,28,5,0,0,19,0,0,0,0,0,0,0,0,135,
html5-boilerplate,01-05-2022,8d9a7d45e0a9fe801e424608c48795a4c8c000a8,6,0,0,19,0,28,5,0,0,19,0,0,0,0,0,0,0,0,135,
html5-boilerplate,17-05-2022,e5d043bf19388f25c371f95ec008cafd658f8273,6,0,0,19,0,28,5,0,0,19,0,0,0,0,0,0,0,0,135,
html5-boilerplate,07-06-2022,140fe31e5a2375dcc0e843efb29b560cf3e938e2,6,0,0,18,0,26,5,0,0,19,0,0,0,0,0,0,0,0,131,
html5-boilerplate,01-07-2022,ea7b1f1ce45a8054486fa139f5466335bce98d69,6,0,0,18,0,26,5,0,0,19,0,0,0,0,0,0,0,0,131,
html5-boilerplate,13-07-2022,3a7fa13852ea503fb11b3ec28f963f63c59d9a3e,6,0,0,18,0,26,5,0,0,19,0,0,0,0,0,0,0,0,131,
html5-boilerplate,20-07-2022,2c50b9d1e6ca05b4a4299c37aa699f2f4877834c,6,0,0,18,0,26,5,0,0,19,0,0,0,0,0,0,0,0,131,
html5-boilerplate,04-08-2022,90ac248bd6d80184ca6afb7e01000e3d8671348f,3,0,0,1,0,0,0,0,0,0,0,0,0,0,0,0,0,0,3,
html5-boilerplate,01-09-2022,aabdc35149b16ee65695ec4086fbc084f7d263cc,3,0,0,1,0,0,0,0,0,0,0,0,0,0,0,0,0,0,3,
html5-boilerplate,04-10-2022,97fc780b52d313f15c488d0112eb48f97f1b8584,3,0,0,1,0,0,0,0,0,0,0,0,0,0,0,0,0,0,3,
html5-boilerplate,01-11-2022,1389d6dfa40a51b4a267fee848f43518cc90613d,3,0,0,1,0,0,0,0,0,0,0,0,0,0,0,0,0,0,3,
html5-boilerplate,06-12-2022,ae385e65f3afdb896cead69a5d99f00c14d99f6b,3,0,0,1,0,0,0,0,0,0,0,0,0,0,0,0,0,0,3,
html5-boilerplate,23-12-2022,9a167746db1919d6b7325cdc66904b3cdeb85b40,3,0,0,1,0,0,0,0,0,0,0,0,0,0,0,0,0,0,3,
html5-boilerplate,03-01-2023,a4acaef1e888a83041e976b21890b57eca96d718,3,0,0,1,0,0,0,0,0,0,0,0,0,0,0,0,0,0,3,
html5-boilerplate,01-02-2023,4059730aec130ab59850b0c0aabbffbfcc562d8c,3,0,0,1,0,0,0,0,0,0,0,0,0,0,0,0,0,0,3,
html5-boilerplate,01-03-2023,9d45473ab4b4d7578649a2e7c39e95b18c6dcf05,3,0,0,1,0,0,0,0,0,0,0,0,0,0,0,0,0,0,3,
html5-boilerplate,08-03-2023,e4b20602a84e143650185301658d476a98dc2c1a,3,0,0,1,0,0,0,0,0,0,0,0,0,0,0,0,0,0,3,
html5-boilerplate,22-03-2023,2154114f92a1357c0d75ec2633049c10cfbea6ba,5,0,0,7,0,0,0,0,0,0,0,0,0,0,0,0,2,0,11,
html5-boilerplate,30-03-2023,71ccf57f0582f84ee2cdd9f9bff2f44b71084475,5,0,0,7,0,0,0,0,0,0,0,0,0,0,0,0,2,0,11,
html5-boilerplate,01-05-2023,6b6bd4f841878b7f70c73356b87fcb0c10a5b078,5,0,0,7,0,0,0,0,0,0,0,0,0,0,0,0,2,0,11,
html5-boilerplate,01-06-2023,2fe70fc216ffdcbd805b49267bde37dda74f4fb8,5,0,0,7,0,0,0,0,0,0,0,0,0,0,0,0,2,0,11,
