project,date,revision,files,async-declarations,await-declarations,const-declarations,class-declarations,arrow-function-declarations,let-declarations,export-declarations,yield-declarations,import-statements,promise-declarations,promise-all-and-then,default-parameters,rest-statements,spread-arguments,array-destructuring,object-destructuring,errors,statements
learnxinyminutes-docs,30-06-2013,4f06e456a973a99e15a232cee60a53c9f0bd8ace,0,0,0,0,0,0,0,0,0,0,0,0,0,0,0,0,0,0,0,
learnxinyminutes-docs,08-07-2013,ace46b17f2d1e3f4d9dde0d38d5131654589180f,0,0,0,0,0,0,0,0,0,0,0,0,0,0,0,0,0,0,0,
learnxinyminutes-docs,15-07-2013,ecec97ef92dbf766a3b557a158f5ec130fd8f249,0,0,0,0,0,0,0,0,0,0,0,0,0,0,0,0,0,0,0,
learnxinyminutes-docs,22-07-2013,7590a83b525f15c721f688f61cf5bd579fc22dcf,0,0,0,0,0,0,0,0,0,0,0,0,0,0,0,0,0,0,0,
learnxinyminutes-docs,30-07-2013,df90e4957246c422c00b07f788d825d327304d11,0,0,0,0,0,0,0,0,0,0,0,0,0,0,0,0,0,0,0,
learnxinyminutes-docs,06-08-2013,dae7c446926b338a05c8dfcfc68e64acf5b80128,0,0,0,0,0,0,0,0,0,0,0,0,0,0,0,0,0,0,0,
learnxinyminutes-docs,13-08-2013,9fd70ffbb12e92a4bd129cfbe28d91e07138c398,0,0,0,0,0,0,0,0,0,0,0,0,0,0,0,0,0,0,0,
learnxinyminutes-docs,20-08-2013,c4c8c02df970c028bd96f2e133a8bf76d5811fc5,0,0,0,0,0,0,0,0,0,0,0,0,0,0,0,0,0,0,0,
learnxinyminutes-docs,28-08-2013,c7a1136772588e57a3f9c20be9102a80a6f7f3e8,0,0,0,0,0,0,0,0,0,0,0,0,0,0,0,0,0,0,0,
learnxinyminutes-docs,04-09-2013,078f6bbc9d3677c497a54c9286dc692a0cf815a7,0,0,0,0,0,0,0,0,0,0,0,0,0,0,0,0,0,0,0,
learnxinyminutes-docs,11-09-2013,3f9ba06563c580c4795228a822475bf305d5b694,0,0,0,0,0,0,0,0,0,0,0,0,0,0,0,0,0,0,0,
learnxinyminutes-docs,18-09-2013,abb39e92d4bede85777e11c50fb97ae1bee4215f,0,0,0,0,0,0,0,0,0,0,0,0,0,0,0,0,0,0,0,
learnxinyminutes-docs,26-09-2013,86c2bafaa542f643fc8db15f3bd38dc92cfbe831,0,0,0,0,0,0,0,0,0,0,0,0,0,0,0,0,0,0,0,
learnxinyminutes-docs,03-10-2013,9a4721785cd51360472c329d1c9614fb6783d5e1,0,0,0,0,0,0,0,0,0,0,0,0,0,0,0,0,0,0,0,
learnxinyminutes-docs,11-10-2013,200298c7691e0f0b78b7e879fcf7fc4909cea16a,0,0,0,0,0,0,0,0,0,0,0,0,0,0,0,0,0,0,0,
learnxinyminutes-docs,19-10-2013,5e362f5f4fd77f162453146b8c24fe3855a041fd,0,0,0,0,0,0,0,0,0,0,0,0,0,0,0,0,0,0,0,
learnxinyminutes-docs,26-10-2013,eccc9e094832350842f16f3a7666aa633748098b,0,0,0,0,0,0,0,0,0,0,0,0,0,0,0,0,0,0,0,
learnxinyminutes-docs,02-11-2013,34b0264620c540bcdc451c96996ff5a38a6d26db,0,0,0,0,0,0,0,0,0,0,0,0,0,0,0,0,0,0,0,
learnxinyminutes-docs,10-11-2013,5111009611d6c8ff2b177514bf69caf5fd2a6c51,0,0,0,0,0,0,0,0,0,0,0,0,0,0,0,0,0,0,0,
learnxinyminutes-docs,18-11-2013,fbb7ea38a1530d2e4cca6bce7f3db6b392e90ce1,0,0,0,0,0,0,0,0,0,0,0,0,0,0,0,0,0,0,0,
learnxinyminutes-docs,26-11-2013,a36cee194b40dd59608d3e306e74e1b68ba9aa46,0,0,0,0,0,0,0,0,0,0,0,0,0,0,0,0,0,0,0,
learnxinyminutes-docs,04-12-2013,f1a215521e9a570a7ce2e4c2ffcb70d14e2c5593,0,0,0,0,0,0,0,0,0,0,0,0,0,0,0,0,0,0,0,
learnxinyminutes-docs,12-12-2013,48d9eecbfd6b53895c719c4903850cc8a561014c,0,0,0,0,0,0,0,0,0,0,0,0,0,0,0,0,0,0,0,
learnxinyminutes-docs,19-12-2013,d854062e8b77d94a7232d49dbcbab6324b9bda11,0,0,0,0,0,0,0,0,0,0,0,0,0,0,0,0,0,0,0,
learnxinyminutes-docs,23-12-2013,ce770c61df6670f3ac20241dae6314dea5a9c846,0,0,0,0,0,0,0,0,0,0,0,0,0,0,0,0,0,0,0,
learnxinyminutes-docs,30-12-2013,f3d043f7b8d8e318557eabd0a9cdac05bc39779d,0,0,0,0,0,0,0,0,0,0,0,0,0,0,0,0,0,0,0,
learnxinyminutes-docs,30-12-2013,ef8ed1834c24159ff951192985b00886b78c5342,0,0,0,0,0,0,0,0,0,0,0,0,0,0,0,0,0,0,0,
learnxinyminutes-docs,31-12-2013,8e04611520cc385ccfd96ca1e8cfd8e30fc2ce40,0,0,0,0,0,0,0,0,0,0,0,0,0,0,0,0,0,0,0,
learnxinyminutes-docs,08-01-2014,eab35e826eb86744d98a3fc424ebca6ccf432390,0,0,0,0,0,0,0,0,0,0,0,0,0,0,0,0,0,0,0,
learnxinyminutes-docs,09-01-2014,718c2289e54fb707e49ca373b8083d7e85bf8dde,0,0,0,0,0,0,0,0,0,0,0,0,0,0,0,0,0,0,0,
learnxinyminutes-docs,11-01-2014,dcf7cd620d9e957d384e143eb2fb2cca7351cfae,0,0,0,0,0,0,0,0,0,0,0,0,0,0,0,0,0,0,0,
learnxinyminutes-docs,17-01-2014,f47de5a0972de32050cd1fbc7be0ec8eb9f51636,0,0,0,0,0,0,0,0,0,0,0,0,0,0,0,0,0,0,0,
learnxinyminutes-docs,24-01-2014,863194a89aa98fd446910246980e7c4ba8954cfa,0,0,0,0,0,0,0,0,0,0,0,0,0,0,0,0,0,0,0,
learnxinyminutes-docs,30-01-2014,ce005d7fdb9a6a6815f88b08ab42ee6fbf689abb,0,0,0,0,0,0,0,0,0,0,0,0,0,0,0,0,0,0,0,
learnxinyminutes-docs,31-01-2014,453341b5271e4136dcebe06dacde8361bfdee676,0,0,0,0,0,0,0,0,0,0,0,0,0,0,0,0,0,0,0,
learnxinyminutes-docs,07-02-2014,bcd930047d0613a93b2e98c60cac0d93a1678621,0,0,0,0,0,0,0,0,0,0,0,0,0,0,0,0,0,0,0,
learnxinyminutes-docs,14-02-2014,5c19094fb080653f0bf733997ad5241ee9f69d84,0,0,0,0,0,0,0,0,0,0,0,0,0,0,0,0,0,0,0,
learnxinyminutes-docs,03-03-2014,88274f8a3af0c270b1580b561e6f1c0a8dfbd3ec,0,0,0,0,0,0,0,0,0,0,0,0,0,0,0,0,0,0,0,
learnxinyminutes-docs,11-03-2014,194d910e1bfc897592e2431cc06bd78865afc933,0,0,0,0,0,0,0,0,0,0,0,0,0,0,0,0,0,0,0,
learnxinyminutes-docs,19-03-2014,82ac7779819b7117638b5d41d1adee8e9c4ab20d,0,0,0,0,0,0,0,0,0,0,0,0,0,0,0,0,0,0,0,
learnxinyminutes-docs,21-03-2014,4e85becf286cafe347d3e36e6b2c5e4f31a56819,0,0,0,0,0,0,0,0,0,0,0,0,0,0,0,0,0,0,0,
learnxinyminutes-docs,21-03-2014,7db61d1ce143bb8c38eeee662f17754a3f7d5da9,0,0,0,0,0,0,0,0,0,0,0,0,0,0,0,0,0,0,0,
learnxinyminutes-docs,02-04-2014,4f71e1574229fea8e37f5e67f3469f768b02d474,0,0,0,0,0,0,0,0,0,0,0,0,0,0,0,0,0,0,0,
learnxinyminutes-docs,06-04-2014,77f28824af30ae86c89a4785439c65bd5a623a8a,0,0,0,0,0,0,0,0,0,0,0,0,0,0,0,0,0,0,0,
learnxinyminutes-docs,16-04-2014,40e320a7546e8c53d174a6b052ff7cce952c9db6,0,0,0,0,0,0,0,0,0,0,0,0,0,0,0,0,0,0,0,
learnxinyminutes-docs,03-05-2014,a4e05441673bddea21a336920f12d9c659d4900f,0,0,0,0,0,0,0,0,0,0,0,0,0,0,0,0,0,0,0,
learnxinyminutes-docs,12-05-2014,14807c0eb73cd6bdd9ff291823d869fc337062e9,0,0,0,0,0,0,0,0,0,0,0,0,0,0,0,0,0,0,0,
learnxinyminutes-docs,24-05-2014,fbbbdd241452d336abbbdc5476eac6ceefc558d7,0,0,0,0,0,0,0,0,0,0,0,0,0,0,0,0,0,0,0,
learnxinyminutes-docs,31-05-2014,b0eb92dd5560ebe6f893e2b6088629f1c38d528d,0,0,0,0,0,0,0,0,0,0,0,0,0,0,0,0,0,0,0,
learnxinyminutes-docs,07-06-2014,506ffb7a683d136c550278efa184a51af0e5b5e7,0,0,0,0,0,0,0,0,0,0,0,0,0,0,0,0,0,0,0,
learnxinyminutes-docs,14-06-2014,7c306cead86cbcfe56c0f5b112066260389b28ea,0,0,0,0,0,0,0,0,0,0,0,0,0,0,0,0,0,0,0,
learnxinyminutes-docs,23-06-2014,94484047091a18d4b2440650382b9ecbd7840044,0,0,0,0,0,0,0,0,0,0,0,0,0,0,0,0,0,0,0,
learnxinyminutes-docs,30-06-2014,83283c0d4ca5f797e505f511b418c3a2f6472d8c,0,0,0,0,0,0,0,0,0,0,0,0,0,0,0,0,0,0,0,
learnxinyminutes-docs,07-07-2014,aa89d993ed63e3ab0691828481fb2b0b0416e9a0,0,0,0,0,0,0,0,0,0,0,0,0,0,0,0,0,0,0,0,
learnxinyminutes-docs,16-07-2014,772370c5184822e61fa81da878d3853bb06a33a6,0,0,0,0,0,0,0,0,0,0,0,0,0,0,0,0,0,0,0,
learnxinyminutes-docs,23-07-2014,4f97478d6beba127180f7f6d3278aef79b901441,0,0,0,0,0,0,0,0,0,0,0,0,0,0,0,0,0,0,0,
learnxinyminutes-docs,30-07-2014,472142d11f8052f6042a8cd4366c7ea7d6680c0d,0,0,0,0,0,0,0,0,0,0,0,0,0,0,0,0,0,0,0,
learnxinyminutes-docs,08-08-2014,07b6229ee608ae37283a827112b5eab4c58a5333,0,0,0,0,0,0,0,0,0,0,0,0,0,0,0,0,0,0,0,
learnxinyminutes-docs,11-08-2014,5ed3d5455e5441d1b756f86f3ea9b4895384bcd3,0,0,0,0,0,0,0,0,0,0,0,0,0,0,0,0,0,0,0,
learnxinyminutes-docs,19-08-2014,1d4e0929ff82d7205b09da2f30b37541464dc029,0,0,0,0,0,0,0,0,0,0,0,0,0,0,0,0,0,0,0,
learnxinyminutes-docs,20-08-2014,1828ef068dd224a8402a4c786569de985f3793b2,0,0,0,0,0,0,0,0,0,0,0,0,0,0,0,0,0,0,0,
learnxinyminutes-docs,28-08-2014,c9400c2a7d5262651884fffecda83ace1bfc4d97,0,0,0,0,0,0,0,0,0,0,0,0,0,0,0,0,0,0,0,
learnxinyminutes-docs,07-09-2014,9a909d6a4a1083a97b54c50de2fb390e76f879c0,0,0,0,0,0,0,0,0,0,0,0,0,0,0,0,0,0,0,0,
learnxinyminutes-docs,14-09-2014,93423c1b828062bc800d44d7cce8c3a20169294b,0,0,0,0,0,0,0,0,0,0,0,0,0,0,0,0,0,0,0,
learnxinyminutes-docs,21-09-2014,54fad387b51371a9af1cb409dac74215c053c1ba,0,0,0,0,0,0,0,0,0,0,0,0,0,0,0,0,0,0,0,
learnxinyminutes-docs,28-09-2014,221d72bcb06f1677b61e28dde430ba651fd896df,0,0,0,0,0,0,0,0,0,0,0,0,0,0,0,0,0,0,0,
learnxinyminutes-docs,07-10-2014,6ce6aa7b548151371bcc31f00925aa890a4356e7,0,0,0,0,0,0,0,0,0,0,0,0,0,0,0,0,0,0,0,
learnxinyminutes-docs,14-10-2014,8768176023c4bb2efaea70ed19a89831e67fd402,0,0,0,0,0,0,0,0,0,0,0,0,0,0,0,0,0,0,0,
learnxinyminutes-docs,21-10-2014,a7b885816d08372d33e0eece7c8e0834c699e7a6,0,0,0,0,0,0,0,0,0,0,0,0,0,0,0,0,0,0,0,
learnxinyminutes-docs,29-10-2014,583f874cdf54c46ccfb1ea0a9480bdbffa308927,0,0,0,0,0,0,0,0,0,0,0,0,0,0,0,0,0,0,0,
learnxinyminutes-docs,01-11-2014,6e694a82b2503a2cce524df96c1c59af6d4ecdea,0,0,0,0,0,0,0,0,0,0,0,0,0,0,0,0,0,0,0,
learnxinyminutes-docs,05-11-2014,d2336d0ce4dc35e0d8627a4b0d089e06c8dffd88,0,0,0,0,0,0,0,0,0,0,0,0,0,0,0,0,0,0,0,
learnxinyminutes-docs,05-11-2014,af29a504c0eb02e9eb575d5cace38676f7cf1ef1,0,0,0,0,0,0,0,0,0,0,0,0,0,0,0,0,0,0,0,
learnxinyminutes-docs,12-11-2014,ba3bc070c5db0b24f485a1a742c0b3944b3bb7e8,0,0,0,0,0,0,0,0,0,0,0,0,0,0,0,0,0,0,0,
learnxinyminutes-docs,13-11-2014,ade01b4ad8258c9e12f86e2bb9aa5426f60bc500,0,0,0,0,0,0,0,0,0,0,0,0,0,0,0,0,0,0,0,
learnxinyminutes-docs,20-11-2014,f25d54b06bd8ae17cf8e9fc9d966fc728cb593e0,0,0,0,0,0,0,0,0,0,0,0,0,0,0,0,0,0,0,0,
learnxinyminutes-docs,28-11-2014,ff3b464026313e6ca2a11a9671c27c43b340da8f,0,0,0,0,0,0,0,0,0,0,0,0,0,0,0,0,0,0,0,
learnxinyminutes-docs,06-12-2014,afb44df97380cbfe037cdf5cf6bcb07355615552,0,0,0,0,0,0,0,0,0,0,0,0,0,0,0,0,0,0,0,
learnxinyminutes-docs,08-12-2014,658c09f6e4263e834153907cca87df00e4d9ab3b,0,0,0,0,0,0,0,0,0,0,0,0,0,0,0,0,0,0,0,
learnxinyminutes-docs,16-12-2014,12e01249b37d65d8e7cf95b311782531978552d5,0,0,0,0,0,0,0,0,0,0,0,0,0,0,0,0,0,0,0,
learnxinyminutes-docs,24-12-2014,dd5803183c2c73cc8bd0aae05797c1493c334055,0,0,0,0,0,0,0,0,0,0,0,0,0,0,0,0,0,0,0,
learnxinyminutes-docs,26-12-2014,b59262601656a0f803729d37b6c83d414af0457a,0,0,0,0,0,0,0,0,0,0,0,0,0,0,0,0,0,0,0,
learnxinyminutes-docs,05-01-2015,79b730dcaa8994cb6b58af1e25a5aa9e06f48471,0,0,0,0,0,0,0,0,0,0,0,0,0,0,0,0,0,0,0,
learnxinyminutes-docs,12-01-2015,22d0cb02a8e08532555edde1f5ccf9a34a2b6a77,0,0,0,0,0,0,0,0,0,0,0,0,0,0,0,0,0,0,0,
learnxinyminutes-docs,17-01-2015,41a6f19c460c8b1990827920792cf12fa8972793,0,0,0,0,0,0,0,0,0,0,0,0,0,0,0,0,0,0,0,
learnxinyminutes-docs,25-01-2015,63749de9722cca6c96fe186d43afeebc86790c09,0,0,0,0,0,0,0,0,0,0,0,0,0,0,0,0,0,0,0,
learnxinyminutes-docs,01-02-2015,411b2b01d3a83369f0754ec03b40499e4f8bcade,0,0,0,0,0,0,0,0,0,0,0,0,0,0,0,0,0,0,0,
learnxinyminutes-docs,09-02-2015,bc136b96f87de5418ac2da287751f1642a3d3741,0,0,0,0,0,0,0,0,0,0,0,0,0,0,0,0,0,0,0,
learnxinyminutes-docs,16-02-2015,4d0c340347925651c8c0e4db560130f9a918d460,0,0,0,0,0,0,0,0,0,0,0,0,0,0,0,0,0,0,0,
learnxinyminutes-docs,23-02-2015,82342bbe989a1c9b64fa81c8904dacc74f462a35,0,0,0,0,0,0,0,0,0,0,0,0,0,0,0,0,0,0,0,
learnxinyminutes-docs,26-02-2015,95e0a50cc44a46561069d538fb5a89a4e1edea99,0,0,0,0,0,0,0,0,0,0,0,0,0,0,0,0,0,0,0,
learnxinyminutes-docs,02-03-2015,d05baf5bd02cf6c7270e35ee79964764848d8f1b,0,0,0,0,0,0,0,0,0,0,0,0,0,0,0,0,0,0,0,
learnxinyminutes-docs,09-03-2015,48657c4af5db67db5bb5b7ca43bbcd4d61f225ef,0,0,0,0,0,0,0,0,0,0,0,0,0,0,0,0,0,0,0,
learnxinyminutes-docs,16-03-2015,a81affb3027b81aa16eba8cac159a18081cff449,0,0,0,0,0,0,0,0,0,0,0,0,0,0,0,0,0,0,0,
learnxinyminutes-docs,24-03-2015,c7a9731b07071c2380a5383ab976592df970aa50,0,0,0,0,0,0,0,0,0,0,0,0,0,0,0,0,0,0,0,
learnxinyminutes-docs,27-03-2015,1989c6773a2c8dd35c16fdabaa2464db4e79f7fc,0,0,0,0,0,0,0,0,0,0,0,0,0,0,0,0,0,0,0,
learnxinyminutes-docs,01-04-2015,4c46a456bd5e33aec2a3cab7b7c33a375d5a97ed,0,0,0,0,0,0,0,0,0,0,0,0,0,0,0,0,0,0,0,
learnxinyminutes-docs,11-04-2015,299f3de0eacfe4e3d1303135716ad14a09bb0118,0,0,0,0,0,0,0,0,0,0,0,0,0,0,0,0,0,0,0,
learnxinyminutes-docs,19-04-2015,da12b4d6f592aaf7bce4de6d78c75877cdcc968c,0,0,0,0,0,0,0,0,0,0,0,0,0,0,0,0,0,0,0,
learnxinyminutes-docs,26-04-2015,e2ca2c9550474ca3dad0f7ef8735e614da081258,0,0,0,0,0,0,0,0,0,0,0,0,0,0,0,0,0,0,0,
learnxinyminutes-docs,29-04-2015,8b7a2fff9a71b8fa8754947434b8b1f184ed2de1,0,0,0,0,0,0,0,0,0,0,0,0,0,0,0,0,0,0,0,
learnxinyminutes-docs,03-05-2015,86f406d99c829d0f3074f18346173387f1eb6064,0,0,0,0,0,0,0,0,0,0,0,0,0,0,0,0,0,0,0,
learnxinyminutes-docs,15-05-2015,00a246e77b8cf8fd84812844de7bca78f220b2c5,0,0,0,0,0,0,0,0,0,0,0,0,0,0,0,0,0,0,0,
learnxinyminutes-docs,20-05-2015,e4c0629c38223db43e91414b2d44a540da47565e,0,0,0,0,0,0,0,0,0,0,0,0,0,0,0,0,0,0,0,
learnxinyminutes-docs,20-05-2015,bad283ee14dadd02f9b21d5fbcff226bfb5c954f,0,0,0,0,0,0,0,0,0,0,0,0,0,0,0,0,0,0,0,
learnxinyminutes-docs,28-05-2015,7a4538374c4b86a355573039cc5426a32e936d11,0,0,0,0,0,0,0,0,0,0,0,0,0,0,0,0,0,0,0,
learnxinyminutes-docs,02-06-2015,06889be239622266d9c36c750f7ee755ccdae05d,0,0,0,0,0,0,0,0,0,0,0,0,0,0,0,0,0,0,0,
learnxinyminutes-docs,11-06-2015,e191446b333856afff0456349edb71da9634f6aa,0,0,0,0,0,0,0,0,0,0,0,0,0,0,0,0,0,0,0,
learnxinyminutes-docs,19-06-2015,e4931ee126a23a851c6a2ab474e84996e1b28f3e,0,0,0,0,0,0,0,0,0,0,0,0,0,0,0,0,0,0,0,
learnxinyminutes-docs,27-06-2015,ed8f34eb3337bd78e2dca23be34746d01272f1ae,0,0,0,0,0,0,0,0,0,0,0,0,0,0,0,0,0,0,0,
learnxinyminutes-docs,08-07-2015,abcb4e25de06ce4b295b1999fd251d76f60d5fc5,0,0,0,0,0,0,0,0,0,0,0,0,0,0,0,0,0,0,0,
learnxinyminutes-docs,17-07-2015,6a54bca6ee74486b6eddadec17b6fc7f0c8bf43b,0,0,0,0,0,0,0,0,0,0,0,0,0,0,0,0,0,0,0,
learnxinyminutes-docs,23-07-2015,878bd1a68d51077f918f82bae9cdc9a570ed10e6,0,0,0,0,0,0,0,0,0,0,0,0,0,0,0,0,0,0,0,
learnxinyminutes-docs,24-07-2015,ac2dfe7dc782cf1663944c0de48f6bbe810a56d8,0,0,0,0,0,0,0,0,0,0,0,0,0,0,0,0,0,0,0,
learnxinyminutes-docs,03-08-2015,d61ad107759c99de3dd32dc848086c16dbb14f15,0,0,0,0,0,0,0,0,0,0,0,0,0,0,0,0,0,0,0,
learnxinyminutes-docs,10-08-2015,2d79a2be127a4e7e98dcc0dd68c0ea87d7278934,0,0,0,0,0,0,0,0,0,0,0,0,0,0,0,0,0,0,0,
learnxinyminutes-docs,17-08-2015,938720074b8b18a9ada93fb8a040b9ca1a813747,0,0,0,0,0,0,0,0,0,0,0,0,0,0,0,0,0,0,0,
learnxinyminutes-docs,25-08-2015,b990f84123a755b8aa36db3667a59b7d774daad2,0,0,0,0,0,0,0,0,0,0,0,0,0,0,0,0,0,0,0,
learnxinyminutes-docs,01-09-2015,0963dbaba3ff808e13cc33178434633533f3105e,0,0,0,0,0,0,0,0,0,0,0,0,0,0,0,0,0,0,0,
learnxinyminutes-docs,08-09-2015,ba9a7303c886499856b130a21298d2d82b9f1626,0,0,0,0,0,0,0,0,0,0,0,0,0,0,0,0,0,0,0,
learnxinyminutes-docs,16-09-2015,1079fe87ac0b24e8a5f8d59b33bb649f709478d7,0,0,0,0,0,0,0,0,0,0,0,0,0,0,0,0,0,0,0,
learnxinyminutes-docs,24-09-2015,652285e9dfe2df2dbbc61b49abdc0ca22bf435f6,0,0,0,0,0,0,0,0,0,0,0,0,0,0,0,0,0,0,0,
learnxinyminutes-docs,03-10-2015,466b51d9fa4a223014b0d1d79d3d55709c32373d,0,0,0,0,0,0,0,0,0,0,0,0,0,0,0,0,0,0,0,
learnxinyminutes-docs,08-10-2015,7740af83e71ceaed96d39d3d97f0a5fc02d1c9ab,0,0,0,0,0,0,0,0,0,0,0,0,0,0,0,0,0,0,0,
learnxinyminutes-docs,10-10-2015,547bc1df42ff8dfb463e2d64d1ca1f6887a91300,0,0,0,0,0,0,0,0,0,0,0,0,0,0,0,0,0,0,0,
learnxinyminutes-docs,21-10-2015,b238a58c9768d3b7694c4f02cbfe5ba2cac0015a,0,0,0,0,0,0,0,0,0,0,0,0,0,0,0,0,0,0,0,
learnxinyminutes-docs,28-10-2015,835ec3eb075385ea44f5bd283fe535707944e315,0,0,0,0,0,0,0,0,0,0,0,0,0,0,0,0,0,0,0,
learnxinyminutes-docs,31-10-2015,6a76bb326c246e3f78db6dbe35e879daafab7ed3,0,0,0,0,0,0,0,0,0,0,0,0,0,0,0,0,0,0,0,
learnxinyminutes-docs,05-11-2015,33628dca5cb4367cbbad1e4f48ddab0630b03330,0,0,0,0,0,0,0,0,0,0,0,0,0,0,0,0,0,0,0,
learnxinyminutes-docs,12-11-2015,3b59da1f3d055b5fd9f0804de2142df90c7b762c,0,0,0,0,0,0,0,0,0,0,0,0,0,0,0,0,0,0,0,
learnxinyminutes-docs,14-11-2015,3df055f2f71d7fe27186a9d61c1d8af66d2295d9,0,0,0,0,0,0,0,0,0,0,0,0,0,0,0,0,0,0,0,
learnxinyminutes-docs,19-11-2015,dff8b792c6ba946302af52e3fba113e8364ea214,0,0,0,0,0,0,0,0,0,0,0,0,0,0,0,0,0,0,0,
learnxinyminutes-docs,27-11-2015,3c048d79adddea0e8ada7ff2af6445160ac000fc,0,0,0,0,0,0,0,0,0,0,0,0,0,0,0,0,0,0,0,
learnxinyminutes-docs,05-12-2015,73fbc7f75512ac61493e4f82f0fc5108229124f3,0,0,0,0,0,0,0,0,0,0,0,0,0,0,0,0,0,0,0,
learnxinyminutes-docs,12-12-2015,fd26c8ddfb6d4bfa969b323a2e98ce1b74bc8127,0,0,0,0,0,0,0,0,0,0,0,0,0,0,0,0,0,0,0,
learnxinyminutes-docs,19-12-2015,85e5817a6ad2a7643391da7e7cd8dcd6d6d91f9c,0,0,0,0,0,0,0,0,0,0,0,0,0,0,0,0,0,0,0,
learnxinyminutes-docs,30-12-2015,4af768019ced6c179a09180adc2b0fb9adebc1d8,0,0,0,0,0,0,0,0,0,0,0,0,0,0,0,0,0,0,0,
learnxinyminutes-docs,06-01-2016,4ba4c26f36f0c192af089930d11096fb1687f5ff,0,0,0,0,0,0,0,0,0,0,0,0,0,0,0,0,0,0,0,
learnxinyminutes-docs,14-01-2016,810108ee73a6acc882155ec7ff1bc07983ced05e,0,0,0,0,0,0,0,0,0,0,0,0,0,0,0,0,0,0,0,
learnxinyminutes-docs,22-01-2016,4d1b90826f7625fc5fb438b3581866e2d33f7e99,0,0,0,0,0,0,0,0,0,0,0,0,0,0,0,0,0,0,0,
learnxinyminutes-docs,29-01-2016,fc1dd9d6af6f1e99c29655a766fda19d78440ee3,0,0,0,0,0,0,0,0,0,0,0,0,0,0,0,0,0,0,0,
learnxinyminutes-docs,05-02-2016,e85f9bf8f247becb78dda2d798e8ed173e1d041b,0,0,0,0,0,0,0,0,0,0,0,0,0,0,0,0,0,0,0,
learnxinyminutes-docs,12-02-2016,85b4e2084e625ebbdfe8899b85bc207e9e5184f6,0,0,0,0,0,0,0,0,0,0,0,0,0,0,0,0,0,0,0,
learnxinyminutes-docs,17-02-2016,9f6ecfddd2237a55cd5d9087b7bd48fe6688c2b2,0,0,0,0,0,0,0,0,0,0,0,0,0,0,0,0,0,0,0,
learnxinyminutes-docs,19-02-2016,48b2244ac353890d7ebf3ecff908a6baab625ebb,0,0,0,0,0,0,0,0,0,0,0,0,0,0,0,0,0,0,0,
learnxinyminutes-docs,26-02-2016,95bb627df8d5adebcb99f02088a8fc7acee94255,0,0,0,0,0,0,0,0,0,0,0,0,0,0,0,0,0,0,0,
learnxinyminutes-docs,27-02-2016,952a7da82a30d4509d0d5aa8cfc61e63f6b11ce5,0,0,0,0,0,0,0,0,0,0,0,0,0,0,0,0,0,0,0,
learnxinyminutes-docs,28-02-2016,d80f8d2c80156f2d24532509fbdca24252f18f02,0,0,0,0,0,0,0,0,0,0,0,0,0,0,0,0,0,0,0,
learnxinyminutes-docs,03-03-2016,3bb265de2e75eba68ca51d3c63173211bb4d59de,0,0,0,0,0,0,0,0,0,0,0,0,0,0,0,0,0,0,0,
learnxinyminutes-docs,10-03-2016,2e57c76561195431e09291378b934502483e3545,0,0,0,0,0,0,0,0,0,0,0,0,0,0,0,0,0,0,0,
learnxinyminutes-docs,14-03-2016,072424afd77b9d772102f83508fcc337ffc81a7d,0,0,0,0,0,0,0,0,0,0,0,0,0,0,0,0,0,0,0,
learnxinyminutes-docs,21-03-2016,bcac9e126ca6fe617e05c8a9e54b4d8d93110b2f,0,0,0,0,0,0,0,0,0,0,0,0,0,0,0,0,0,0,0,
learnxinyminutes-docs,29-03-2016,5481cbfd3662390a967d6a7695815fe0a0e85cd8,0,0,0,0,0,0,0,0,0,0,0,0,0,0,0,0,0,0,0,
learnxinyminutes-docs,06-04-2016,591eab5e4f8f0a27306588d78964a4879368ca6c,0,0,0,0,0,0,0,0,0,0,0,0,0,0,0,0,0,0,0,
learnxinyminutes-docs,16-04-2016,2e77f54c34fb8d8818c43fbb84711188b0e5cb8b,0,0,0,0,0,0,0,0,0,0,0,0,0,0,0,0,0,0,0,
learnxinyminutes-docs,25-04-2016,9b400a620a189c21c41ea3aa36c81726c134af81,0,0,0,0,0,0,0,0,0,0,0,0,0,0,0,0,0,0,0,
learnxinyminutes-docs,02-05-2016,ef486c21197c30d39399f695bb5414b50ef6c4ac,0,0,0,0,0,0,0,0,0,0,0,0,0,0,0,0,0,0,0,
learnxinyminutes-docs,12-05-2016,4e5439c21f5ab5ba33e46926b2fc5e44e25362ae,0,0,0,0,0,0,0,0,0,0,0,0,0,0,0,0,0,0,0,
learnxinyminutes-docs,19-05-2016,88d2e3667761b42ee4d4db6ccab18ad7f29c0a47,0,0,0,0,0,0,0,0,0,0,0,0,0,0,0,0,0,0,0,
learnxinyminutes-docs,30-05-2016,4e118150a2ba76129389d6f57ff86f942fc50863,0,0,0,0,0,0,0,0,0,0,0,0,0,0,0,0,0,0,0,
learnxinyminutes-docs,07-06-2016,0a93da20009c51e28b2d12a142f06aaa680a231f,0,0,0,0,0,0,0,0,0,0,0,0,0,0,0,0,0,0,0,
learnxinyminutes-docs,23-06-2016,83eb5dd94eabe8f3309beacdbe5efa7ef719fefe,0,0,0,0,0,0,0,0,0,0,0,0,0,0,0,0,0,0,0,
learnxinyminutes-docs,02-07-2016,5dee671bfef8c4ab253a1992f03176b72948f226,0,0,0,0,0,0,0,0,0,0,0,0,0,0,0,0,0,0,0,
learnxinyminutes-docs,09-07-2016,56b3d98321eb4f48ffd06077d07e5208d8481ea2,0,0,0,0,0,0,0,0,0,0,0,0,0,0,0,0,0,0,0,
learnxinyminutes-docs,16-07-2016,a4db2f20120aa1efcbccc42ec78f95948f56fbde,0,0,0,0,0,0,0,0,0,0,0,0,0,0,0,0,0,0,0,
learnxinyminutes-docs,31-07-2016,dce4fefd20c025d1dd7b05781e587a6c7997da91,0,0,0,0,0,0,0,0,0,0,0,0,0,0,0,0,0,0,0,
learnxinyminutes-docs,07-08-2016,c0183a42cd8e52e5ee8d46645a41ab7c86f7a134,0,0,0,0,0,0,0,0,0,0,0,0,0,0,0,0,0,0,0,
learnxinyminutes-docs,17-08-2016,21c4be47790c230cf5a321aeabb5c07ad57f0522,0,0,0,0,0,0,0,0,0,0,0,0,0,0,0,0,0,0,0,
learnxinyminutes-docs,25-08-2016,f4371a8367ab4dbb5ac3e112fe6a5fc6654a28c8,0,0,0,0,0,0,0,0,0,0,0,0,0,0,0,0,0,0,0,
learnxinyminutes-docs,01-09-2016,7beaa529b912ccda6e26eee85acae50e79c6d6d5,0,0,0,0,0,0,0,0,0,0,0,0,0,0,0,0,0,0,0,
learnxinyminutes-docs,09-09-2016,a881273333dff36b2d96bd316ed2c90161c46fcc,0,0,0,0,0,0,0,0,0,0,0,0,0,0,0,0,0,0,0,
learnxinyminutes-docs,16-09-2016,f31b2ea0327d26f92e5b4460a3f8c5d9103af4b6,0,0,0,0,0,0,0,0,0,0,0,0,0,0,0,0,0,0,0,
learnxinyminutes-docs,23-09-2016,f6ada69ff92e1b501114a7ea1df3073c9131a570,0,0,0,0,0,0,0,0,0,0,0,0,0,0,0,0,0,0,0,
learnxinyminutes-docs,02-10-2016,e7b9774eee967fad13cbfed879e472fe9b9f1e87,0,0,0,0,0,0,0,0,0,0,0,0,0,0,0,0,0,0,0,
learnxinyminutes-docs,09-10-2016,da26d353ae2a32edc1509049a18160bf33d07d1e,0,0,0,0,0,0,0,0,0,0,0,0,0,0,0,0,0,0,0,
learnxinyminutes-docs,17-10-2016,500a79811a2aece3ef75501f3ee7d70cf5930ccf,0,0,0,0,0,0,0,0,0,0,0,0,0,0,0,0,0,0,0,
learnxinyminutes-docs,24-10-2016,923721ebf1969b8a3e40c6543ef6b3aeb3c77ad0,0,0,0,0,0,0,0,0,0,0,0,0,0,0,0,0,0,0,0,
learnxinyminutes-docs,31-10-2016,70db79b2bacdc430d23df59abf452b4b1e04060d,0,0,0,0,0,0,0,0,0,0,0,0,0,0,0,0,0,0,0,
learnxinyminutes-docs,07-11-2016,8b4313d26b80cb00360d028a99a0d25da3d728eb,0,0,0,0,0,0,0,0,0,0,0,0,0,0,0,0,0,0,0,
learnxinyminutes-docs,16-11-2016,ebc70fe2897cd8fddcde60299fb4fd9b0aae5150,0,0,0,0,0,0,0,0,0,0,0,0,0,0,0,0,0,0,0,
learnxinyminutes-docs,23-11-2016,152fddbd9245c6380f7113eb7639fbf0d1fd1c2c,0,0,0,0,0,0,0,0,0,0,0,0,0,0,0,0,0,0,0,
learnxinyminutes-docs,04-12-2016,61e0d6e13b72d12111e9a42987ebcb5475ad25b9,0,0,0,0,0,0,0,0,0,0,0,0,0,0,0,0,0,0,0,
learnxinyminutes-docs,12-12-2016,7dbbcd50def4a1d92f95058ad636083edb92a6a9,0,0,0,0,0,0,0,0,0,0,0,0,0,0,0,0,0,0,0,
learnxinyminutes-docs,20-12-2016,4737819e5da9e399b312b04417b1b2526f8907be,0,0,0,0,0,0,0,0,0,0,0,0,0,0,0,0,0,0,0,
learnxinyminutes-docs,28-12-2016,60bba321d3237a2fd1e9557e52e3e6f1ac3d977e,0,0,0,0,0,0,0,0,0,0,0,0,0,0,0,0,0,0,0,
learnxinyminutes-docs,06-01-2017,33b1476f38b7036eb16a20fbc43c8ef42b4bf4d5,0,0,0,0,0,0,0,0,0,0,0,0,0,0,0,0,0,0,0,
learnxinyminutes-docs,13-01-2017,96a46ef4c1f706a06e050bf5e39472c8ef744369,0,0,0,0,0,0,0,0,0,0,0,0,0,0,0,0,0,0,0,
learnxinyminutes-docs,21-01-2017,05614d0920804799aec69fddadac4356c91020a2,0,0,0,0,0,0,0,0,0,0,0,0,0,0,0,0,0,0,0,
learnxinyminutes-docs,31-01-2017,43b7377051ed469fd2f3217246e37baf2242cf86,0,0,0,0,0,0,0,0,0,0,0,0,0,0,0,0,0,0,0,
learnxinyminutes-docs,13-02-2017,6c7c2df7fec9dd4bf329bb12ffbc8a221b954eca,0,0,0,0,0,0,0,0,0,0,0,0,0,0,0,0,0,0,0,
learnxinyminutes-docs,21-02-2017,4ec61bfa79ccf0a6388d6e14614a5c98ff399290,0,0,0,0,0,0,0,0,0,0,0,0,0,0,0,0,0,0,0,
learnxinyminutes-docs,02-03-2017,56275f78b21fbda664b0214bd108bdcf3550e735,0,0,0,0,0,0,0,0,0,0,0,0,0,0,0,0,0,0,0,
learnxinyminutes-docs,15-03-2017,9e8a3d73b687b3b4ee3558ceef2c1944f7d4051c,0,0,0,0,0,0,0,0,0,0,0,0,0,0,0,0,0,0,0,
learnxinyminutes-docs,24-03-2017,c1d773eab766891c8c9f5820bf18c8fafa6a8d5e,0,0,0,0,0,0,0,0,0,0,0,0,0,0,0,0,0,0,0,
learnxinyminutes-docs,01-04-2017,63a6eb1182205389388e13b680962199ac9b3ffb,0,0,0,0,0,0,0,0,0,0,0,0,0,0,0,0,0,0,0,
learnxinyminutes-docs,10-04-2017,c74df79bdc8b652bb35c30d1e34f7c23d6944a77,0,0,0,0,0,0,0,0,0,0,0,0,0,0,0,0,0,0,0,
learnxinyminutes-docs,18-04-2017,67953779e8d845aae0ff4910e8e50cc9f2676f56,0,0,0,0,0,0,0,0,0,0,0,0,0,0,0,0,0,0,0,
learnxinyminutes-docs,02-05-2017,77241749f80880202d950cb700cdff2c9233a4f3,0,0,0,0,0,0,0,0,0,0,0,0,0,0,0,0,0,0,0,
learnxinyminutes-docs,10-05-2017,f4940fcc2ebacf9d019526b179fdd77afe5d5253,0,0,0,0,0,0,0,0,0,0,0,0,0,0,0,0,0,0,0,
learnxinyminutes-docs,23-05-2017,3c7750b5639cc4072014af9dafceb7cf6ec5e15d,0,0,0,0,0,0,0,0,0,0,0,0,0,0,0,0,0,0,0,
learnxinyminutes-docs,01-06-2017,a2ee84b2010691d7a54a9b335b12e92b366c7eae,0,0,0,0,0,0,0,0,0,0,0,0,0,0,0,0,0,0,0,
learnxinyminutes-docs,08-06-2017,fe631393436b9a2e647f8e60076f275a7a9e519c,0,0,0,0,0,0,0,0,0,0,0,0,0,0,0,0,0,0,0,
learnxinyminutes-docs,16-06-2017,34b6b504fa30f8c344ac111ea7474e336136f5c4,0,0,0,0,0,0,0,0,0,0,0,0,0,0,0,0,0,0,0,
learnxinyminutes-docs,24-06-2017,ec10b157024de100522089421ea93c34395fb8db,0,0,0,0,0,0,0,0,0,0,0,0,0,0,0,0,0,0,0,
learnxinyminutes-docs,04-07-2017,362135e6bc78a48acb8610b9956d87193680c5cb,0,0,0,0,0,0,0,0,0,0,0,0,0,0,0,0,0,0,0,
learnxinyminutes-docs,11-07-2017,11de91491dc6931ff4e23b1ec18d082b9e232fbe,0,0,0,0,0,0,0,0,0,0,0,0,0,0,0,0,0,0,0,
learnxinyminutes-docs,18-07-2017,4b5a50ebfd82efc1c57e6a842ad22116b5ba5ccf,0,0,0,0,0,0,0,0,0,0,0,0,0,0,0,0,0,0,0,
learnxinyminutes-docs,26-07-2017,13f88bc73d6ed0540d6bf4acea74a863216a5ac7,0,0,0,0,0,0,0,0,0,0,0,0,0,0,0,0,0,0,0,
learnxinyminutes-docs,02-08-2017,9d0d3a0e342d483278e02ccdefa5eb51073a8899,0,0,0,0,0,0,0,0,0,0,0,0,0,0,0,0,0,0,0,
learnxinyminutes-docs,11-08-2017,c4b9f335491d7393860f5ac14bcf2b9e70db498b,0,0,0,0,0,0,0,0,0,0,0,0,0,0,0,0,0,0,0,
learnxinyminutes-docs,18-08-2017,e3f904d911e661fc74965be50bbfecd9f0b07d95,0,0,0,0,0,0,0,0,0,0,0,0,0,0,0,0,0,0,0,
learnxinyminutes-docs,26-08-2017,f5e226ae8a70917a3272f10b9f35b5eced085a04,0,0,0,0,0,0,0,0,0,0,0,0,0,0,0,0,0,0,0,
learnxinyminutes-docs,05-09-2017,3e4f4e4dcd579f3350a5434e424794db9318ca5c,0,0,0,0,0,0,0,0,0,0,0,0,0,0,0,0,0,0,0,
learnxinyminutes-docs,13-09-2017,33d6dce8ba38070e5f1fe38112e0f17ed48f2192,0,0,0,0,0,0,0,0,0,0,0,0,0,0,0,0,0,0,0,
learnxinyminutes-docs,20-09-2017,2c774e7e19e2143e3a6df006b9ddd90f1bead6a2,0,0,0,0,0,0,0,0,0,0,0,0,0,0,0,0,0,0,0,
learnxinyminutes-docs,28-09-2017,c8ba31adb47777db7bc0669b20474f7bac921eff,0,0,0,0,0,0,0,0,0,0,0,0,0,0,0,0,0,0,0,
learnxinyminutes-docs,05-10-2017,8bccfb8be287e8f85129a45abb046a3f27b1e0dd,0,0,0,0,0,0,0,0,0,0,0,0,0,0,0,0,0,0,0,
learnxinyminutes-docs,13-10-2017,6b8264756b574be0af84e0a8a104cfa75c0027bb,0,0,0,0,0,0,0,0,0,0,0,0,0,0,0,0,0,0,0,
learnxinyminutes-docs,24-10-2017,4eb33f98b47dfbf6ae0c7c2148faadab310f53c5,0,0,0,0,0,0,0,0,0,0,0,0,0,0,0,0,0,0,0,
learnxinyminutes-docs,31-10-2017,28ce1bc6d79a817de6145638af34778879c4e4fb,0,0,0,0,0,0,0,0,0,0,0,0,0,0,0,0,0,0,0,
learnxinyminutes-docs,08-11-2017,20893f5d83b4f7a1585bac9e7656d6af46183262,0,0,0,0,0,0,0,0,0,0,0,0,0,0,0,0,0,0,0,
learnxinyminutes-docs,18-11-2017,6c58f36fb4ebb6d1c346246c57c91940c5ea47f5,0,0,0,0,0,0,0,0,0,0,0,0,0,0,0,0,0,0,0,
learnxinyminutes-docs,30-11-2017,8d09ffb07020fad0d7d7c3197e0926b42b436e85,0,0,0,0,0,0,0,0,0,0,0,0,0,0,0,0,0,0,0,
learnxinyminutes-docs,07-12-2017,83d3efe45f3bd676b42ea6c1d3e3ae7d23e8ad85,0,0,0,0,0,0,0,0,0,0,0,0,0,0,0,0,0,0,0,
learnxinyminutes-docs,17-12-2017,c06af7a5ac4097b26113ea649893e57e405edefc,0,0,0,0,0,0,0,0,0,0,0,0,0,0,0,0,0,0,0,
learnxinyminutes-docs,27-12-2017,563e135e68223775e2db5bea3421afddc28d8c30,0,0,0,0,0,0,0,0,0,0,0,0,0,0,0,0,0,0,0,
learnxinyminutes-docs,04-01-2018,9999a30e045f59fe3347b8822f71fff32b3ffc27,0,0,0,0,0,0,0,0,0,0,0,0,0,0,0,0,0,0,0,
learnxinyminutes-docs,18-01-2018,1cb515c563a654c09d94f7e962bd81290550a7bb,0,0,0,0,0,0,0,0,0,0,0,0,0,0,0,0,0,0,0,
learnxinyminutes-docs,25-01-2018,7cd43d8ad42b61948d2c571c202ee9b3d210e153,0,0,0,0,0,0,0,0,0,0,0,0,0,0,0,0,0,0,0,
learnxinyminutes-docs,06-02-2018,05f090fba414cde1b7dc48dca803b9a80cb17f63,0,0,0,0,0,0,0,0,0,0,0,0,0,0,0,0,0,0,0,
learnxinyminutes-docs,15-02-2018,c90ee7202e5bb3a00fa4c7159b57586c3aef8ea8,0,0,0,0,0,0,0,0,0,0,0,0,0,0,0,0,0,0,0,
learnxinyminutes-docs,23-02-2018,543a1b517b050912806588f4ec351d708961e1c0,0,0,0,0,0,0,0,0,0,0,0,0,0,0,0,0,0,0,0,
learnxinyminutes-docs,27-02-2018,067a5df121f3541539321a2a9f32713fd5ebb0f2,0,0,0,0,0,0,0,0,0,0,0,0,0,0,0,0,0,0,0,
learnxinyminutes-docs,06-03-2018,7dcd513d39c79c149d4595231fe6a84efb01b7c2,0,0,0,0,0,0,0,0,0,0,0,0,0,0,0,0,0,0,0,
learnxinyminutes-docs,14-03-2018,588b699b25f4ff13d2f5ed745450923b47cd73f8,0,0,0,0,0,0,0,0,0,0,0,0,0,0,0,0,0,0,0,
learnxinyminutes-docs,23-03-2018,74ed7c684f0f7a22e61e12aba22cbb9b873e35ef,0,0,0,0,0,0,0,0,0,0,0,0,0,0,0,0,0,0,0,
learnxinyminutes-docs,31-03-2018,21ec02e5ead9523acf2321354aea11430a52e629,0,0,0,0,0,0,0,0,0,0,0,0,0,0,0,0,0,0,0,
learnxinyminutes-docs,08-04-2018,3f02799903c104631ccf778dabb30ba8b116b7bc,0,0,0,0,0,0,0,0,0,0,0,0,0,0,0,0,0,0,0,
learnxinyminutes-docs,15-04-2018,3fd6697c5eba4cb4fd6aff8ac58109d2cd79dbbb,0,0,0,0,0,0,0,0,0,0,0,0,0,0,0,0,0,0,0,
learnxinyminutes-docs,07-05-2018,50021745fa4cd0d5ad5a475f2b2f126fcc662767,0,0,0,0,0,0,0,0,0,0,0,0,0,0,0,0,0,0,0,
learnxinyminutes-docs,15-05-2018,2af6679e91bdaf055cc969e7fbf7c2585f744e43,0,0,0,0,0,0,0,0,0,0,0,0,0,0,0,0,0,0,0,
learnxinyminutes-docs,25-05-2018,198df4779beaa51e94aca69deff7ad7a572a3f06,0,0,0,0,0,0,0,0,0,0,0,0,0,0,0,0,0,0,0,
learnxinyminutes-docs,02-06-2018,30a2c3a55ba06efa5ba4332f545b6d48fa7fe071,0,0,0,0,0,0,0,0,0,0,0,0,0,0,0,0,0,0,0,
learnxinyminutes-docs,09-06-2018,a1680153e0fcba0b95bbd522e52d504b71410396,0,0,0,0,0,0,0,0,0,0,0,0,0,0,0,0,0,0,0,
learnxinyminutes-docs,17-06-2018,13812cc1741729cca7f714be89500da647e09e5c,0,0,0,0,0,0,0,0,0,0,0,0,0,0,0,0,0,0,0,
learnxinyminutes-docs,24-06-2018,254879a3be6829fa13d984a73dcda994aa3cd83d,0,0,0,0,0,0,0,0,0,0,0,0,0,0,0,0,0,0,0,
learnxinyminutes-docs,03-07-2018,e42e4b9b22d6d1e267d5c5931dd40f050401ba44,0,0,0,0,0,0,0,0,0,0,0,0,0,0,0,0,0,0,0,
learnxinyminutes-docs,10-07-2018,c421b1bd0d18ab57c88665bd14b289e75724cf37,0,0,0,0,0,0,0,0,0,0,0,0,0,0,0,0,0,0,0,
learnxinyminutes-docs,20-07-2018,dbb858281a8c5948606ad3a07225915954a03953,0,0,0,0,0,0,0,0,0,0,0,0,0,0,0,0,0,0,0,
learnxinyminutes-docs,28-07-2018,b6aed7a0b38bf189922dbc47ed802de3c9769b73,0,0,0,0,0,0,0,0,0,0,0,0,0,0,0,0,0,0,0,
learnxinyminutes-docs,08-08-2018,b7bb2fc93d9449c35c318d051045c519d5680bb8,0,0,0,0,0,0,0,0,0,0,0,0,0,0,0,0,0,0,0,
learnxinyminutes-docs,16-08-2018,55d4030e97ff206267bc28e5ee42d2ad07db3143,0,0,0,0,0,0,0,0,0,0,0,0,0,0,0,0,0,0,0,
learnxinyminutes-docs,29-08-2018,b0d4255a8000885f4822652967778c8bf537b734,0,0,0,0,0,0,0,0,0,0,0,0,0,0,0,0,0,0,0,
learnxinyminutes-docs,05-09-2018,5da3efebe49e5ef7cdfbbaf8e24d6ee679b09e37,0,0,0,0,0,0,0,0,0,0,0,0,0,0,0,0,0,0,0,
learnxinyminutes-docs,12-09-2018,c8c351d1531f1e7a2507f233652a2e23a588ae66,0,0,0,0,0,0,0,0,0,0,0,0,0,0,0,0,0,0,0,
learnxinyminutes-docs,19-09-2018,681bf26320b3540e65d6afa159d3374290c42e69,0,0,0,0,0,0,0,0,0,0,0,0,0,0,0,0,0,0,0,
learnxinyminutes-docs,28-09-2018,61582f64149f6d5bd00880dfebd7e2b4904a6d77,0,0,0,0,0,0,0,0,0,0,0,0,0,0,0,0,0,0,0,
learnxinyminutes-docs,06-10-2018,8b1f80c472748359da442bd66232aae611610f50,0,0,0,0,0,0,0,0,0,0,0,0,0,0,0,0,0,0,0,
learnxinyminutes-docs,13-10-2018,b4647a6eb3b123d12f4469d308268e536c79341c,0,0,0,0,0,0,0,0,0,0,0,0,0,0,0,0,0,0,0,
learnxinyminutes-docs,21-10-2018,678e42b2a34cd91f40139eefa7cc3dd3e6e4e30a,0,0,0,0,0,0,0,0,0,0,0,0,0,0,0,0,0,0,0,
learnxinyminutes-docs,28-10-2018,85a98dc3af78cb5e860f478b08e754343a7518d0,0,0,0,0,0,0,0,0,0,0,0,0,0,0,0,0,0,0,0,
learnxinyminutes-docs,28-10-2018,7825aa838433851d03c393bceb06716bdcfafb66,0,0,0,0,0,0,0,0,0,0,0,0,0,0,0,0,0,0,0,
learnxinyminutes-docs,05-11-2018,85ef19ebfea6796cee2d031c60da3b775b098f36,0,0,0,0,0,0,0,0,0,0,0,0,0,0,0,0,0,0,0,
learnxinyminutes-docs,12-11-2018,58fa4274a898c75e90cb1a306a5cd84011b7c86c,0,0,0,0,0,0,0,0,0,0,0,0,0,0,0,0,0,0,0,
learnxinyminutes-docs,21-11-2018,34b2ab3a8b8ab345193585fd686e2ddbf6d36169,0,0,0,0,0,0,0,0,0,0,0,0,0,0,0,0,0,0,0,
learnxinyminutes-docs,30-11-2018,4a891817ee54fb66cdf793990350f2370c70728d,0,0,0,0,0,0,0,0,0,0,0,0,0,0,0,0,0,0,0,
learnxinyminutes-docs,03-12-2018,484e1325ef5c1cda1298b82c64252405e57d6a98,0,0,0,0,0,0,0,0,0,0,0,0,0,0,0,0,0,0,0,
learnxinyminutes-docs,07-12-2018,ef4106486f94fb8273e27a8aab0babc4324a3e20,0,0,0,0,0,0,0,0,0,0,0,0,0,0,0,0,0,0,0,
learnxinyminutes-docs,14-12-2018,fb80864d4c39498c876d3700ca976c1af60ce90e,0,0,0,0,0,0,0,0,0,0,0,0,0,0,0,0,0,0,0,
learnxinyminutes-docs,23-12-2018,4a51a5f8797f906bd78b2b0cc2df2f01e496e7d9,0,0,0,0,0,0,0,0,0,0,0,0,0,0,0,0,0,0,0,
learnxinyminutes-docs,28-12-2018,6c4a7afacc93ccd6a36e2b50e029c9f6fbe17726,0,0,0,0,0,0,0,0,0,0,0,0,0,0,0,0,0,0,0,
learnxinyminutes-docs,07-01-2019,38945d8be9f67cc6ed6d5ba213e907a31f01ec58,0,0,0,0,0,0,0,0,0,0,0,0,0,0,0,0,0,0,0,
learnxinyminutes-docs,15-01-2019,29f2f5a5315a4427f19896ce729f0b5ccce20764,0,0,0,0,0,0,0,0,0,0,0,0,0,0,0,0,0,0,0,
learnxinyminutes-docs,27-01-2019,217e32442cfd9550ad53f92ce1470527ed1b89a9,0,0,0,0,0,0,0,0,0,0,0,0,0,0,0,0,0,0,0,
learnxinyminutes-docs,05-02-2019,9b5b5f6d31b64be55e64c5f45084e45115f2f350,0,0,0,0,0,0,0,0,0,0,0,0,0,0,0,0,0,0,0,
learnxinyminutes-docs,13-02-2019,520ce46ab55f52f6e58841354f51722ec8a8387e,0,0,0,0,0,0,0,0,0,0,0,0,0,0,0,0,0,0,0,
learnxinyminutes-docs,21-02-2019,cedb7eca42d0eec30064f77c0ab9602bfc3c0bc7,0,0,0,0,0,0,0,0,0,0,0,0,0,0,0,0,0,0,0,
learnxinyminutes-docs,02-03-2019,77310658c8201f0193adb2ac4eb55a6093923243,0,0,0,0,0,0,0,0,0,0,0,0,0,0,0,0,0,0,0,
learnxinyminutes-docs,15-03-2019,8886e7c5e17fdcd53cef52807658a72c24f60d7c,0,0,0,0,0,0,0,0,0,0,0,0,0,0,0,0,0,0,0,
learnxinyminutes-docs,22-03-2019,f801ff3fe04d5a6f1ecd59d122d6e3ced4c5f71c,0,0,0,0,0,0,0,0,0,0,0,0,0,0,0,0,0,0,0,
learnxinyminutes-docs,29-03-2019,22a4106a47183d2323e6e1586fb0584b9ac9eadf,0,0,0,0,0,0,0,0,0,0,0,0,0,0,0,0,0,0,0,
learnxinyminutes-docs,06-04-2019,c0c2272be0275fd2fa935751c6f86eb41e8cef12,0,0,0,0,0,0,0,0,0,0,0,0,0,0,0,0,0,0,0,
learnxinyminutes-docs,15-04-2019,be7cf6dabfeec7849f477edb00700d2bc698cadb,0,0,0,0,0,0,0,0,0,0,0,0,0,0,0,0,0,0,0,
learnxinyminutes-docs,23-04-2019,6e0ce5f976b88545257d24d9826757a5a68e2a28,0,0,0,0,0,0,0,0,0,0,0,0,0,0,0,0,0,0,0,
learnxinyminutes-docs,01-05-2019,3bc441d4666b058f116949a60977adb79224dc62,0,0,0,0,0,0,0,0,0,0,0,0,0,0,0,0,0,0,0,
learnxinyminutes-docs,11-05-2019,0c12bfb20cce4868402be99ae4fc05defdbf0ac2,0,0,0,0,0,0,0,0,0,0,0,0,0,0,0,0,0,0,0,
learnxinyminutes-docs,20-05-2019,6be11a3b47395c6b14f2dc0b6469f83146372c58,0,0,0,0,0,0,0,0,0,0,0,0,0,0,0,0,0,0,0,
learnxinyminutes-docs,29-05-2019,98534da524ea0fa42f53d299546c6bf102c4a282,0,0,0,0,0,0,0,0,0,0,0,0,0,0,0,0,0,0,0,
learnxinyminutes-docs,06-06-2019,a2c6510c23957d0069d666c424e9845c49465413,0,0,0,0,0,0,0,0,0,0,0,0,0,0,0,0,0,0,0,
learnxinyminutes-docs,13-06-2019,1b57d297ab78e17cc7d223290d2f4560fd20f9cb,0,0,0,0,0,0,0,0,0,0,0,0,0,0,0,0,0,0,0,
learnxinyminutes-docs,23-06-2019,814825ef47ffa276303c47e2fb43caf21314039d,0,0,0,0,0,0,0,0,0,0,0,0,0,0,0,0,0,0,0,
learnxinyminutes-docs,05-07-2019,f2b4df9a8e57406212101fc17be05c1a5858a1b3,0,0,0,0,0,0,0,0,0,0,0,0,0,0,0,0,0,0,0,
learnxinyminutes-docs,20-07-2019,5417ef74d68c24fbb7107463c194a061497a4f6a,0,0,0,0,0,0,0,0,0,0,0,0,0,0,0,0,0,0,0,
learnxinyminutes-docs,29-07-2019,6ea4f43f35747fd373b3940d984e94a89b9d8eec,0,0,0,0,0,0,0,0,0,0,0,0,0,0,0,0,0,0,0,
learnxinyminutes-docs,06-08-2019,4132daa9e5eacab90eedbc63a203b9d21ca7ae5c,0,0,0,0,0,0,0,0,0,0,0,0,0,0,0,0,0,0,0,
learnxinyminutes-docs,13-08-2019,91f1f4f936f13e7363d832771acb6f5b2cd14879,0,0,0,0,0,0,0,0,0,0,0,0,0,0,0,0,0,0,0,
learnxinyminutes-docs,21-08-2019,77ab89a4b3ead12172230781e61bed629e12f7b5,0,0,0,0,0,0,0,0,0,0,0,0,0,0,0,0,0,0,0,
learnxinyminutes-docs,01-09-2019,fdd278fde1fc7e5c26a853200cade201bb86e48f,0,0,0,0,0,0,0,0,0,0,0,0,0,0,0,0,0,0,0,
learnxinyminutes-docs,08-09-2019,8a4aeb0fd38d67d5780c11bc013bbbf32fe68f8c,0,0,0,0,0,0,0,0,0,0,0,0,0,0,0,0,0,0,0,
learnxinyminutes-docs,22-09-2019,1e4af002ce9418f0ebbb8cf761503024b48d18b9,0,0,0,0,0,0,0,0,0,0,0,0,0,0,0,0,0,0,0,
learnxinyminutes-docs,30-09-2019,a22ba3395320bbd266aad71e73e8059fc84f45a7,0,0,0,0,0,0,0,0,0,0,0,0,0,0,0,0,0,0,0,
learnxinyminutes-docs,07-10-2019,4fafc4a432ff9008db111d5f269464d5c67ce5a5,0,0,0,0,0,0,0,0,0,0,0,0,0,0,0,0,0,0,0,
learnxinyminutes-docs,08-10-2019,e81c081dc36a6f51c1000ec6a2ad2a055a2a33e5,0,0,0,0,0,0,0,0,0,0,0,0,0,0,0,0,0,0,0,
learnxinyminutes-docs,14-10-2019,33211b82f73a3f04a6adb8aa691f82ae767b5ae7,0,0,0,0,0,0,0,0,0,0,0,0,0,0,0,0,0,0,0,
learnxinyminutes-docs,25-10-2019,4ac076c8f289034e670d1507158324cc0334cddd,0,0,0,0,0,0,0,0,0,0,0,0,0,0,0,0,0,0,0,
learnxinyminutes-docs,25-10-2019,0af4996d08c550144cf368f0fd6e0693294896a0,0,0,0,0,0,0,0,0,0,0,0,0,0,0,0,0,0,0,0,
learnxinyminutes-docs,01-11-2019,69ef8d3f3a7df9d116b9df937569fb6d00db96e8,0,0,0,0,0,0,0,0,0,0,0,0,0,0,0,0,0,0,0,
learnxinyminutes-docs,10-11-2019,9d28c2d2f3ed884872af173e53ddb4ad0c90c18d,0,0,0,0,0,0,0,0,0,0,0,0,0,0,0,0,0,0,0,
learnxinyminutes-docs,10-11-2019,83cb919e5ed5c0f1d835bda0d2f690cc04eb74d5,0,0,0,0,0,0,0,0,0,0,0,0,0,0,0,0,0,0,0,
learnxinyminutes-docs,18-11-2019,4f933f88a60a1ed100289d60c5d5782b3915836e,0,0,0,0,0,0,0,0,0,0,0,0,0,0,0,0,0,0,0,
learnxinyminutes-docs,26-11-2019,672b3804f933a40df15db2e29d9a06030928194b,0,0,0,0,0,0,0,0,0,0,0,0,0,0,0,0,0,0,0,
learnxinyminutes-docs,09-12-2019,03c06ac1bc8dc2da43d6ff29cade0d235103033c,0,0,0,0,0,0,0,0,0,0,0,0,0,0,0,0,0,0,0,
learnxinyminutes-docs,16-12-2019,f31459d3accf6d35e540c7903c0be1c5ec8b49d2,0,0,0,0,0,0,0,0,0,0,0,0,0,0,0,0,0,0,0,
learnxinyminutes-docs,28-12-2019,eb6aa85639898f1c5a2f56718941454e8d993b98,0,0,0,0,0,0,0,0,0,0,0,0,0,0,0,0,0,0,0,
learnxinyminutes-docs,16-01-2020,ab5a1953e77288ca27bd7b4c931d8bb2e79a9966,0,0,0,0,0,0,0,0,0,0,0,0,0,0,0,0,0,0,0,
learnxinyminutes-docs,24-01-2020,ccf57b418ed50a10a02f823308d53d4eb6c44696,0,0,0,0,0,0,0,0,0,0,0,0,0,0,0,0,0,0,0,
learnxinyminutes-docs,31-01-2020,2eb57cb02376df701e80d2692deab5809214171a,0,0,0,0,0,0,0,0,0,0,0,0,0,0,0,0,0,0,0,
learnxinyminutes-docs,07-02-2020,a46ac670a03a75d2d24edca46981f7746c64f854,0,0,0,0,0,0,0,0,0,0,0,0,0,0,0,0,0,0,0,
learnxinyminutes-docs,14-02-2020,1055a42304c3e944894442df3cc71d9ff733bf82,0,0,0,0,0,0,0,0,0,0,0,0,0,0,0,0,0,0,0,
learnxinyminutes-docs,21-02-2020,842b247b74a81d8e00dab83875d1f5de15db3cc7,0,0,0,0,0,0,0,0,0,0,0,0,0,0,0,0,0,0,0,
learnxinyminutes-docs,29-02-2020,140e87e6836012597c2b547f096b6afac86174ed,0,0,0,0,0,0,0,0,0,0,0,0,0,0,0,0,0,0,0,
learnxinyminutes-docs,08-03-2020,b7aea95d260e3812cf28b516636d6e3b34d435bc,0,0,0,0,0,0,0,0,0,0,0,0,0,0,0,0,0,0,0,
learnxinyminutes-docs,15-03-2020,89fa0eecf10a25b7eb94b80cfafd0bb59eb410d4,0,0,0,0,0,0,0,0,0,0,0,0,0,0,0,0,0,0,0,
learnxinyminutes-docs,24-03-2020,bede2a3f173b631f77c5f8c71b53cf8f3ffe4115,0,0,0,0,0,0,0,0,0,0,0,0,0,0,0,0,0,0,0,
learnxinyminutes-docs,27-03-2020,0aa2d0b447bd47e33218e14406246c43f0136562,0,0,0,0,0,0,0,0,0,0,0,0,0,0,0,0,0,0,0,
learnxinyminutes-docs,04-04-2020,3406234ef19735ed033ab171185b9b6e24fccfdb,0,0,0,0,0,0,0,0,0,0,0,0,0,0,0,0,0,0,0,
learnxinyminutes-docs,10-04-2020,ef0480286342219c7a592926660018534f5af12a,0,0,0,0,0,0,0,0,0,0,0,0,0,0,0,0,0,0,0,
learnxinyminutes-docs,12-04-2020,7a782b47fe01c41de047bae3861845b64c867203,0,0,0,0,0,0,0,0,0,0,0,0,0,0,0,0,0,0,0,
learnxinyminutes-docs,17-04-2020,cfad802b4fe380f41c7162ff940a2d79865d0ec7,0,0,0,0,0,0,0,0,0,0,0,0,0,0,0,0,0,0,0,
learnxinyminutes-docs,18-04-2020,293972edabb08d00c100de43cfc188e1ab5aab1f,0,0,0,0,0,0,0,0,0,0,0,0,0,0,0,0,0,0,0,
learnxinyminutes-docs,20-04-2020,7f1dc6ce2bde538ecaa8e8c51449215a75440d9d,0,0,0,0,0,0,0,0,0,0,0,0,0,0,0,0,0,0,0,
learnxinyminutes-docs,21-04-2020,c6804101b9f60c9083f88b24a1dfa5b91443fc94,0,0,0,0,0,0,0,0,0,0,0,0,0,0,0,0,0,0,0,
learnxinyminutes-docs,28-04-2020,54c34420f8606fe641a196aeed875814f55467a6,0,0,0,0,0,0,0,0,0,0,0,0,0,0,0,0,0,0,0,
learnxinyminutes-docs,29-04-2020,4bca6a7dd4a504a075c8a4433997931f49b74547,0,0,0,0,0,0,0,0,0,0,0,0,0,0,0,0,0,0,0,
learnxinyminutes-docs,02-05-2020,2d387a2aaee2253705598ac71ea8d3711ddda7eb,0,0,0,0,0,0,0,0,0,0,0,0,0,0,0,0,0,0,0,
learnxinyminutes-docs,05-05-2020,711912580bfc887a898dacc4f9063121b4ec57ee,0,0,0,0,0,0,0,0,0,0,0,0,0,0,0,0,0,0,0,
learnxinyminutes-docs,08-05-2020,729d131a91810547b0478d0fd338937b010ae005,0,0,0,0,0,0,0,0,0,0,0,0,0,0,0,0,0,0,0,
learnxinyminutes-docs,21-05-2020,8a2579a440346f682e8e65ff861d87a25df4539b,0,0,0,0,0,0,0,0,0,0,0,0,0,0,0,0,0,0,0,
learnxinyminutes-docs,23-05-2020,5f6375db90cf0dfdbe457fce4239023ed057579e,0,0,0,0,0,0,0,0,0,0,0,0,0,0,0,0,0,0,0,
learnxinyminutes-docs,24-05-2020,2776a322500a5041a8087cf57dec075b4cdc18c4,0,0,0,0,0,0,0,0,0,0,0,0,0,0,0,0,0,0,0,
learnxinyminutes-docs,25-05-2020,c3b9c3c31d83615be5a6d21db3c61235a8e1071f,0,0,0,0,0,0,0,0,0,0,0,0,0,0,0,0,0,0,0,
learnxinyminutes-docs,25-05-2020,55ad60b7dd85616719d886e6e273026f82ce72b6,0,0,0,0,0,0,0,0,0,0,0,0,0,0,0,0,0,0,0,
learnxinyminutes-docs,27-05-2020,6e2693ac6bc04238b86351cc278760da5dac9916,0,0,0,0,0,0,0,0,0,0,0,0,0,0,0,0,0,0,0,
learnxinyminutes-docs,04-06-2020,d56323d08ef43e1a38b4e75bec51c04ac342de1e,0,0,0,0,0,0,0,0,0,0,0,0,0,0,0,0,0,0,0,
learnxinyminutes-docs,15-06-2020,d78605e0d7839c6c9e7ccf9d07a041800e6d340b,0,0,0,0,0,0,0,0,0,0,0,0,0,0,0,0,0,0,0,
learnxinyminutes-docs,24-06-2020,2df3917975e038bb2750227db19d1cc46bc3175e,0,0,0,0,0,0,0,0,0,0,0,0,0,0,0,0,0,0,0,
learnxinyminutes-docs,08-07-2020,5f7527a6f841b72c4df59f6e5b23c8f5e9ccc986,0,0,0,0,0,0,0,0,0,0,0,0,0,0,0,0,0,0,0,
learnxinyminutes-docs,16-07-2020,6a5b626f788d4aaaa2f3c6e7e749bf3b77410245,0,0,0,0,0,0,0,0,0,0,0,0,0,0,0,0,0,0,0,
learnxinyminutes-docs,20-07-2020,172c14e037be8829c4403805594782accec0f2a1,0,0,0,0,0,0,0,0,0,0,0,0,0,0,0,0,0,0,0,
learnxinyminutes-docs,30-07-2020,83cba60e35fef735ddaa4ea382b11d9d0dc05ef6,0,0,0,0,0,0,0,0,0,0,0,0,0,0,0,0,0,0,0,
learnxinyminutes-docs,01-08-2020,211ec4f50bbd902c219e639d31cb1afec17e4f84,0,0,0,0,0,0,0,0,0,0,0,0,0,0,0,0,0,0,0,
learnxinyminutes-docs,05-08-2020,11db56b81cf860ce161d148e82f606e70406ebf4,0,0,0,0,0,0,0,0,0,0,0,0,0,0,0,0,0,0,0,
learnxinyminutes-docs,08-08-2020,65d6363883be65d01df0a2559b77120e65586bd6,0,0,0,0,0,0,0,0,0,0,0,0,0,0,0,0,0,0,0,
learnxinyminutes-docs,09-08-2020,6f9f3e84ff8e9005f03edbbaac97a5e0b2719ca8,0,0,0,0,0,0,0,0,0,0,0,0,0,0,0,0,0,0,0,
learnxinyminutes-docs,12-08-2020,fd851cbac2ba22f148962cb7db091d753a655e57,0,0,0,0,0,0,0,0,0,0,0,0,0,0,0,0,0,0,0,
learnxinyminutes-docs,17-08-2020,cf5b2a36e0e89dc576cc66e0878ec3d24a8ab8c2,0,0,0,0,0,0,0,0,0,0,0,0,0,0,0,0,0,0,0,
learnxinyminutes-docs,20-08-2020,e17e062e6dcef8adabb70b429bbadb31c16d20eb,0,0,0,0,0,0,0,0,0,0,0,0,0,0,0,0,0,0,0,
learnxinyminutes-docs,24-08-2020,26d2733ab775e1138bfd83fe14253035275671b9,0,0,0,0,0,0,0,0,0,0,0,0,0,0,0,0,0,0,0,
learnxinyminutes-docs,01-09-2020,e6e45b6a7a20bf30e0863082533893cb93470cb4,0,0,0,0,0,0,0,0,0,0,0,0,0,0,0,0,0,0,0,
learnxinyminutes-docs,08-09-2020,292e041289c7d74207cb688b424c4f8b9413bf44,0,0,0,0,0,0,0,0,0,0,0,0,0,0,0,0,0,0,0,
learnxinyminutes-docs,17-09-2020,05439f454dc63fe3b02610295b38903417bc1b47,0,0,0,0,0,0,0,0,0,0,0,0,0,0,0,0,0,0,0,
learnxinyminutes-docs,29-09-2020,dd6624856b90261163d50675a8d777173670c64d,0,0,0,0,0,0,0,0,0,0,0,0,0,0,0,0,0,0,0,
learnxinyminutes-docs,06-10-2020,33cd1f57ef49f4ed0817e906b7579fcf33c253a1,0,0,0,0,0,0,0,0,0,0,0,0,0,0,0,0,0,0,0,
learnxinyminutes-docs,20-10-2020,f98b6c99aa76d4d9fc72ee2af3246c34d40f373b,0,0,0,0,0,0,0,0,0,0,0,0,0,0,0,0,0,0,0,
learnxinyminutes-docs,21-10-2020,e59be08368bfb4c8b24812c7dc0362b7c0f3f122,0,0,0,0,0,0,0,0,0,0,0,0,0,0,0,0,0,0,0,
learnxinyminutes-docs,06-12-2020,cd8b941f929a5a74b6336dc52fb4605ba2757a56,0,0,0,0,0,0,0,0,0,0,0,0,0,0,0,0,0,0,0,
learnxinyminutes-docs,15-12-2020,f5c77c175555ebc8806b05d09b6780da8ea7821c,0,0,0,0,0,0,0,0,0,0,0,0,0,0,0,0,0,0,0,
learnxinyminutes-docs,02-01-2021,1f8cad3260b1a2f266007cb8a09120e69d607923,0,0,0,0,0,0,0,0,0,0,0,0,0,0,0,0,0,0,0,
learnxinyminutes-docs,15-01-2021,4076d78e2604ea95cc7c469864d989d1949550c1,0,0,0,0,0,0,0,0,0,0,0,0,0,0,0,0,0,0,0,
learnxinyminutes-docs,30-01-2021,a86eb3f07efc2f5dc383f0b8612574b740d81023,0,0,0,0,0,0,0,0,0,0,0,0,0,0,0,0,0,0,0,
learnxinyminutes-docs,07-02-2021,b40120e746fb52c24a0627264998b2ceee2d25a4,0,0,0,0,0,0,0,0,0,0,0,0,0,0,0,0,0,0,0,
learnxinyminutes-docs,22-02-2021,f4c740839d78f797e9cbcfa1eb0483ac0ea45501,0,0,0,0,0,0,0,0,0,0,0,0,0,0,0,0,0,0,0,
learnxinyminutes-docs,03-03-2021,735044b08808f3d0fe26bb138146af4727867636,0,0,0,0,0,0,0,0,0,0,0,0,0,0,0,0,0,0,0,
learnxinyminutes-docs,13-03-2021,160ecc8be8cdb79994a4c150927b2f4b1d164923,0,0,0,0,0,0,0,0,0,0,0,0,0,0,0,0,0,0,0,
learnxinyminutes-docs,26-03-2021,b2d02a50f426eb940b3fc8d1c8860b5c75b1fd99,0,0,0,0,0,0,0,0,0,0,0,0,0,0,0,0,0,0,0,
learnxinyminutes-docs,15-04-2021,ca3246f7f8b833bee9403dd3c855aa6e14d2d765,0,0,0,0,0,0,0,0,0,0,0,0,0,0,0,0,0,0,0,
learnxinyminutes-docs,13-05-2021,f4c12e4f112d96350ae9b10c1b1035af97d433ed,0,0,0,0,0,0,0,0,0,0,0,0,0,0,0,0,0,0,0,
learnxinyminutes-docs,28-05-2021,e59b19da9c696388a3db0873b24dd7e84062baf0,0,0,0,0,0,0,0,0,0,0,0,0,0,0,0,0,0,0,0,
learnxinyminutes-docs,18-06-2021,a838d22da8a5519c4009a2be7c547c36e98d28cc,0,0,0,0,0,0,0,0,0,0,0,0,0,0,0,0,0,0,0,
learnxinyminutes-docs,03-07-2021,e4d92f0a65f25b4452b1e132acc02b0ef4e24d01,0,0,0,0,0,0,0,0,0,0,0,0,0,0,0,0,0,0,0,
learnxinyminutes-docs,11-07-2021,a1286822de3f375b804bf95588d6ef53c4c14e6c,0,0,0,0,0,0,0,0,0,0,0,0,0,0,0,0,0,0,0,
learnxinyminutes-docs,08-08-2021,1c2e5a571685bdb6d6940a3079f2a94c2f1cd14e,0,0,0,0,0,0,0,0,0,0,0,0,0,0,0,0,0,0,0,
learnxinyminutes-docs,09-08-2021,9a76ba9d83cc657c8a94153a75c66765b135049e,0,0,0,0,0,0,0,0,0,0,0,0,0,0,0,0,0,0,0,
learnxinyminutes-docs,27-08-2021,01365b6f47af78cc80217c445930a22e36e3901d,0,0,0,0,0,0,0,0,0,0,0,0,0,0,0,0,0,0,0,
learnxinyminutes-docs,18-09-2021,cdc3b0cc274a6ed09a6fe3e235108df0febfc225,0,0,0,0,0,0,0,0,0,0,0,0,0,0,0,0,0,0,0,
learnxinyminutes-docs,25-09-2021,7e5abe2aaf31e079eb97c4b7e25e543db4ecff4c,0,0,0,0,0,0,0,0,0,0,0,0,0,0,0,0,0,0,0,
learnxinyminutes-docs,10-10-2021,1fb1ad6b5f183ac2b6763e7992129c667836e6b1,0,0,0,0,0,0,0,0,0,0,0,0,0,0,0,0,0,0,0,
learnxinyminutes-docs,23-10-2021,a0073189924a558e51bf6168637469c90fb345d3,0,0,0,0,0,0,0,0,0,0,0,0,0,0,0,0,0,0,0,
learnxinyminutes-docs,02-11-2021,74ccc905616e648b443f68fe1e96c5a64449290c,0,0,0,0,0,0,0,0,0,0,0,0,0,0,0,0,0,0,0,
learnxinyminutes-docs,09-11-2021,7004c1645b80cae166c3cc9803f428ebcf6bd6d6,0,0,0,0,0,0,0,0,0,0,0,0,0,0,0,0,0,0,0,
learnxinyminutes-docs,16-11-2021,b9e9f9bcbd9209a735bb08081c98dfbcf7edc32a,0,0,0,0,0,0,0,0,0,0,0,0,0,0,0,0,0,0,0,
learnxinyminutes-docs,01-12-2021,da18f5c914035e317af402370d353537a7d1ed40,0,0,0,0,0,0,0,0,0,0,0,0,0,0,0,0,0,0,0,
learnxinyminutes-docs,10-12-2021,8240a8f7039ee97df256a806ef825af68f7b2567,0,0,0,0,0,0,0,0,0,0,0,0,0,0,0,0,0,0,0,
learnxinyminutes-docs,25-12-2021,077c01cdf358e8d832c0ac720744e061e276c815,0,0,0,0,0,0,0,0,0,0,0,0,0,0,0,0,0,0,0,
learnxinyminutes-docs,08-01-2022,daace78911f19e452acf09919015dd49c953a006,0,0,0,0,0,0,0,0,0,0,0,0,0,0,0,0,0,0,0,
learnxinyminutes-docs,22-01-2022,2f05725cc0bb095b25aa0bb116bda7cf109173cb,0,0,0,0,0,0,0,0,0,0,0,0,0,0,0,0,0,0,0,
learnxinyminutes-docs,02-02-2022,09694f73dbfd89743e4d9726c8bf53f97cd017b5,0,0,0,0,0,0,0,0,0,0,0,0,0,0,0,0,0,0,0,
learnxinyminutes-docs,20-02-2022,414ac2918885d3eb07df839fb29df80425384f8f,0,0,0,0,0,0,0,0,0,0,0,0,0,0,0,0,0,0,0,
learnxinyminutes-docs,08-03-2022,231388888838b8a00880a431bbc949f525293b88,0,0,0,0,0,0,0,0,0,0,0,0,0,0,0,0,0,0,0,
learnxinyminutes-docs,19-03-2022,3a425f8cf3e8548c4b5342af08a1614cfd3da980,0,0,0,0,0,0,0,0,0,0,0,0,0,0,0,0,0,0,0,
learnxinyminutes-docs,03-04-2022,54ce5e4774d90d9b6d8028a04b737d842967667d,0,0,0,0,0,0,0,0,0,0,0,0,0,0,0,0,0,0,0,
learnxinyminutes-docs,10-04-2022,0b4d87af6131021fdaa99ced7c1f5f10785425a1,0,0,0,0,0,0,0,0,0,0,0,0,0,0,0,0,0,0,0,
learnxinyminutes-docs,20-04-2022,667174e0caf6fbbb67aa70c9b39060706e568ae6,0,0,0,0,0,0,0,0,0,0,0,0,0,0,0,0,0,0,0,
learnxinyminutes-docs,27-05-2022,095e771a2a2d60484025f852f15ea902d5885cc7,0,0,0,0,0,0,0,0,0,0,0,0,0,0,0,0,0,0,0,
learnxinyminutes-docs,04-06-2022,2b1cfc6ab6d86747c30e412cbb0754035f5f7253,0,0,0,0,0,0,0,0,0,0,0,0,0,0,0,0,0,0,0,
learnxinyminutes-docs,17-06-2022,82fc4e830eb2fb1a5b526b665e894ea33d10ff52,0,0,0,0,0,0,0,0,0,0,0,0,0,0,0,0,0,0,0,
learnxinyminutes-docs,10-07-2022,1ff29272507448495108db30b1410e9b986d7290,0,0,0,0,0,0,0,0,0,0,0,0,0,0,0,0,0,0,0,
learnxinyminutes-docs,17-07-2022,98aad0feb383c3149839637150fd26ab98a3b978,0,0,0,0,0,0,0,0,0,0,0,0,0,0,0,0,0,0,0,
learnxinyminutes-docs,25-07-2022,23be2f300cfab96e455e2403d8364dfc9ed35037,0,0,0,0,0,0,0,0,0,0,0,0,0,0,0,0,0,0,0,
learnxinyminutes-docs,01-08-2022,2ec33899094c09ee2c83055189702c7a47e00d26,0,0,0,0,0,0,0,0,0,0,0,0,0,0,0,0,0,0,0,
learnxinyminutes-docs,08-08-2022,592e8ed3a47c7c06399c7b97cfde97f71b94e12e,0,0,0,0,0,0,0,0,0,0,0,0,0,0,0,0,0,0,0,
learnxinyminutes-docs,19-08-2022,322122c80fe35386ad03dc9312d1ef31e8232831,0,0,0,0,0,0,0,0,0,0,0,0,0,0,0,0,0,0,0,
learnxinyminutes-docs,29-08-2022,5faaf058e1fa5f4d1da6d00948f94c88b058d68d,0,0,0,0,0,0,0,0,0,0,0,0,0,0,0,0,0,0,0,
learnxinyminutes-docs,11-09-2022,ae8e6b0fc41e17e1975a476c53006b8f8e9ff142,0,0,0,0,0,0,0,0,0,0,0,0,0,0,0,0,0,0,0,
learnxinyminutes-docs,24-09-2022,5d460deb8d745918c1451abc4dea9e3cd6f44697,0,0,0,0,0,0,0,0,0,0,0,0,0,0,0,0,0,0,0,
learnxinyminutes-docs,13-10-2022,6b169e5706dc0809591447f7998d3a1520a673a2,0,0,0,0,0,0,0,0,0,0,0,0,0,0,0,0,0,0,0,
learnxinyminutes-docs,20-10-2022,52617d5c82c0f5a8c50e9c75dde3918a3b81a869,0,0,0,0,0,0,0,0,0,0,0,0,0,0,0,0,0,0,0,
learnxinyminutes-docs,30-10-2022,9912e4294585cf717e13cb874dcad298d140af6e,0,0,0,0,0,0,0,0,0,0,0,0,0,0,0,0,0,0,0,
learnxinyminutes-docs,08-11-2022,3d0ea351cb733f081d63aff337544cd1bcba41e4,0,0,0,0,0,0,0,0,0,0,0,0,0,0,0,0,0,0,0,
learnxinyminutes-docs,16-11-2022,a4a507bef1249840b3ed44aca018ff2234f2457c,0,0,0,0,0,0,0,0,0,0,0,0,0,0,0,0,0,0,0,
learnxinyminutes-docs,23-11-2022,11dbb27e750a0bf9f085226ae4520a9be03e1e1d,0,0,0,0,0,0,0,0,0,0,0,0,0,0,0,0,0,0,0,
learnxinyminutes-docs,01-12-2022,4d6309b2bde3c927691b15d049ef7a31c678e1f1,0,0,0,0,0,0,0,0,0,0,0,0,0,0,0,0,0,0,0,
learnxinyminutes-docs,10-12-2022,bba9f7df211d63293e2a957872d156a0a6dfcd48,0,0,0,0,0,0,0,0,0,0,0,0,0,0,0,0,0,0,0,
learnxinyminutes-docs,14-01-2023,5f941a4dee3ae57914d7b506a3ea2f42d14dd7f4,0,0,0,0,0,0,0,0,0,0,0,0,0,0,0,0,0,0,0,
learnxinyminutes-docs,22-01-2023,95435c811cc220d60755b24cee98c397447f3ce1,0,0,0,0,0,0,0,0,0,0,0,0,0,0,0,0,0,0,0,
learnxinyminutes-docs,29-01-2023,921aa02cc5162fae66bcc80026cb08d6938f60ed,0,0,0,0,0,0,0,0,0,0,0,0,0,0,0,0,0,0,0,
learnxinyminutes-docs,06-02-2023,b83fe079a2c8cce4091e04cf6669019b0c886485,0,0,0,0,0,0,0,0,0,0,0,0,0,0,0,0,0,0,0,
learnxinyminutes-docs,17-02-2023,c3cc321c31ffdf8a5bba68842c7e74bbc7ae3439,0,0,0,0,0,0,0,0,0,0,0,0,0,0,0,0,0,0,0,
learnxinyminutes-docs,28-02-2023,fbaa905e23f26d20b37a3886dd8e07cd6edb8680,0,0,0,0,0,0,0,0,0,0,0,0,0,0,0,0,0,0,0,
learnxinyminutes-docs,09-03-2023,0aede01381c87cac7553c386f153593b89978b15,0,0,0,0,0,0,0,0,0,0,0,0,0,0,0,0,0,0,0,
learnxinyminutes-docs,31-03-2023,7d6a852cecd57f1b7368ad364c62644ac77d59d7,0,0,0,0,0,0,0,0,0,0,0,0,0,0,0,0,0,0,0,
learnxinyminutes-docs,10-04-2023,4a2463eca0b366f67c6fa0be580bdacd62ba83d0,0,0,0,0,0,0,0,0,0,0,0,0,0,0,0,0,0,0,0,
learnxinyminutes-docs,20-04-2023,eeb6c05ebbea620b30ec926f053ae5cace1070fe,0,0,0,0,0,0,0,0,0,0,0,0,0,0,0,0,0,0,0,
learnxinyminutes-docs,05-05-2023,c66e7b39a585bc0c5cc1410aef8301976f86354c,0,0,0,0,0,0,0,0,0,0,0,0,0,0,0,0,0,0,0,
learnxinyminutes-docs,26-05-2023,541f1493ae5f3084a8437f971d0b5020dbbcb278,0,0,0,0,0,0,0,0,0,0,0,0,0,0,0,0,0,0,0,
learnxinyminutes-docs,08-06-2023,b3a8f56424494d1d87e7d9e8b4f176f8bca1cf09,0,0,0,0,0,0,0,0,0,0,0,0,0,0,0,0,0,0,0,
learnxinyminutes-docs,26-06-2023,612546428481acd60e4c1f5332c87a5dfa6895b0,0,0,0,0,0,0,0,0,0,0,0,0,0,0,0,0,0,0,0,
