project,date,revision,files,async_declarations,await_declarations,const_declarations,class_declarations,arrow_function_declarations,let_declarations,export_declarations,yield_declarations,import_statements,promise_declarations,promise_all_and_then,default_parameters,rest_statements,spread_arguments,array_destructuring,object_destructuring,optional_chain,template_string_expressions,object_properties,null_coalesce_operators,regular_expressions,hashbang_comments,exponentiation_assignments,private_fields,numeric_separator,big_int,computed_property,async_declarations_files,await_declarations_files,const_declarations_files,class_declarations_files,arrow_function_declarations_files,let_declarations_files,export_declarations_files,yield_declarations_files,import_statements_files,promise_declarations_files,promise_all_and_then_files,default_parameters_files,rest_statements_files,spread_arguments_files,array_destructuring_files,object_destructuring_files,optional_chain_files,template_string_expressions_files,object_properties_files,null_coalesce_operators_files,regular_expressions_files,hashbang_comments_files,exponentiation_assignments_files,private_fields_files,numeric_separator_files,big_int_files,computed_property_files,errors,statements
nodemon,18-01-2012,91e18a93ae8a91f7ca6e39ef10e7db85bbe68ff4,1,0,0,0,0,0,0,0,0,0,0,0,0,0,0,0,0,0,0,0,0,0,1,0,0,0,0,1,0,0,0,0,0,0,0,0,0,0,0,0,0,0,0,0,0,0,0,0,0,1,0,0,0,0,1,0,308
inputmask,23-01-2012,ace3ae72453cd2ab6f7fefdd44e1ec93b21835ea,2,0,0,0,0,0,0,0,0,0,0,0,0,0,0,0,0,0,0,0,0,0,0,0,0,0,0,36,0,0,0,0,0,0,0,0,0,0,0,0,0,0,0,0,0,0,0,0,0,0,0,0,0,0,2,0,711
synapsewebclient,11-01-2012,d4f8913ab6118c2c91e539c249b5e1c994ba6e2f,3,8,0,0,0,0,0,0,0,0,0,0,0,0,0,0,0,0,0,0,0,0,0,0,0,0,0,124,1,0,0,0,0,0,0,0,0,0,0,0,0,0,0,0,0,0,0,0,0,0,0,0,0,0,3,0,8429
handlebars.js,17-01-2012,58e2c2410fbac8906ecdc8bd3ef58886394799ed,3,0,0,0,0,0,0,0,0,0,0,0,0,0,0,0,0,0,0,0,0,0,0,0,0,0,0,49,0,0,0,0,0,0,0,0,0,0,0,0,0,0,0,0,0,0,0,0,0,0,0,0,0,0,3,0,783
reddit-enhancement-suite,17-01-2012,1842d57dda4a4b93cb2ade7499a1ba2258969e28,4,24,0,0,0,0,0,0,0,0,0,0,0,0,0,0,0,0,0,0,0,1,0,0,0,0,0,277,1,0,0,0,0,0,0,0,0,0,0,0,0,0,0,0,0,0,0,0,1,0,0,0,0,0,2,0,19517
nw.js,04-01-2012,914c1c97c6d8bcf1317728493f199b5fee7ddddc,4,0,0,0,0,0,0,0,0,0,0,0,0,0,0,0,0,0,0,0,0,0,0,0,0,0,0,2,0,0,0,0,0,0,0,0,0,0,0,0,0,0,0,0,0,0,0,0,0,0,0,0,0,0,2,0,21
ember.js,23-01-2012,31a87cd7d79ac20b8c1146452519bff436cf2f7d,5,14,0,0,0,0,0,0,0,0,0,0,0,0,0,0,0,0,0,0,0,0,0,0,0,0,0,66,2,0,0,0,0,0,0,0,0,0,0,0,0,0,0,0,0,0,0,0,0,0,0,0,0,0,3,0,6838
data,26-01-2012,f7fc29015d717c4077c086ec4ed448b76ddfe839,5,14,0,0,0,0,0,0,0,0,0,0,0,0,0,0,0,0,0,0,0,0,0,0,0,0,0,66,2,0,0,0,0,0,0,0,0,0,0,0,0,0,0,0,0,0,0,0,0,0,0,0,0,0,3,0,6838
mediawiki-extensions-mobilefrontend,16-01-2012,be3e6e061f242d90e7e590c7d6425fed9e89f8fc,6,8,0,0,0,0,0,0,0,0,0,0,0,0,0,0,0,0,0,0,0,0,0,0,0,0,0,51,1,0,0,0,0,0,0,0,0,0,0,0,0,0,0,0,0,0,0,0,0,0,0,0,0,0,4,0,3458
cht-core,14-01-2012,74a3a16126c30db03eb684b3a9eda45e91987fd5,7,8,0,0,0,0,0,0,0,0,0,0,0,0,0,0,0,0,0,0,0,0,0,0,0,0,0,48,1,0,0,0,0,0,0,0,0,0,0,0,0,0,0,0,0,0,0,0,0,0,0,0,0,0,1,0,2795
zip.js,07-01-2012,988f43b0a3e23eb2137a36c89aaf7614a887942c,7,0,0,0,0,0,0,0,0,0,0,0,0,0,0,0,0,0,0,0,0,0,0,0,0,0,0,3,0,0,0,0,0,0,0,0,0,0,0,0,0,0,0,0,0,0,0,0,0,0,0,0,0,0,2,0,3844
i18next,02-01-2012,c48366bf5e03d7abf8008234488da09fa34a70c6,7,19,0,0,0,0,0,0,0,0,0,0,0,0,0,0,0,0,0,0,0,0,0,0,0,0,0,53,2,0,0,0,0,0,0,0,0,0,0,0,0,0,0,0,0,0,0,0,0,0,0,0,0,0,7,0,3731
sceditor,24-01-2012,933346bd2a84725d4a06530df510e1bac1ee11a4,8,8,0,0,0,0,0,0,0,0,0,0,0,0,0,0,0,0,0,0,0,2,0,0,0,0,0,126,1,0,0,0,0,0,0,0,0,0,0,0,0,0,0,0,0,0,0,0,2,0,0,0,0,0,4,0,4702
phantomas,18-01-2012,096d60b318a6ee4869c40f596805b6fe1115f013,8,0,0,0,0,0,0,0,0,0,0,0,0,0,0,0,0,0,0,0,0,0,0,0,0,0,0,340,0,0,0,0,0,0,0,0,0,0,0,0,0,0,0,0,0,0,0,0,0,0,0,0,0,0,2,0,3508
ace,06-01-2012,c824e608d87147552bbe5d5c929b842e39848d02,10,1,0,0,0,0,0,0,0,0,0,0,0,0,0,0,0,0,0,0,0,0,3,0,0,0,0,26,1,0,0,0,0,0,0,0,0,0,0,0,0,0,0,0,0,0,0,0,0,3,0,0,0,0,3,1,1654
braintree_node,10-01-2012,14ad24e5beca4b9cfcefe551cd2d007eb8fb2173,12,0,0,0,0,0,0,0,0,0,0,0,0,0,0,0,0,0,0,0,0,0,0,0,0,0,0,114,0,0,0,0,0,0,0,0,0,0,0,0,0,0,0,0,0,0,0,0,0,0,0,0,0,0,9,0,792
swagger-ui,25-01-2012,a96cc2d39b996be211e32e4f4b76e0638b0c230e,14,8,0,0,0,0,0,0,0,0,0,0,0,0,0,0,0,0,0,0,0,0,0,0,0,0,0,154,1,0,0,0,0,0,0,0,0,0,0,0,0,0,0,0,0,0,0,0,0,0,0,0,0,0,9,0,10543
cda,31-01-2012,d62739b5d8a41128551401f9244addf342009f49,15,33,0,0,0,0,0,0,0,0,1,0,0,0,0,0,0,0,0,0,0,0,0,0,0,0,0,503,5,0,0,0,0,0,0,0,0,1,0,0,0,0,0,0,0,0,0,0,0,0,0,0,0,0,11,0,46906
bookreader,10-01-2012,5ea8a7c70cc169132aa3ebfa7f914a68c0ae748a,15,0,0,0,0,0,0,0,0,0,0,0,0,0,0,0,0,0,0,0,0,0,0,0,0,0,0,98,0,0,0,0,0,0,0,0,0,0,0,0,0,0,0,0,0,0,0,0,0,0,0,0,0,0,6,0,10835
singlefile,28-01-2012,d154e927792a5c21d69e0cd146a4c2b1103f94eb,15,0,0,0,0,0,0,0,0,0,0,0,0,0,0,0,0,0,0,0,0,0,0,0,0,0,0,12,0,0,0,0,0,0,0,0,0,0,0,0,0,0,0,0,0,0,0,0,0,0,0,0,0,0,5,0,1570
js-beautify,28-01-2012,15968ac5daeac7c8ff64a07ceb9222eb8668511f,17,7,0,0,0,0,0,0,0,0,0,0,0,0,0,0,0,0,0,0,0,0,0,0,0,0,0,46,1,0,0,0,0,0,0,0,0,0,0,0,0,0,0,0,0,0,0,0,0,0,0,0,0,0,7,1,6694
log4js-node,13-01-2012,9bad070b8a81e17a2446caea9df8653aba07531e,18,0,0,0,0,0,0,0,0,0,0,0,0,0,0,0,0,0,0,0,0,0,0,0,0,0,0,89,0,0,0,0,0,0,0,0,0,0,0,0,0,0,0,0,0,0,0,0,0,0,0,0,0,0,13,0,1086
stylus,08-01-2012,8ec7437e4bf5b37d405a7daf7cdb44f7249d5fdf,19,0,0,0,0,0,0,0,0,0,0,0,0,0,0,0,0,0,0,0,0,0,0,0,0,0,0,1,0,0,0,0,0,0,0,0,0,0,0,0,0,0,0,0,0,0,0,0,0,0,0,0,0,0,1,0,192
sinon,13-01-2012,0b997221cd82011a53ecbb947805e20ed8384625,20,14,0,0,0,0,0,0,0,0,0,0,0,0,0,0,0,0,0,0,0,0,0,0,0,0,0,93,2,0,0,0,0,0,0,0,0,0,0,0,0,0,0,0,0,0,0,0,0,0,0,0,0,0,14,1,5292
pusher-js,05-01-2012,3f488a84d112297b43800363dbc88c3fd0c33781,21,1,0,0,0,0,0,0,0,0,0,0,0,0,0,0,0,0,0,0,0,0,0,0,0,0,0,25,1,0,0,0,0,0,0,0,0,0,0,0,0,0,0,0,0,0,0,0,0,0,0,0,0,0,7,0,1899
superagent,25-01-2012,6dcc9b295625ff86a7c80dcf2d6ffa72e1a21243,21,8,0,0,0,0,0,0,0,0,0,0,0,0,0,0,0,0,0,0,0,0,0,0,0,0,0,47,1,0,0,0,0,0,0,0,0,0,0,0,0,0,0,0,0,0,0,0,0,0,0,0,0,0,2,0,6643
winston,23-01-2012,11775454fd50e62a14b6369311699a6208ba4b0e,21,0,0,0,0,0,0,0,0,0,0,0,0,0,0,0,0,0,0,0,0,0,0,0,0,0,0,48,0,0,0,0,0,0,0,0,0,0,0,0,0,0,0,0,0,0,0,0,0,0,0,0,0,0,12,0,454
meteor,07-01-2012,dc88513aca99116654da1cd2966313dc792bad3d,23,0,0,0,0,0,0,0,0,0,0,0,0,0,0,0,0,0,0,0,0,0,0,0,0,0,0,484,0,0,0,0,0,0,0,0,0,0,0,0,0,0,0,0,0,0,0,0,0,0,0,0,0,0,8,0,2464
bootstrap,09-01-2012,83c0896999c91f4d85bb75434f4a4ecfaff07fe0,26,0,0,0,0,0,0,0,0,0,0,0,0,0,0,0,0,0,0,0,0,0,0,0,0,0,0,29,0,0,0,0,0,0,0,0,0,0,0,0,0,0,0,0,0,0,0,0,0,0,0,0,0,0,12,0,1978
mediaelement,04-01-2012,acc2a754e248cf636bd7e2685ac9237615af373e,27,0,0,0,0,0,0,0,0,0,0,0,0,0,0,0,0,0,0,2,0,0,0,0,0,0,0,62,0,0,0,0,0,0,0,0,0,0,0,0,0,0,0,0,0,0,2,0,0,0,0,0,0,0,15,0,4346
opal,17-01-2012,349cf0634c9a7b2ba420a32231e25a18f8250979,27,7,0,0,0,0,0,0,0,0,0,0,0,0,0,0,0,0,0,0,0,0,0,0,0,0,0,198,1,0,0,0,0,0,0,0,0,0,0,0,0,0,0,0,0,0,0,0,0,0,0,0,0,0,10,0,22173
cytoscape.js,06-01-2012,a61da44fe16f3fb6e29f9aa62d014bc02b84ac73,28,35,0,0,0,0,0,0,0,0,0,0,0,0,0,0,0,0,0,0,0,0,0,0,0,0,0,248,5,0,0,0,0,0,0,0,0,0,0,0,0,0,0,0,0,0,0,0,0,0,0,0,0,0,13,0,19481
treestyletab,02-01-2012,6c2eacc16a50fd0892e78df28e993b44a0439e91,28,0,0,24,0,0,25,0,4,0,0,0,0,0,0,0,0,0,0,0,0,0,0,0,0,0,0,10,0,0,9,0,0,6,0,1,0,0,0,0,0,0,0,0,0,0,0,0,0,0,0,0,0,0,6,11,2354
wulin_master,21-01-2012,d6676138b61fee94ed5f9ffd2bc92637dd3861a5,28,0,0,0,0,0,0,0,0,0,0,0,0,0,0,0,0,0,0,0,0,0,0,0,0,0,0,13,0,0,0,0,0,0,0,0,0,0,0,0,0,0,0,0,0,0,0,0,0,0,0,0,0,0,6,0,5219
video.js,15-01-2012,23c219d0ceaf4ad8941204bfea96509ed489a8e0,31,6,0,0,0,0,0,0,0,0,0,0,0,0,0,0,0,0,0,0,0,0,0,0,0,0,0,165,1,0,0,0,0,0,0,0,0,0,0,0,0,0,0,0,0,0,0,0,0,0,0,0,0,0,17,2,5532
ccc,09-01-2012,3a9d6a9e1ba42904cb638d24d3a9eb60cfd4ea29,31,11,0,0,0,0,0,0,0,0,0,0,0,0,0,0,0,0,0,0,0,0,0,0,0,0,0,241,3,0,0,0,0,0,0,0,0,0,0,0,0,0,0,0,0,0,0,0,0,0,0,0,0,0,24,0,20016
testem,02-01-2012,62e89c208ed938296bb9e0a8c3880f14143490a1,32,6,0,0,0,0,0,0,0,0,0,0,0,0,0,0,0,0,0,0,0,0,1,0,0,0,0,24,1,0,0,0,0,0,0,0,0,0,0,0,0,0,0,0,0,0,0,0,0,1,0,0,0,0,6,1,5205
wegas,26-01-2012,bf22ea581e249a792540f079d81cb06c518dc12a,37,0,0,0,0,0,0,0,0,0,0,0,0,0,0,0,0,0,0,0,0,0,0,0,0,0,0,195,0,0,0,0,0,0,0,0,0,0,0,0,0,0,0,0,0,0,0,0,0,0,0,0,0,0,29,0,3216
pdf.js,14-01-2012,2004246f752825816dfaa187a6367d3a47a5cc01,37,0,0,10,0,0,12,0,0,0,7,6,0,0,0,0,0,0,0,0,0,0,0,0,0,0,0,68,0,0,2,0,0,2,0,0,0,5,4,0,0,0,0,0,0,0,0,0,0,0,0,0,0,0,20,1,11287
fabric.js,15-01-2012,1c8b5c122dd52215b005559923e3d26e4626515b,38,4,0,0,0,0,0,0,0,0,0,0,0,0,0,0,0,0,0,0,0,0,0,0,0,0,0,27,3,0,0,0,0,0,0,0,0,0,0,0,0,0,0,0,0,0,0,0,0,0,0,0,0,0,22,0,4282
sequelize,25-01-2012,070dd44bcc806b19087ae396aab248472a68868e,39,135,0,0,0,0,0,0,0,0,0,0,0,0,0,0,0,0,0,0,0,0,0,0,0,0,0,61,13,0,0,0,0,0,0,0,0,0,0,0,0,0,0,0,0,0,0,0,0,0,0,0,0,0,3,0,1554
mongoose,11-01-2012,e69daeaccff36c3b3ecaa37e9ab8b88b9de5dc5e,40,4,0,0,0,0,0,0,0,0,11,0,0,0,0,0,0,0,0,0,0,0,0,0,0,0,0,447,1,0,0,0,0,0,0,0,0,1,0,0,0,0,0,0,0,0,0,0,0,0,0,0,0,0,24,0,7309
ns_server,06-01-2012,bff76b3004efc5b4d7ec2b2dd8101593390427ef,40,43,0,0,0,0,0,0,0,0,0,0,0,0,0,0,0,0,0,0,0,0,0,0,0,0,0,277,6,0,0,0,0,0,0,0,0,0,0,0,0,0,0,0,0,0,0,0,0,0,0,0,0,0,31,0,28510
wolnelektury,05-01-2012,124258c72bb9e69e6336de195f3a3b3e74509b95,40,10,0,0,0,0,0,0,0,0,0,0,0,0,0,0,0,0,0,0,0,0,0,0,0,0,0,126,4,0,0,0,0,0,0,0,0,0,0,0,0,0,0,0,0,0,0,0,0,0,0,0,0,0,25,0,9070
codemirror5,27-01-2012,fe03b8ed6c30440b613a22eef2bf24444019bc12,42,0,0,0,0,0,0,0,0,0,0,0,0,0,0,0,0,0,0,0,0,0,0,0,0,0,0,72,0,0,0,0,0,0,0,0,0,0,0,0,0,0,0,0,0,0,0,0,0,0,0,0,0,0,28,0,7629
highlight.js,21-01-2012,2621a44f309b747ae544f3c38442f79af80c282c,42,0,0,0,0,0,0,0,0,0,0,0,0,0,0,0,0,0,0,0,0,0,0,0,0,0,0,278,0,0,0,0,0,0,0,0,0,0,0,0,0,0,0,0,0,0,0,0,0,0,0,0,0,0,42,0,705
numbas,19-01-2012,a31c781ebc5655737dbfacb7683dcc1e35ae04d0,44,9,0,0,0,0,0,0,0,0,0,0,0,0,0,0,0,0,0,0,0,0,0,0,0,0,0,153,2,0,0,0,0,0,0,0,0,0,0,0,0,0,0,0,0,0,0,0,0,0,0,0,0,0,28,0,38261
mediawiki-extensions-uploadwizard,12-01-2012,6a91ccc41a1eb6cfe936ce8cad955e96870450c3,45,0,0,0,0,0,0,0,0,0,0,0,0,0,0,0,0,0,0,0,0,0,0,0,0,0,0,70,0,0,0,0,0,0,0,0,0,0,0,0,0,0,0,0,0,0,0,0,0,0,0,0,0,0,27,0,5112
jquery,22-01-2012,1326510324380aaab162331b2d271a986a634c48,49,17,0,0,0,0,0,0,0,0,0,0,0,0,0,0,0,0,0,0,0,0,0,0,0,0,0,135,6,0,0,0,0,0,0,0,0,0,0,0,0,0,0,0,0,0,0,0,0,0,0,0,0,0,15,3,17387
jasmine,04-01-2012,551464b8d2ce3eaa6514671b788164df1dfb6ff9,53,0,0,0,0,0,0,0,0,0,0,0,0,0,0,0,0,0,0,0,0,0,0,0,0,0,0,57,0,0,0,0,0,0,0,0,0,0,0,0,0,0,0,0,0,0,0,0,0,0,0,0,0,0,10,0,9782
haraka,08-01-2012,5752683dfacc25fc4c025d48123fc6f2de40581f,60,0,0,0,0,0,0,0,0,0,0,0,0,0,0,0,0,0,0,0,0,0,1,0,0,0,0,3,0,0,0,0,0,0,0,0,0,0,0,0,0,0,0,0,0,0,0,0,0,1,0,0,0,0,3,0,6179
jqgrid,13-01-2012,36ae4008fbf4d4d47d7993c28d523c5f356e4f20,64,10,0,0,0,0,0,0,0,0,0,0,0,0,0,0,0,0,0,0,0,0,0,0,0,0,0,291,4,0,0,0,0,0,0,0,0,0,0,0,0,0,0,0,0,0,0,0,0,0,0,0,0,0,61,1,18400
node-postgres,11-01-2012,d8fdb7f47c9edaa46f446022bec2cc9fc4631b75,67,0,0,0,0,0,0,0,0,0,0,0,0,0,0,0,0,0,0,0,0,0,0,0,0,0,0,63,0,0,0,0,0,0,0,0,0,0,0,0,0,0,0,0,0,0,0,0,0,0,0,0,0,0,13,0,2460
modernizr,08-01-2012,8a06d66c02be304b981eaf3f2c8f33292acd6d28,68,14,0,0,0,0,0,0,0,0,0,0,0,0,0,0,0,0,0,0,0,0,0,0,0,0,0,65,2,0,0,0,0,0,0,0,0,0,0,0,0,0,0,0,0,0,0,0,0,0,0,0,0,0,4,0,6201
elfinder,19-01-2012,53b8fe268d0e3737fcb63b448baf5fde0196f94c,71,9,0,0,0,0,0,0,0,0,0,0,0,0,0,0,0,0,0,0,0,0,0,0,0,0,0,175,2,0,0,0,0,0,0,0,0,0,0,0,0,0,0,0,0,0,0,0,0,0,0,0,0,0,17,0,12443
openlayers,28-01-2012,8efce712713963555caeab819cd4a565b362fc49,72,0,0,0,0,0,0,0,0,0,0,0,0,0,0,0,0,0,0,0,0,0,0,0,0,0,0,135,0,0,0,0,0,0,0,0,0,0,0,0,0,0,0,0,0,0,0,0,0,0,0,0,0,0,45,0,5428
wdntemplates,10-01-2012,857081f140676cc1439a3a6860ef97e7aff1c927,74,46,0,0,0,0,0,0,0,0,0,0,0,0,0,0,0,0,0,0,0,0,0,0,0,0,0,377,9,0,0,0,0,0,0,0,0,0,0,0,0,0,0,0,0,0,0,0,0,0,0,0,0,0,42,0,38448
inaturalist,27-01-2012,601f97b7119cb2a82e68d8e6a4bfde6f88f4dc3a,82,29,0,0,0,0,0,0,0,0,0,0,0,0,0,0,0,0,0,0,0,0,0,0,0,0,0,458,4,0,0,0,0,0,0,0,0,0,0,0,0,0,0,0,0,0,0,0,0,0,0,0,0,0,39,1,42571
cde,27-01-2012,3b19bd13c89dad8d184de5e2b98cb06851305b54,85,10,0,7,0,0,0,0,0,0,3,0,0,0,0,0,0,0,0,0,0,0,0,0,0,0,0,837,4,0,1,0,0,0,0,0,0,1,0,0,0,0,0,0,0,0,0,0,0,0,0,0,0,0,45,1,33922
splunk-sdk-javascript,18-01-2012,b5a0dc68d21beb01424391c4c4fde6a92dbee169,86,91,0,0,0,0,0,0,0,0,0,0,0,0,0,0,0,0,0,0,0,1,0,0,0,0,0,610,8,0,0,0,0,0,0,0,0,0,0,0,0,0,0,0,0,0,0,0,1,0,0,0,0,0,41,1,71616
cinnamon,23-01-2012,02002b23720f51d5eaa36eee8a74eb5b8fea67b7,99,0,0,1045,0,0,2640,0,14,0,0,0,0,0,0,189,0,0,0,0,0,0,0,0,0,0,0,195,0,0,85,0,0,82,0,1,0,0,0,0,0,0,27,0,0,0,0,0,0,0,0,0,0,0,59,5,20463
jsxgraph,10-01-2012,129e487bce55fd7fa7242c5abd7cfbbdf17fe307,108,17,0,0,0,0,0,0,0,0,0,0,0,0,0,0,0,0,0,0,0,0,0,0,0,0,0,333,2,0,0,0,0,0,0,0,0,0,0,0,0,0,0,0,0,0,0,0,0,0,0,0,0,0,53,6,106129
mediawiki-extensions-visualeditor,14-01-2012,f4081bef08cd8881266df90dca85d45181a4c67b,117,20,0,0,0,0,0,0,0,0,0,0,0,0,0,0,0,0,0,0,0,2,0,0,0,0,0,370,4,0,0,0,0,0,0,0,0,0,0,0,0,0,0,0,0,0,0,0,1,0,0,0,0,0,42,1,17481
cdf,30-01-2012,79e48aa65eff1d7cacc651fc0ad379e7e179b788,123,13,0,0,0,0,0,0,0,0,0,0,0,0,0,0,0,0,0,0,0,0,0,0,0,0,0,371,4,0,0,0,0,0,0,0,0,0,0,0,0,0,0,0,0,0,0,0,0,0,0,0,0,0,42,1,44914
beef,24-01-2012,b9b5bc38408e8a641fb3cd70a165324c6bac5e14,124,24,0,0,0,0,0,0,0,0,0,0,0,0,0,0,0,0,0,0,0,0,0,0,0,0,0,562,4,0,0,0,0,0,0,0,0,0,0,0,0,0,0,0,0,0,0,0,0,0,0,0,0,0,36,73,46022
dygraphs,07-01-2012,ef13835bfedd532f7948483ed199c58a8f1b9a54,128,0,0,0,0,0,0,0,0,0,0,0,0,0,0,0,0,0,0,0,0,0,0,0,0,0,0,201,0,0,0,0,0,0,0,0,0,0,0,0,0,0,0,0,0,0,0,0,0,0,0,0,0,0,31,1,13880
melonjs,29-01-2012,e6481fb39570d2dd884a594a0a7d8a514719693b,130,1,0,0,0,0,0,0,0,0,0,0,0,0,0,0,0,0,0,0,0,0,0,0,0,0,0,62,1,0,0,0,0,0,0,0,0,0,0,0,0,0,0,0,0,0,0,0,0,0,0,0,0,0,22,1,6550
ringojs,26-01-2012,f5d10c649c80cc20df8f7ee4b86a930ad6ae20ec,137,7,0,0,0,0,0,0,0,0,0,0,0,0,0,0,42,0,0,42,0,0,1,0,0,0,0,63,1,0,0,0,0,0,0,0,0,0,0,0,0,0,0,23,0,0,23,0,0,1,0,0,0,0,10,42,7035
tiddlywiki5,03-01-2012,91b94e5d1aab3d946814086e33333c0511bd05e0,164,16,0,0,0,0,0,0,0,0,0,0,0,0,0,0,0,0,0,0,0,0,0,0,0,0,0,583,6,0,0,0,0,0,0,0,0,0,0,0,0,0,0,0,0,0,0,0,0,0,0,0,0,0,62,2,25798
three.js,25-01-2012,48f076b7f08dd4067fc48a4c3ce87ab708e0ee74,205,0,0,0,0,0,0,0,0,0,0,0,0,0,0,0,0,0,0,0,0,0,0,0,0,0,0,139,0,0,0,0,0,0,0,0,0,0,0,0,0,0,0,0,0,0,0,0,0,0,0,0,0,0,50,24,22934
jsdoc,05-01-2012,9311f138c0b3808ffca9dcae20497543550d07e1,208,0,0,2,0,0,0,0,0,0,0,0,0,0,0,6,1,0,0,1,0,0,0,0,0,0,0,56,0,0,2,0,0,0,0,0,0,0,0,0,0,0,3,1,0,0,1,0,0,0,0,0,0,0,8,3,3467
katello,18-01-2012,9b58a3090a943d646b6d2aadfe8c30a5e395883c,266,32,0,0,0,0,0,0,0,0,0,0,0,0,0,0,0,0,0,0,0,0,0,0,0,0,0,784,6,0,0,0,0,0,0,0,0,0,0,0,0,0,0,0,0,0,0,0,0,0,0,0,0,0,166,1,65959
sefaria-project,12-01-2012,a4bb599a38a4c975428dba8a98546cae3e70dd7f,268,27,0,0,0,0,0,0,0,0,0,0,0,0,0,0,0,0,0,0,0,0,0,0,0,0,0,671,4,0,0,0,0,0,0,0,0,0,0,0,0,0,0,0,0,0,0,0,0,0,0,0,0,0,110,123,45182
semanticresultformats,22-01-2012,9dcb82c4e61891ab339992593d603c795188faff,415,27,0,0,0,0,0,0,0,0,0,0,0,0,0,0,0,0,0,0,0,0,0,0,0,0,0,998,7,0,0,0,0,0,0,0,0,0,0,0,0,0,0,0,0,0,0,0,0,0,0,0,0,0,78,0,135010
