project,date,revision,files,statements,async_declarations_files_percentage,await_declarations_files_percentage,const_declarations_files_percentage,class_declarations_files_percentage,arrow_function_declarations_files_percentage,let_declarations_files_percentage,export_declarations_files_percentage,yield_declarations_files_percentage,import_statements_files_percentage,default_parameters_files_percentage,rest_statements_files_percentage,spread_arguments_files_percentage,array_destructuring_files_percentage,object_destructuring_files_percentage,optional_chain_files_percentage,template_string_expressions_files_percentage,null_coalesce_operators_files_percentage,exponentiation_assignments_files_percentage,private_fields_files_percentage,numeric_separator_files_percentage,big_int_files_percentage,enhanced_property_assignment_files_percentage,computed_property_assignment_files_percentage,function_property_declaration_files_percentage
ace,2023-06-30,bc93f987f929453c4f99b7070ad4cdc394578afb,815.0,60342.0,0.7361963190184049,0.0,1.1042944785276074,6.748466257668712,1.4723926380368098,0.98159509202454,0.0,0.0,0.1226993865030675,0.49079754601227,0.245398773006135,0.36809815950920244,0.0,0.49079754601227,0.1226993865030675,8.220858895705522,0.0,0.0,0.0,0.0,0.0,0.98159509202454,0.0,0.0
adsbypasser,2023-06-30,b097315967d69ddcdfac48e81ea6663c8b953966,266.0,3660.0,92.10526315789474,84.58646616541353,83.0827067669173,1.1278195488721803,10.526315789473683,21.428571428571427,5.263157894736842,0.37593984962406013,6.015037593984962,0.0,0.0,0.7518796992481203,3.007518796992481,0.0,0.0,8.646616541353383,0.0,0.0,0.0,0.0,0.0,0.37593984962406013,0.0,90.22556390977444
arkime,2023-06-30,a20c5a1fca05c38fac6e03d7c03ac7916582df65,220.0,37687.0,34.090909090909086,30.0,65.9090909090909,20.909090909090907,64.54545454545455,34.090909090909086,5.454545454545454,0.0,36.81818181818181,2.272727272727273,0.0,15.0,0.9090909090909091,35.0,10.0,32.27272727272727,7.2727272727272725,0.0,3.1818181818181817,0.0,0.0,48.63636363636364,0.9090909090909091,13.18181818181818
aws-sdk-js,2023-06-30,77d075de04f7927dda220d70bee32e4710a2e185,551.0,33577.0,0.9074410163339384,0.5444646098003629,2.1778584392014517,0.0,1.2704174228675136,1.2704174228675136,0.0,0.0,0.0,0.0,0.0,0.5444646098003629,0.0,0.7259528130671506,0.0,1.4519056261343013,0.0,0.0,0.0,0.0,0.0,1.4519056261343013,0.3629764065335753,0.0
baseframe,2023-06-30,1bf5a211b1b246896aad4bd00bd7f840441542a1,138.0,80876.0,2.898550724637681,0.0,0.0,0.0,0.0,0.0,0.0,0.0,0.0,0.0,0.0,0.0,0.0,0.0,0.0,0.0,0.0,0.0,0.0,0.0,0.0,0.0,0.0,0.0
beef,2023-06-30,51fdcbe313f9812ef1bbae2318151ddd56550726,384.0,49703.0,1.8229166666666667,0.0,0.26041666666666663,0.0,0.26041666666666663,0.26041666666666663,0.0,0.0,0.0,0.26041666666666663,0.0,0.0,0.0,0.0,0.0,0.26041666666666663,0.0,0.0,0.0,0.0,0.0,0.0,0.0,0.0
bookreader,2023-06-30,5881ce393f341d7122bf14fad4d0bc531e2bff4c,172.0,17061.0,27.906976744186046,25.581395348837212,69.76744186046511,26.744186046511626,64.53488372093024,23.25581395348837,33.13953488372093,1.1627906976744187,65.11627906976744,17.441860465116278,0.5813953488372093,8.13953488372093,2.9069767441860463,13.372093023255813,15.11627906976744,41.86046511627907,2.3255813953488373,0.0,0.0,0.0,0.0,28.488372093023255,0.5813953488372093,3.488372093023256
bootstrap,2023-06-30,d333d70e52dd8b13d043a0c11ccef9282a27ccd4,79.0,11169.0,0.0,0.0,88.60759493670885,27.848101265822784,83.54430379746836,43.037974683544306,7.59493670886076,0.0,65.82278481012658,17.72151898734177,0.0,20.253164556962027,2.5316455696202533,13.924050632911392,0.0,59.49367088607595,0.0,0.0,0.0,1.2658227848101267,0.0,64.55696202531645,3.79746835443038,17.72151898734177
bootswatch,2023-06-30,db4c774b9d6faade5c7aba8d47158b312481fbbb,254.0,44833.0,2.7559055118110236,0.0,0.7874015748031495,0.0,0.7874015748031495,0.7874015748031495,0.0,0.0,0.0,0.0,0.0,0.0,0.0,0.0,0.0,0.39370078740157477,0.0,0.0,0.0,0.0,0.0,0.39370078740157477,0.0,0.0
braintree_node,2023-06-30,b6fca522f7bac15f8ddf316d43b2d58a0d0f9e78,74.0,10753.0,0.0,0.0,21.62162162162162,2.7027027027027026,78.37837837837837,79.72972972972973,0.0,0.0,0.0,0.0,0.0,0.0,0.0,0.0,0.0,24.324324324324326,0.0,0.0,0.0,0.0,0.0,25.675675675675674,1.3513513513513513,6.756756756756757
ccc,2023-06-30,b235f479d8d3d0fceb4f662c8d2cd356a35b6d68,138.0,9105.0,0.7246376811594203,0.0,0.7246376811594203,0.0,0.7246376811594203,0.0,0.0,0.0,0.0,0.0,0.0,0.7246376811594203,0.0,0.0,0.0,0.7246376811594203,0.0,0.0,0.0,0.0,0.0,0.7246376811594203,0.0,0.0
cda,2023-06-30,07d477314029b3978d5e35d53efa95031e274833,125.0,82760.0,1.6,0.0,0.0,0.0,0.0,0.0,0.0,0.0,0.0,0.0,0.0,0.0,0.0,0.0,0.0,0.0,0.0,0.0,0.0,0.0,0.0,0.0,0.0,0.0
cde,2023-06-30,513d7a45d6ebb3a73df47163d3762115d4509294,355.0,99464.0,3.3802816901408446,0.0,0.28169014084507044,0.0,0.0,0.0,0.0,0.0,0.0,0.0,0.0,0.0,0.0,0.0,0.0,0.0,0.0,0.0,0.0,0.0,0.0,0.0,0.0,0.0
cdf,2023-06-30,ac26df45373c3235491c93757681e86a126b548b,380.0,29812.0,6.578947368421052,0.0,0.5263157894736842,0.0,0.0,0.5263157894736842,0.0,0.0,0.0,0.0,0.0,0.0,0.0,0.0,0.0,0.0,0.0,0.0,0.0,0.0,0.0,0.0,0.0,0.0
chrome-extensions-samples,2023-06-30,7e067289c436aa0f7310f4935d6b06a342d5e4b4,655.0,96844.0,3.2061068702290076,1.984732824427481,6.564885496183207,0.6106870229007634,3.6641221374045805,4.580152671755725,0.45801526717557256,0.0,0.9160305343511451,0.45801526717557256,0.0,0.6106870229007634,0.15267175572519084,1.5267175572519083,0.3053435114503817,2.4427480916030535,0.3053435114503817,0.0,0.15267175572519084,0.0,0.0,2.4427480916030535,0.0,0.15267175572519084
cht-core,2023-06-30,0104632aa772cd4efdeb8588d3a52eca7c6f9fd5,870.0,61850.0,29.42528735632184,28.50574712643678,67.1264367816092,1.3793103448275863,60.91954022988506,28.50574712643678,0.0,0.0,0.0,10.229885057471265,1.6091954022988506,12.643678160919542,2.413793103448276,19.885057471264368,1.0344827586206897,27.93103448275862,0.0,0.0,0.0,0.0,0.0,36.666666666666664,1.3793103448275863,1.1494252873563218
cinnamon,2023-06-30,ae4523dd7d88b764bcaa0753389be6f91d964e6d,160.0,41803.0,0.0,0.0,69.375,6.875000000000001,26.875,65.625,0.0,0.0,0.0,11.875,4.375,10.625,30.625000000000004,17.5,3.125,15.0,0.0,0.0,0.0,0.0,0.0,20.625,0.0,5.0
ckeditor4-docs,2023-06-30,f716a768346286c3c1fcd7d7783dc682403010c0,61.0,4518.0,4.918032786885246,0.0,6.557377049180328,0.0,3.278688524590164,1.639344262295082,0.0,0.0,3.278688524590164,0.0,0.0,0.0,0.0,1.639344262295082,0.0,3.278688524590164,0.0,0.0,0.0,0.0,0.0,4.918032786885246,1.639344262295082,1.639344262295082
client-nodejs,2023-06-30,a94a8fbeaf34852bf00e4f708cc9cd414b3a84e0,823.0,46728.0,0.6075334143377886,0.6075334143377886,5.710814094775213,98.90643985419199,0.7290400972053462,5.34629404617254,6.318347509113001,0.0,98.66342648845686,0.12150668286755771,0.0,5.34629404617254,0.0,0.12150668286755771,0.0,0.3645200486026731,0.0,0.0,0.0,0.0,0.0,0.12150668286755771,0.0,0.0
cloudcmd,2023-06-30,3e18f6be2841ca7d044e7bd53b6242a94ea4057b,167.0,8329.0,34.73053892215569,34.13173652694611,75.44910179640718,0.0,74.8502994011976,16.16766467065868,0.0,0.0,0.5988023952095809,9.580838323353294,4.790419161676647,13.17365269461078,27.54491017964072,58.68263473053892,2.3952095808383236,37.72455089820359,0.0,0.0,0.0,1.1976047904191618,0.0,61.07784431137725,1.1976047904191618,0.0
codemirror5,2023-06-30,1e58b28781af0d2a9fc426c744dcdc22c6216dd6,300.0,46405.0,2.0,0.33333333333333337,1.6666666666666667,3.6666666666666665,12.666666666666668,19.333333333333332,19.0,0.0,20.666666666666668,0.6666666666666667,0.0,0.0,0.6666666666666667,1.0,0.0,1.3333333333333335,0.0,0.0,0.0,0.0,0.0,3.0,0.0,0.33333333333333337
converse.js,2023-06-30,c30569dfd3ce493020847be21ea5301a3c0acd7e,468.0,24152.0,23.29059829059829,23.29059829059829,43.58974358974359,17.094017094017094,44.01709401709402,18.58974358974359,17.735042735042736,0.0,36.53846153846153,3.8461538461538463,0.8547008547008548,4.914529914529915,1.0683760683760684,22.863247863247864,17.307692307692307,39.1025641025641,3.418803418803419,0.0,0.0,0.0,0.0,25.85470085470086,0.0,7.051282051282051
cordova-android,2023-06-30,94234d988ec2f2eb14ebf551e97ef7d9b5b11ec9,32.0,2637.0,15.625,12.5,65.625,3.125,56.25,46.875,0.0,0.0,0.0,0.0,3.125,6.25,3.125,12.5,0.0,21.875,0.0,0.0,0.0,0.0,0.0,12.5,0.0,0.0
cytoscape.js,2023-06-30,a653d1b073bf65f24ae69db5927fc88492f34293,291.0,38239.0,0.3436426116838488,0.0,18.900343642611684,1.0309278350515463,21.649484536082475,36.769759450171826,6.185567010309279,0.0,33.67697594501718,4.810996563573884,0.0,1.3745704467353952,0.3436426116838488,7.560137457044673,0.0,2.7491408934707904,0.0,0.0,0.0,0.0,0.0,12.027491408934708,0.6872852233676976,1.0309278350515463
dagre,2023-06-30,bd2a02a79ab4da85b44631e6cc41e2704af01343,34.0,2389.0,0.0,0.0,11.76470588235294,0.0,26.47058823529412,0.0,0.0,0.0,0.0,0.0,0.0,0.0,0.0,0.0,0.0,0.0,0.0,0.0,0.0,0.0,0.0,0.0,0.0,0.0
dash.js,2023-06-30,0274eedb42066280619402e6d151cb017965cc01,456.0,48871.0,4.605263157894736,4.385964912280701,63.59649122807017,26.973684210526315,37.93859649122807,62.06140350877193,2.631578947368421,0.0,63.377192982456144,5.482456140350877,0.21929824561403508,1.0964912280701753,0.43859649122807015,3.289473684210526,0.0,8.771929824561402,0.0,0.0,0.0,0.0,0.0,29.605263157894733,1.7543859649122806,1.3157894736842104
data,2023-06-30,2429ab668443f2aafc3ec2ad1136713a3b431363,302.0,10081.0,25.496688741721858,20.198675496688743,30.4635761589404,10.927152317880795,22.8476821192053,29.80132450331126,2.980132450331126,0.0,35.430463576158935,2.3178807947019866,0.6622516556291391,4.304635761589404,0.6622516556291391,7.6158940397351,0.0,11.589403973509933,0.0,0.0,0.0,0.0,0.0,13.57615894039735,0.33112582781456956,10.264900662251655
datamonkey-js,2023-06-30,52846a4ad8cb4c78527518c16e806f87343b18a5,94.0,16804.0,11.702127659574469,11.702127659574469,25.53191489361702,0.0,23.404255319148938,19.148936170212767,0.0,0.0,0.0,0.0,0.0,0.0,0.0,10.638297872340425,0.0,3.1914893617021276,0.0,0.0,0.0,0.0,0.0,11.702127659574469,0.0,0.0
docs,2023-06-30,79041cf37ad29c8664f32c2e33d7add97310010c,301.0,94960.0,41.86046511627907,39.8671096345515,46.84385382059801,25.581395348837212,12.29235880398671,17.275747508305646,0.9966777408637874,0.0,47.176079734219265,0.0,0.0,0.9966777408637874,0.0,0.33222591362126247,0.0,9.966777408637874,0.0,0.0,0.0,0.33222591362126247,0.0,2.6578073089700998,0.33222591362126247,0.33222591362126247
duckietv,2023-06-30,50fee8057c4ced5c83038db470e1f0ba73272036,204.0,11030.0,3.431372549019608,2.941176470588235,1.9607843137254901,0.49019607843137253,2.450980392156863,0.49019607843137253,0.0,0.0,0.0,0.9803921568627451,0.0,0.0,0.0,0.0,0.9803921568627451,1.4705882352941175,0.0,0.0,0.0,0.0,0.0,0.49019607843137253,0.49019607843137253,0.0
dwv,2023-06-30,ce0092c6761128faeb5955f9ecf67f322a9f007e,173.0,26286.0,1.7341040462427744,0.0,80.34682080924856,43.35260115606936,22.54335260115607,63.005780346820806,54.91329479768786,0.0,61.849710982658955,0.0,0.0,0.0,0.0,1.7341040462427744,0.0,0.0,0.0,0.0,36.41618497109826,0.0,0.0,2.8901734104046244,0.0,1.1560693641618496
dygraphs,2023-06-30,3a3f81fcfa6500123770c4b746afed4ea160c42e,150.0,15866.0,0.0,0.0,10.666666666666668,0.0,5.333333333333334,4.0,2.666666666666667,0.0,48.66666666666667,0.0,0.0,0.0,1.3333333333333335,2.0,0.0,1.3333333333333335,0.0,0.0,0.0,0.0,0.0,4.666666666666667,0.0,0.0
edirom-online,2023-06-30,2080be643264a0d5240b1d6f5d30dcf7196e2fd2,737.0,899918.0,2.9850746268656714,0.0,0.13568521031207598,0.0,0.13568521031207598,0.0,0.0,0.0,0.0,0.0,0.0,0.0,0.0,0.0,0.0,0.0,0.0,0.0,0.0,0.0,0.0,0.13568521031207598,0.0,0.0
editor,2023-06-30,c2ad90341696afd23b3d3160d961f85f2df1874d,185.0,49946.0,3.783783783783784,1.0810810810810811,2.1621621621621623,0.0,2.1621621621621623,1.6216216216216217,0.0,0.0,0.0,0.0,0.0,0.0,0.0,0.0,0.0,1.0810810810810811,0.0,0.0,0.0,0.0,0.0,0.5405405405405406,0.0,0.5405405405405406
elfinder,2023-06-30,98d48fa9877a1905a0c36b8fda908b7193614b9c,134.0,41313.0,5.223880597014925,0.0,0.0,0.0,0.0,0.7462686567164178,0.0,0.0,0.0,0.0,0.0,0.0,0.0,0.0,0.0,0.0,0.0,0.0,0.0,0.0,0.0,0.0,0.0,0.0
ember.js,2023-06-30,386dcc2a2692a1c8534a36e6e7a5142ab5f4465a,221.0,4118.0,3.167420814479638,3.167420814479638,28.95927601809955,6.787330316742081,17.647058823529413,18.099547511312217,10.85972850678733,0.0,17.194570135746606,0.904977375565611,0.4524886877828055,2.7149321266968327,0.0,4.524886877828054,0.0,9.502262443438914,0.0,0.0,0.0,0.0,0.0,7.6923076923076925,0.0,4.524886877828054
encoded,2023-06-30,ef8d7797b6e7435e39d64768c37ea27a919fa780,297.0,2318.0,0.33670033670033667,0.33670033670033667,17.845117845117844,6.7340067340067336,15.488215488215488,4.713804713804714,9.090909090909092,0.0,17.845117845117844,3.0303030303030303,0.0,5.05050505050505,0.6734006734006733,0.6734006734006733,1.3468013468013467,6.397306397306397,0.33670033670033667,0.0,0.0,0.0,0.0,3.0303030303030303,0.0,0.0
ezpaarse,2023-06-30,b4701efb174dbfc7d530235a07b3731f9bf49c30,74.0,4751.0,12.162162162162163,10.81081081081081,50.0,0.0,40.54054054054054,12.162162162162163,0.0,0.0,8.108108108108109,0.0,0.0,4.054054054054054,0.0,22.972972972972975,4.054054054054054,18.91891891891892,0.0,0.0,0.0,0.0,0.0,29.72972972972973,0.0,8.108108108108109
fabric.js,2023-06-30,a572ba19afc8ac463af72bd5eff293dcc0c00bed,69.0,16302.0,47.82608695652174,15.942028985507244,55.072463768115945,7.246376811594203,62.31884057971014,20.28985507246377,0.0,0.0,2.898550724637681,11.594202898550725,0.0,33.33333333333333,1.4492753623188406,14.492753623188406,4.3478260869565215,28.985507246376812,0.0,0.0,0.0,0.0,0.0,42.028985507246375,5.797101449275362,11.594202898550725
factoid,2023-06-30,efef1d34ce511145a60f67e34c22eb0228242b65,170.0,13025.0,12.352941176470589,11.76470588235294,57.05882352941176,40.588235294117645,65.29411764705883,58.235294117647065,34.11764705882353,0.5882352941176471,74.70588235294117,19.411764705882355,4.705882352941177,9.411764705882353,1.1764705882352942,32.35294117647059,0.0,32.35294117647059,0.0,0.0,0.5882352941176471,0.0,0.0,45.88235294117647,1.1764705882352942,4.705882352941177
flot,2023-06-30,2af356c98a898e918f46f71f20ebc2916f20865f,60.0,18110.0,3.3333333333333335,0.0,10.0,0.0,6.666666666666667,6.666666666666667,0.0,0.0,0.0,0.0,0.0,0.0,0.0,0.0,0.0,0.0,0.0,0.0,0.0,0.0,0.0,0.0,0.0,0.0
gfw,2023-06-30,bd79490c1a0a8e6cfb0b5f60809bcc58d2580a1a,621.0,12632.0,2.898550724637681,1.932367149758454,13.20450885668277,0.644122383252818,12.560386473429952,4.669887278582931,11.43317230273752,0.0,11.755233494363928,2.898550724637681,0.644122383252818,5.314009661835748,0.8051529790660225,4.025764895330113,4.508856682769726,8.856682769726248,0.0,0.0,0.0,0.0,0.0,7.246376811594203,1.4492753623188406,0.644122383252818
habitica,2023-06-30,519da49886b2aeca55dc251b3d54c25fcd9d6d43,945.0,45270.0,41.6931216931217,40.317460317460316,63.597883597883595,1.2698412698412698,52.80423280423281,54.4973544973545,20.317460317460316,0.0,64.44444444444444,7.4074074074074066,0.31746031746031744,6.137566137566138,4.550264550264551,13.544973544973546,0.21164021164021166,41.37566137566138,0.0,0.0,0.0,0.0,0.0,23.703703703703706,3.3862433862433865,10.582010582010582
handlebars.js,2023-06-30,b4a54ad86ed73130ac9a7663d2fb66accb360736,99.0,3525.0,9.090909090909092,5.05050505050505,20.2020202020202,0.0,9.090909090909092,1.0101010101010102,0.0,0.0,11.11111111111111,0.0,1.0101010101010102,1.0101010101010102,0.0,6.0606060606060606,0.0,7.07070707070707,0.0,0.0,0.0,0.0,0.0,9.090909090909092,0.0,1.0101010101010102
handsontable,2023-06-30,9c268d880e0a06092a68aa8115202876261092d7,2199.0,134357.0,4.274670304683948,3.865393360618463,34.87949067758072,7.503410641200546,28.922237380627557,13.642564802182811,10.914051841746248,0.0,21.191450659390632,4.729422464756708,2.6830377444292863,5.320600272851296,1.9554342883128695,6.412005457025921,1.455206912232833,19.099590723055933,1.182355616189177,0.0,0.6821282401091405,0.0,0.0,12.505684402000911,1.2733060482037288,7.776261937244201
haraka,2023-06-30,aa15067468ebbfe026fbcd69cc3feca5ddbb4b33,126.0,16726.0,7.142857142857142,1.5873015873015872,59.523809523809526,11.904761904761903,61.111111111111114,46.82539682539682,0.0,0.0,0.0,5.555555555555555,0.7936507936507936,1.5873015873015872,1.5873015873015872,26.984126984126984,34.12698412698413,51.587301587301596,3.968253968253968,0.0,0.0,0.0,0.0,39.682539682539684,0.0,25.396825396825395
hexo,2023-06-30,981560f51dcb6b480fd8c10e3554c3c1b1422076,133.0,8625.0,37.59398496240601,36.84210526315789,78.94736842105263,0.0,78.19548872180451,23.308270676691727,0.0,0.0,0.0,0.7518796992481203,1.5037593984962405,2.2556390977443606,0.0,38.34586466165413,0.0,6.015037593984962,0.0,0.0,0.0,0.0,0.0,42.857142857142854,0.7518796992481203,6.7669172932330826
highlight.js,2023-06-30,9467c5c6af61b73b5035686fd1ed0c2c1fbfdb9e,239.0,3831.0,2.092050209205021,2.092050209205021,81.58995815899581,0.8368200836820083,20.502092050209207,4.602510460251046,0.41841004184100417,0.0,7.112970711297072,2.092050209205021,0.0,12.97071129707113,0.8368200836820083,2.928870292887029,0.41841004184100417,12.133891213389122,0.0,0.0,0.0,0.0,0.0,7.112970711297072,0.0,0.0
i18next,2023-06-30,6d3efc02e2c516bd2bc8361d2cd3da0c5d781999,74.0,7675.0,4.054054054054054,0.0,74.32432432432432,18.91891891891892,86.48648648648648,43.24324324324324,6.756756756756757,0.0,77.02702702702703,16.216216216216218,6.756756756756757,13.513513513513514,4.054054054054054,8.108108108108109,0.0,28.37837837837838,0.0,0.0,0.0,0.0,0.0,20.27027027027027,1.3513513513513513,8.108108108108109
id,2023-06-30,b1121b11753cfe8919e5665df315060d2ec04139,484.0,57050.0,0.2066115702479339,0.2066115702479339,16.94214876033058,0.6198347107438017,22.520661157024794,14.256198347107437,60.74380165289256,0.0,55.99173553719008,0.4132231404958678,0.0,1.6528925619834711,1.0330578512396695,1.2396694214876034,0.0,9.917355371900827,0.0,0.0,0.0,0.0,0.0,2.272727272727273,0.2066115702479339,1.0330578512396695
iframely,2023-06-30,a0addc90d3d766c62d66ed07b0bef66b0dbcc9a1,273.0,7243.0,2.197802197802198,0.7326007326007326,8.058608058608058,0.0,1.465201465201465,1.098901098901099,1.465201465201465,0.0,21.611721611721613,0.0,0.0,2.564102564102564,0.0,0.0,2.197802197802198,8.791208791208792,0.0,0.0,0.0,0.0,0.0,0.0,0.0,0.0
inaturalist,2023-06-30,4413431e4b40c6014d1da3c17001b3fb55ea93ff,410.0,79984.0,1.707317073170732,0.24390243902439024,46.34146341463415,0.4878048780487805,38.53658536585366,10.487804878048781,15.365853658536585,0.0,40.731707317073166,15.853658536585366,0.4878048780487805,7.560975609756097,0.0,8.292682926829269,0.0,7.804878048780488,0.0,0.0,0.0,0.0,0.0,18.536585365853657,2.9268292682926833,0.0
inputmask,2023-06-30,eb607c486e1fba2b488c65d81815e7244c568695,75.0,5407.0,20.0,0.0,4.0,0.0,4.0,2.666666666666667,2.666666666666667,0.0,26.666666666666668,1.3333333333333335,0.0,1.3333333333333335,0.0,1.3333333333333335,0.0,1.3333333333333335,0.0,0.0,0.0,0.0,0.0,2.666666666666667,0.0,0.0
jagger,2023-06-30,320e5004eacb242b526d89a6dc20f98ae6551e2d,49.0,11871.0,4.081632653061225,0.0,0.0,0.0,0.0,0.0,0.0,0.0,0.0,0.0,0.0,0.0,0.0,0.0,0.0,0.0,0.0,0.0,0.0,0.0,0.0,0.0,0.0,0.0
jasmine,2023-06-30,b617d983de12576c98e93bc741fea34f61ec07fb,235.0,18825.0,9.361702127659575,7.659574468085106,81.27659574468085,3.404255319148936,12.76595744680851,40.85106382978723,0.0,0.425531914893617,0.0,1.276595744680851,0.0,2.553191489361702,0.0,1.276595744680851,0.0,3.829787234042553,0.0,0.0,0.0,0.0,0.0,9.361702127659575,0.851063829787234,1.702127659574468
joi,2023-06-30,7ec515505fd2b57ed4025530ed207afbb4fed371,32.0,7555.0,12.5,12.5,96.875,0.0,87.5,28.125,0.0,0.0,0.0,3.125,6.25,25.0,6.25,87.5,0.0,21.875,0.0,0.0,0.0,0.0,0.0,87.5,9.375,18.75
joint,2023-06-30,fdeffa4c22e85f39a76f37c1cc345cf7ccc7623d,280.0,29874.0,10.714285714285714,0.7142857142857143,18.928571428571427,1.4285714285714286,13.571428571428571,8.214285714285714,1.0714285714285714,0.0,2.857142857142857,1.4285714285714286,0.35714285714285715,3.571428571428571,2.142857142857143,5.357142857142857,0.0,7.857142857142857,0.0,0.0,0.0,0.0,0.0,7.142857142857142,0.35714285714285715,1.7857142857142856
jqgrid,2023-06-30,548fda26a3fc678486dde07f4dbf238184a03a2d,141.0,62306.0,3.546099290780142,2.127659574468085,2.8368794326241136,0.0,2.8368794326241136,2.8368794326241136,0.0,0.0,0.0,0.0,0.0,2.127659574468085,0.0,0.0,0.0,0.0,0.0,0.0,0.0,0.0,0.0,2.127659574468085,0.0,0.0
jquery,2023-06-30,620870a1af5287d29c77ec6d5f973116b23793a7,187.0,25963.0,11.76470588235294,0.0,3.7433155080213902,0.0,2.13903743315508,1.06951871657754,1.6042780748663104,0.0,51.33689839572193,0.0,0.53475935828877,0.53475935828877,0.0,2.13903743315508,0.0,0.53475935828877,0.0,0.0,0.0,0.0,0.0,2.13903743315508,0.0,0.0
jquery.ime,2023-06-30,5943600f153f8ab11d217984c31fdc31b486f59a,245.0,2184.0,0.40816326530612246,0.0,0.0,0.0,0.0,0.0,0.0,0.0,0.0,0.0,0.0,0.0,0.0,0.0,0.0,0.0,0.0,0.0,0.0,0.0,0.0,0.0,0.0,0.0
js-beautify,2023-06-30,019aeb9c0b650952cd088aec7cdfcc3eb3e5d884,60.0,13908.0,3.3333333333333335,0.0,0.0,0.0,0.0,0.0,0.0,0.0,0.0,0.0,0.0,0.0,0.0,0.0,0.0,0.0,0.0,0.0,0.0,0.0,0.0,0.0,0.0,0.0
jsdoc,2023-06-30,d14133639420d82777b8eda2f600d60bc0363eb8,1.0,40.0,100.0,100.0,100.0,0.0,100.0,0.0,100.0,0.0,100.0,0.0,0.0,100.0,0.0,0.0,0.0,100.0,0.0,0.0,0.0,0.0,0.0,0.0,0.0,0.0
jsxgraph,2023-06-30,ceec1f299cd22e7ab3e046182d638665268c23f7,180.0,71138.0,2.2222222222222223,0.0,3.3333333333333335,0.0,1.1111111111111112,0.0,1.1111111111111112,0.0,48.333333333333336,0.0,0.0,1.6666666666666667,0.0,0.0,0.0,0.0,0.5555555555555556,0.0,0.0,0.0,0.0,0.5555555555555556,0.0,0.5555555555555556
katello,2023-06-30,79ad3adf14ed97a9bd3eaa13191cfc2dadab24ff,1142.0,20939.0,2.4518388791593697,2.189141856392294,19.001751313485112,0.17513134851138354,14.973730297723293,0.43782837127845886,11.733800350262696,0.0,15.761821366024517,3.852889667250438,0.08756567425569177,3.7653239929947455,0.5253940455341506,2.9772329246935203,1.2259194395796849,4.378283712784588,0.7005253940455342,0.0,0.0,0.0,0.0,6.654991243432574,0.9632224168126094,0.0
leaflet,2023-06-30,83513eda9a7a7be78e96ccdf7c5dae3a3ba0611d,147.0,15133.0,0.0,0.0,78.91156462585033,0.6802721088435374,42.857142857142854,51.70068027210885,49.65986394557823,0.0,80.95238095238095,1.3605442176870748,2.7210884353741496,6.122448979591836,0.0,0.6802721088435374,0.0,26.53061224489796,2.0408163265306123,0.0,0.0,0.0,0.0,14.285714285714285,0.0,45.57823129251701
learngitbranching,2023-06-30,82d5dfc7da6bead6d990b93aabb254c5e0f8c012,112.0,8420.0,0.0,0.0,4.464285714285714,0.0,4.464285714285714,0.0,0.0,0.0,0.0,0.8928571428571428,0.0,1.7857142857142856,0.0,4.464285714285714,0.0,0.0,0.0,0.0,0.0,0.0,0.0,4.464285714285714,0.0,0.0
less.js,2023-06-30,4d3189c05175dfd8aab505ec19c7f5724f145295,0.0,0.0,,,,,,,,,,,,,,,,,,,,,,,,
log4js-node,2023-06-30,4dc786eaeb1fb8959450961eb72fafc7a8ac9450,68.0,4227.0,13.23529411764706,8.823529411764707,95.58823529411765,5.88235294117647,70.58823529411765,35.294117647058826,0.0,0.0,0.0,1.4705882352941175,2.941176470588235,2.941176470588235,0.0,55.88235294117647,0.0,26.47058823529412,0.0,0.0,0.0,0.0,0.0,55.88235294117647,0.0,25.0
mailvelope,2023-06-30,4c83b5e14cd155e7d34739df081abb8ceea0e898,206.0,10585.0,33.49514563106796,33.00970873786408,52.9126213592233,22.330097087378643,45.14563106796117,37.37864077669903,34.46601941747573,0.0,49.51456310679612,9.223300970873787,0.0,14.563106796116504,4.368932038834951,16.990291262135923,1.4563106796116505,28.155339805825243,1.4563106796116505,0.0,0.0,0.0,0.0,38.83495145631068,2.912621359223301,7.281553398058252
mediaelement,2023-06-30,0dec971df57f9c3d632a7c650f25d2166d7b484f,64.0,7693.0,1.5625,0.0,51.5625,6.25,46.875,43.75,17.1875,1.5625,42.1875,12.5,6.25,0.0,0.0,0.0,0.0,37.5,0.0,0.0,0.0,0.0,0.0,1.5625,0.0,20.3125
mediawiki-extensions-mobilefrontend,2023-06-30,bcf0d0c467014d37a3eea392a90580608e3c7309,149.0,5603.0,6.0402684563758395,0.0,57.71812080536913,4.697986577181208,20.80536912751678,33.557046979865774,0.0,0.0,0.6711409395973155,2.013422818791946,0.6711409395973155,0.6711409395973155,0.6711409395973155,1.342281879194631,0.0,21.476510067114095,0.0,0.0,0.0,0.0,0.0,13.422818791946309,0.6711409395973155,0.0
mediawiki-extensions-uploadwizard,2023-06-30,de8e23f229d1d75acfae4c50f20f0d403116d144,85.0,6747.0,5.88235294117647,0.0,0.0,0.0,0.0,0.0,0.0,0.0,0.0,0.0,0.0,0.0,0.0,0.0,0.0,0.0,0.0,0.0,0.0,0.0,0.0,0.0,0.0,0.0
mediawiki-extensions-visualeditor,2023-06-30,51b1d7eca7bfb090e93f50e1d66f004116e0aa52,288.0,18583.0,4.166666666666666,1.7361111111111112,14.583333333333334,0.3472222222222222,12.847222222222221,7.291666666666667,0.0,0.0,0.0,0.0,0.3472222222222222,0.3472222222222222,0.0,0.6944444444444444,0.0,2.430555555555556,0.0,0.0,0.0,0.0,0.0,2.083333333333333,0.0,1.0416666666666665
melonjs,2023-06-30,d197337307b9149cfac6e079c7c8f8efaded54ed,155.0,14491.0,4.516129032258064,4.516129032258064,25.806451612903224,49.67741935483871,35.483870967741936,63.2258064516129,68.38709677419355,0.0,80.0,33.5483870967742,4.516129032258064,4.516129032258064,0.6451612903225806,0.6451612903225806,0.0,0.0,0.0,0.0,0.0,0.0,0.0,1.2903225806451613,0.0,3.225806451612903
meteor,2023-06-30,cb576fb4b22539599bd0d64b94d1576d144338e4,321.0,22626.0,5.919003115264798,3.4267912772585665,33.64485981308411,7.476635514018691,22.118380062305295,17.133956386292834,18.38006230529595,0.0,32.087227414330215,4.984423676012461,4.672897196261682,5.919003115264798,1.2461059190031152,7.78816199376947,1.557632398753894,11.838006230529595,0.0,0.0,0.0,0.0,0.0,14.018691588785046,0.9345794392523363,4.361370716510903
mineflayer,2023-06-30,02d67b22e1ba8e354d8ec856b17000ffbc5144a1,57.0,2433.0,35.08771929824561,31.57894736842105,91.22807017543859,1.7543859649122806,94.73684210526315,28.07017543859649,0.0,0.0,0.0,7.017543859649122,0.0,1.7543859649122806,3.508771929824561,21.052631578947366,8.771929824561402,49.122807017543856,1.7543859649122806,0.0,0.0,0.0,1.7543859649122806,56.14035087719298,0.0,3.508771929824561
misago,2023-06-30,0d326040a77cf1a3bff71b8082a48573c6340285,514.0,15704.0,0.19455252918287938,0.19455252918287938,8.949416342412452,3.3073929961089497,6.031128404669261,6.614785992217899,10.894941634241246,0.0,10.311284046692606,4.280155642023346,0.38910505836575876,0.7782101167315175,0.7782101167315175,0.7782101167315175,0.0,0.7782101167315175,0.0,0.0,0.0,0.0,0.0,6.22568093385214,0.38910505836575876,0.0
mockup,2023-06-30,ee4ca120081ea040d68680e026fe70beddb47418,116.0,10065.0,43.103448275862064,41.37931034482759,51.724137931034484,8.620689655172415,29.310344827586203,26.72413793103448,9.482758620689655,0.0,85.34482758620689,0.8620689655172413,0.0,4.310344827586207,0.0,0.0,1.7241379310344827,31.896551724137932,0.0,0.0,0.0,0.0,0.0,0.0,0.0,16.379310344827587
modernizr,2023-06-30,f1b57789747767db3eca410a7c7334f1904f4f37,411.0,5691.0,0.24330900243309003,0.0,0.48661800486618007,0.0,0.24330900243309003,0.24330900243309003,0.0,0.0,0.24330900243309003,0.0,0.0,0.24330900243309003,0.0,0.0,0.0,0.24330900243309003,0.0,0.0,0.0,0.0,0.0,0.0,0.0,0.0
mongoose,2023-06-30,7d0972ac0e924ae5e1553fa124b16f34b1c9bfda,220.0,40828.0,49.54545454545455,42.72727272727273,90.0,5.909090909090909,49.54545454545455,52.72727272727272,0.0,0.0,0.45454545454545453,1.3636363636363635,0.9090909090909091,5.0,4.545454545454546,13.18181818181818,0.45454545454545453,13.18181818181818,0.0,0.0,0.0,0.0,1.3636363636363635,20.0,1.3636363636363635,3.1818181818181817
monster-ui,2023-06-30,33df18bc3d8b98132d56d97eab119d44c78aa4f6,67.0,10089.0,2.9850746268656714,0.0,20.8955223880597,0.0,13.432835820895523,4.477611940298507,11.940298507462686,0.0,16.417910447761194,0.0,0.0,4.477611940298507,1.4925373134328357,0.0,0.0,0.0,0.0,0.0,0.0,0.0,0.0,1.4925373134328357,0.0,0.0
moodle-qtype_coderunner,2023-06-30,1ae5e0865fc499ed42cc5232a7e890cd21b3380f,439.0,162371.0,0.683371298405467,0.45558086560364464,1.8223234624145785,0.45558086560364464,1.366742596810934,1.5945330296127564,0.45558086560364464,0.0,0.45558086560364464,0.683371298405467,0.0,0.45558086560364464,0.0,0.22779043280182232,0.22779043280182232,0.683371298405467,0.0,0.0,0.0,0.0,0.0,0.22779043280182232,0.0,0.0
natural,2023-06-30,c2389f2a17faae9582a1a0f41402c68407ccb378,90.0,4333.0,0.0,0.0,95.55555555555556,0.0,17.77777777777778,24.444444444444443,0.0,0.0,0.0,0.0,0.0,0.0,0.0,1.1111111111111112,0.0,0.0,0.0,0.0,0.0,0.0,0.0,5.555555555555555,0.0,0.0
nock,2023-06-30,8aab603f2b884f49618fbfdcc3c9529cccdc8975,58.0,4429.0,63.793103448275865,62.06896551724138,94.82758620689656,3.4482758620689653,75.86206896551724,13.793103448275861,0.0,0.0,0.0,1.7241379310344827,0.0,1.7241379310344827,3.4482758620689653,72.41379310344827,0.0,24.137931034482758,0.0,0.0,0.0,0.0,0.0,72.41379310344827,0.0,6.896551724137931
node-db-migrate,2023-06-30,50b34a8dd2224e21c5f28843d49511a08d1dbe1b,18.0,1341.0,44.44444444444444,27.77777777777778,44.44444444444444,0.0,72.22222222222221,16.666666666666664,0.0,0.0,0.0,5.555555555555555,0.0,5.555555555555555,0.0,5.555555555555555,0.0,11.11111111111111,0.0,0.0,0.0,0.0,0.0,11.11111111111111,5.555555555555555,0.0
node-postgres,2023-06-30,eaafac36dc8f4a13f1fecc9e3420d35559fd8e2b,3.0,2.0,0.0,0.0,33.33333333333333,0.0,0.0,0.0,0.0,0.0,0.0,0.0,0.0,0.0,0.0,0.0,0.0,0.0,0.0,0.0,0.0,0.0,0.0,0.0,0.0,0.0
nodemailer,2023-06-30,551c7b60052ec7dd08291dc844a8af53215e488e,44.0,4425.0,11.363636363636363,11.363636363636363,93.18181818181817,6.8181818181818175,65.9090909090909,88.63636363636364,0.0,0.0,0.0,0.0,0.0,0.0,0.0,0.0,0.0,18.181818181818183,0.0,0.0,0.0,0.0,0.0,20.454545454545457,0.0,9.090909090909092
nodemon,2023-06-30,3b5810463e7c39b0a8e2856c996faf454a6ca1f8,41.0,1941.0,4.878048780487805,2.4390243902439024,19.51219512195122,0.0,31.70731707317073,7.317073170731707,0.0,0.0,0.0,0.0,0.0,2.4390243902439024,0.0,2.4390243902439024,0.0,12.195121951219512,0.0,0.0,0.0,0.0,0.0,4.878048780487805,0.0,0.0
novnc,2023-06-30,ccef89f55651e083fc2e818a251d09ff0bf9e75a,73.0,13682.0,17.80821917808219,16.43835616438356,80.82191780821918,39.726027397260275,47.94520547945205,82.1917808219178,49.31506849315068,0.0,63.013698630136986,10.95890410958904,0.0,2.73972602739726,1.36986301369863,1.36986301369863,0.0,8.21917808219178,0.0,0.0,0.0,0.0,1.36986301369863,1.36986301369863,0.0,6.8493150684931505
ns_server,2023-06-30,d81ac6f3761a6b4ee6896dc863390b2f7fe0e8d0,400.0,128597.0,2.0,0.5,2.25,37.5,32.75,28.999999999999996,53.75,0.25,76.75,1.0,0.0,3.0,0.5,0.25,0.0,2.0,0.0,0.0,0.0,0.0,0.0,28.999999999999996,0.25,0.25
numbas,2023-06-30,70f2532f1388c951e55f768a0b4331626fb6e36e,79.0,36562.0,8.860759493670885,3.79746835443038,12.658227848101266,1.2658227848101267,10.126582278481013,16.455696202531644,0.0,0.0,0.0,0.0,0.0,5.063291139240507,2.5316455696202533,1.2658227848101267,1.2658227848101267,3.79746835443038,0.0,0.0,0.0,0.0,0.0,3.79746835443038,0.0,1.2658227848101267
nunaliit,2023-06-30,40799b2a42f40f0ec227a7030bc37ca20d860975,482.0,126138.0,5.394190871369295,0.6224066390041494,7.053941908713693,3.112033195020747,3.112033195020747,5.601659751037345,0.6224066390041494,0.0,3.319502074688797,0.0,0.2074688796680498,0.8298755186721992,0.0,0.6224066390041494,1.0373443983402488,2.2821576763485476,0.0,0.0,0.0,0.0,0.0,1.0373443983402488,0.0,0.0
nutzmore,2023-06-30,9a0cf3634f3f61a2214ffd915e1bcbabf3ddc5d8,2167.0,427251.0,1.3844023996308261,0.0,0.0,0.0,0.0,0.0,0.0,0.0,0.0,0.0,0.0,0.0,0.0,0.0,0.0,0.0,0.0,0.0,0.0,0.0,0.0,0.0,0.0,0.0
nw.js,2023-06-30,4895022f392a6bc939318a6fa008d84114bf3de9,92.0,5178.0,2.1739130434782608,1.0869565217391304,8.695652173913043,0.0,9.782608695652174,8.695652173913043,0.0,0.0,0.0,0.0,1.0869565217391304,1.0869565217391304,0.0,0.0,0.0,4.3478260869565215,0.0,0.0,0.0,0.0,0.0,0.0,0.0,0.0
opal,2023-06-30,44ae91e22c6d7dab70e4e09abc7396061ff4fcf3,515.0,299356.0,0.1941747572815534,0.0,0.0,0.0,0.0,0.0,0.0,0.0,0.0,0.0,0.0,0.0,0.0,0.0,0.0,0.0,0.0,0.0,0.0,0.0,0.0,0.0,0.0,0.0
openlayers,2023-06-30,58f42c49cb9ac14f4201d21c7871e08bdf9cfc88,978.0,84501.0,1.4314928425357873,1.329243353783231,69.32515337423312,22.597137014314928,12.678936605316974,42.740286298568506,14.314928425357873,0.0,69.93865030674846,0.3067484662576687,0.10224948875255625,2.8629856850715747,1.0224948875255624,0.10224948875255625,0.5112474437627812,6.032719836400818,0.10224948875255625,0.0,0.0,0.0,0.0,4.08997955010225,0.81799591002045,0.9202453987730062
openpgpjs,2023-06-30,400b163f8411204f5de830b70e65fd86246cf933,138.0,16184.0,46.3768115942029,44.927536231884055,65.21739130434783,24.637681159420293,45.65217391304348,42.7536231884058,23.18840579710145,0.7246376811594203,44.20289855072464,22.463768115942027,2.1739130434782608,14.492753623188406,6.521739130434782,44.927536231884055,0.0,25.36231884057971,0.0,0.0,0.0,0.0,0.0,47.10144927536232,0.7246376811594203,3.6231884057971016
oskari-frontend,2023-06-30,f3f7fb8126d1a22b725ce0b7ab93b3afad90e343,1629.0,49930.0,0.3683241252302026,0.1841620626151013,16.758747697974215,5.463474524248005,13.934929404542665,7.120933087783916,7.857581338244321,0.0,10.92694904849601,5.463474524248005,0.7366482504604052,4.910988336402701,0.3683241252302026,5.3406998158379375,1.9643953345610803,3.867403314917127,0.0,0.0,0.0,0.0,0.0,7.67341927562922,0.6752608962553714,1.1663597298956414
pastvu,2023-06-30,39635a3188c74365ec59dbbb100aeca3c93b308b,190.0,28268.0,21.578947368421055,21.052631578947366,61.05263157894737,6.315789473684211,40.526315789473685,42.10526315789473,30.526315789473685,0.0,38.94736842105263,11.578947368421053,1.0526315789473684,7.368421052631578,6.842105263157896,14.736842105263156,0.0,20.526315789473685,0.5263157894736842,0.0,0.0,0.0,0.0,22.105263157894736,1.0526315789473684,5.7894736842105265
pdf.js,2023-06-30,39113baa3302ea2bff27ec1f128b3f3741f7bfa2,317.0,60829.0,23.974763406940063,21.13564668769716,72.87066246056783,40.694006309148264,30.28391167192429,45.42586750788644,52.05047318611987,0.0,59.305993690851736,20.189274447949526,1.2618296529968454,10.725552050473187,8.517350157728707,17.981072555205046,19.558359621451103,29.96845425867508,3.7854889589905363,0.0,6.624605678233439,0.0,0.0,40.37854889589905,0.0,7.570977917981073
pentaho-platform-plugin-common-ui,2023-06-30,a0ee754662eaa12cf578f6218b40ad353573688d,724.0,78003.0,1.2430939226519337,0.0,0.2762430939226519,0.0,0.0,0.2762430939226519,0.0,0.0,0.0,0.0,0.0,0.0,0.0,0.0,0.0,0.0,0.0,0.0,0.0,0.0,0.0,0.0,0.0,0.0
phantomas,2023-06-30,2f3655d32ecded5980cba21f97b7df6f8b2b0303,85.0,7710.0,21.176470588235293,17.647058823529413,38.82352941176471,0.0,64.70588235294117,5.88235294117647,0.0,0.0,0.0,0.0,0.0,2.3529411764705883,0.0,15.294117647058824,0.0,4.705882352941177,0.0,0.0,0.0,0.0,0.0,24.705882352941178,0.0,0.0
plugins,2023-06-30,62ad028ca4b62ad8baba005e653fb4bb1b508ba7,308.0,9550.0,0.0,0.0,2.272727272727273,1.2987012987012987,3.2467532467532463,2.922077922077922,0.0,0.0,0.0,1.2987012987012987,0.0,0.0,0.0,0.0,0.0,0.0,0.0,0.0,0.0,0.0,0.0,0.6493506493506493,0.0,0.0
popclip-extensions,2023-06-30,f6eafc010ba61f36323ac3cfca6f1242a172fa47,92.0,8329.0,20.652173913043477,20.652173913043477,64.13043478260869,0.0,56.52173913043478,22.82608695652174,0.0,3.260869565217391,0.0,5.434782608695652,1.0869565217391304,2.1739130434782608,8.695652173913043,17.391304347826086,0.0,36.95652173913043,0.0,0.0,0.0,0.0,0.0,22.82608695652174,0.0,7.608695652173914
pouchdb,2023-06-30,980970331b232969824df71df7bf0bf8cf19053f,142.0,61818.0,7.042253521126761,5.633802816901409,14.788732394366196,0.7042253521126761,9.859154929577464,6.338028169014084,0.0,0.0,0.0,1.4084507042253522,0.7042253521126761,1.4084507042253522,0.7042253521126761,3.5211267605633805,0.0,5.633802816901409,0.0,0.0,0.0,0.0,0.0,5.633802816901409,0.0,0.0
pusher-js,2023-06-30,a5b767bce0af5bc9edf3bb4e1be6c30cf4a4b6b1,102.0,6848.0,8.823529411764707,8.823529411764707,29.411764705882355,0.0,18.627450980392158,9.803921568627452,0.0,0.0,0.0,0.0,0.0,0.0,0.0,11.76470588235294,0.0,3.9215686274509802,0.0,0.0,0.0,0.0,0.0,12.745098039215685,0.0,0.0
qunit,2023-06-30,143dfe8359d7558ee44b283edd6d49192a445a9f,188.0,10175.0,14.361702127659576,5.319148936170213,27.659574468085108,5.319148936170213,31.382978723404253,15.425531914893616,9.042553191489363,0.0,15.957446808510639,4.787234042553192,1.5957446808510638,3.723404255319149,0.5319148936170213,5.851063829787234,0.0,14.361702127659576,0.0,0.0,0.0,0.0,0.0,12.76595744680851,0.0,1.5957446808510638
reddit-enhancement-suite,2023-06-30,21217ded9dd12f4e998f9e67477191afa92e0c9d,40.0,482.0,2.5,2.5,47.5,0.0,85.0,5.0,2.5,0.0,7.5,2.5,2.5,0.0,0.0,2.5,0.0,45.0,0.0,0.0,0.0,0.0,0.0,5.0,0.0,5.0
respec,2023-06-30,1f15b4c68a74e45ead291dd758c9d53f0fb91364,234.0,10344.0,37.17948717948718,35.8974358974359,67.09401709401709,1.7094017094017095,56.837606837606835,16.666666666666664,26.923076923076923,0.0,59.82905982905983,4.273504273504273,0.0,22.22222222222222,17.94871794871795,18.37606837606838,5.982905982905983,49.572649572649574,1.282051282051282,0.0,0.0,0.0,0.0,29.48717948717949,0.0,2.9914529914529915
ringojs,2023-06-30,bf4f63a393baf52818a7a87c808ed5b933b7f3d1,208.0,12470.0,0.0,0.0,53.36538461538461,0.0,38.46153846153847,32.69230769230769,0.0,0.9615384615384616,0.0,0.0,0.0,0.0,2.403846153846154,39.42307692307692,0.0,0.0,0.0,0.0,0.0,0.0,0.0,39.42307692307692,0.0,0.4807692307692308
rollbar.js,2023-06-30,70109a9a25e9f1e796e9c011bb102192112e5719,524.0,410414.0,2.2900763358778624,0.7633587786259541,1.9083969465648856,0.0,2.2900763358778624,0.0,0.0,0.0,0.0,0.19083969465648853,0.0,0.19083969465648853,0.0,0.38167938931297707,0.0,0.5725190839694656,0.0,0.0,0.0,0.0,0.0,1.1450381679389312,0.0,0.5725190839694656
sails,2023-06-30,ceb0f3b817311143438127057c253142e53068fb,104.0,9376.0,13.461538461538462,0.0,0.0,0.0,0.0,0.0,0.0,0.0,0.0,0.0,0.0,0.0,0.0,0.0,0.0,0.0,0.0,0.0,0.0,0.0,0.0,0.0,0.0,0.0
sceditor,2023-06-30,0ee103397c5ed12a5a2cac8f397773a264226466,68.0,4064.0,1.4705882352941175,0.0,5.88235294117647,0.0,7.352941176470589,0.0,1.4705882352941175,0.0,14.705882352941178,0.0,0.0,0.0,0.0,0.0,0.0,0.0,0.0,0.0,0.0,0.0,0.0,0.0,0.0,0.0
sefaria-project,2023-06-30,6bad1dd716f03dba08ae8340e29e18a3d94bbfcf,218.0,21447.0,1.834862385321101,1.3761467889908259,10.550458715596331,5.045871559633028,7.79816513761468,7.79816513761468,2.7522935779816518,0.0,6.422018348623854,2.7522935779816518,0.9174311926605505,1.3761467889908259,1.3761467889908259,1.834862385321101,0.9174311926605505,5.045871559633028,0.0,0.0,0.0,0.0,0.0,4.587155963302752,0.9174311926605505,0.45871559633027525
semanticresultformats,2023-06-30,289e4592dca9bfaef3b2ee8f90940aacd6ead842,536.0,217945.0,2.798507462686567,0.0,0.5597014925373134,0.0,0.3731343283582089,0.18656716417910446,0.0,0.0,0.0,0.0,0.0,0.0,0.0,0.0,0.0,0.0,0.0,0.0,0.0,0.0,0.0,0.0,0.0,0.18656716417910446
seneca,2023-06-30,b3396100ab69fa8cde6036172a51ad40dbf060a0,142.0,7372.0,7.746478873239436,6.338028169014084,32.3943661971831,0.0,16.901408450704224,7.746478873239436,0.0,0.0,0.0,0.0,1.4084507042253522,2.112676056338028,0.0,9.15492957746479,0.0,0.0,0.0,0.0,0.0,0.0,0.0,13.380281690140844,0.0,0.0
sequelize,2023-06-30,9f4c6d91e6d0b765e6128198d8faf7807a7c43df,4.0,75.0,25.0,25.0,50.0,0.0,50.0,25.0,0.0,0.0,25.0,0.0,0.0,0.0,0.0,25.0,0.0,50.0,0.0,0.0,0.0,0.0,0.0,25.0,0.0,0.0
shiny-server,2023-06-30,8d94d5d2543de5c33839354ae66facf07605b8e9,27.0,1414.0,7.4074074074074066,7.4074074074074066,18.51851851851852,3.7037037037037033,22.22222222222222,11.11111111111111,0.0,0.0,0.0,3.7037037037037033,0.0,3.7037037037037033,0.0,14.814814814814813,0.0,3.7037037037037033,0.0,0.0,0.0,0.0,0.0,14.814814814814813,0.0,0.0
singlefile,2023-06-30,011a6757789329ef009477ce26e771b886843509,41.0,6613.0,68.29268292682927,68.29268292682927,78.04878048780488,0.0,70.73170731707317,60.97560975609756,58.536585365853654,0.0,48.78048780487805,19.51219512195122,0.0,7.317073170731707,19.51219512195122,12.195121951219512,0.0,12.195121951219512,0.0,0.0,0.0,0.0,0.0,51.21951219512195,0.0,2.4390243902439024
sinon,2023-06-30,fe44ea4ca62dfc6bc32b1d1c04f33b33b4ee476a,69.0,10598.0,4.3478260869565215,4.3478260869565215,98.55072463768117,4.3478260869565215,15.942028985507244,28.985507246376812,0.0,0.0,0.0,0.0,0.0,0.0,1.4492753623188406,5.797101449275362,0.0,17.391304347826086,0.0,0.0,0.0,0.0,0.0,5.797101449275362,0.0,4.3478260869565215
sitespeed.io,2023-06-30,a9384bf79fe7af44f81b5ca79273ae36e1d4a0eb,36.0,12928.0,19.444444444444446,13.88888888888889,30.555555555555557,2.7777777777777777,25.0,22.22222222222222,0.0,0.0,36.11111111111111,0.0,0.0,2.7777777777777777,0.0,2.7777777777777777,0.0,19.444444444444446,0.0,0.0,0.0,0.0,0.0,19.444444444444446,0.0,2.7777777777777777
splunk-sdk-javascript,2023-06-30,16a71a8e38795f1fd461bb30079b0e4d6de58f35,51.0,28180.0,62.745098039215684,54.90196078431373,9.803921568627452,0.0,52.94117647058824,56.86274509803921,0.0,0.0,0.0,0.0,0.0,3.9215686274509802,15.686274509803921,5.88235294117647,0.0,0.0,0.0,0.0,0.0,0.0,0.0,5.88235294117647,0.0,0.0
step,2023-06-30,b051cd5ceec308e8f6a3c55ac6d22094d25f9d47,78.0,27592.0,7.6923076923076925,0.0,2.564102564102564,0.0,0.0,0.0,0.0,0.0,0.0,0.0,0.0,0.0,0.0,0.0,0.0,0.0,0.0,0.0,0.0,0.0,0.0,0.0,0.0,0.0
stylus,2023-06-30,41fd9c3545cd0798aa4d69dc83ce455704cfd293,5.0,171.0,0.0,0.0,0.0,0.0,0.0,0.0,0.0,0.0,0.0,0.0,0.0,0.0,0.0,0.0,0.0,0.0,0.0,0.0,0.0,0.0,0.0,0.0,0.0,0.0
sunspot,2023-06-30,678c5b2b57d3b06b9432307f00283ecc6c85ad4d,38.0,12783.0,2.631578947368421,0.0,0.0,0.0,0.0,0.0,0.0,0.0,0.0,0.0,0.0,0.0,0.0,0.0,0.0,0.0,0.0,0.0,0.0,0.0,0.0,0.0,0.0,0.0
superagent,2023-06-30,ef969fa78aa90a04eae7bb4b9fa9aecc448f9d2a,72.0,7035.0,31.944444444444443,31.944444444444443,70.83333333333334,0.0,65.27777777777779,58.333333333333336,0.0,0.0,0.0,0.0,2.7777777777777777,4.166666666666666,1.3888888888888888,19.444444444444446,1.3888888888888888,56.94444444444444,0.0,0.0,0.0,15.277777777777779,0.0,25.0,1.3888888888888888,4.166666666666666
swagger-js,2023-06-30,10e441fff37c30960e5d5f0b7216e27a75506ea8,140.0,7693.0,10.714285714285714,10.714285714285714,40.0,0.0,33.57142857142857,8.571428571428571,11.428571428571429,0.0,32.142857142857146,4.285714285714286,1.4285714285714286,7.857142857142857,2.857142857142857,12.142857142857142,5.714285714285714,10.0,2.142857142857143,0.0,0.0,0.0,0.0,26.42857142857143,0.7142857142857143,4.285714285714286
swagger-ui,2023-06-30,879300afd7ecb7caddd9c2ce7fc3108a3488229d,309.0,10323.0,0.6472491909385114,0.3236245954692557,44.66019417475729,1.6181229773462782,54.69255663430421,18.12297734627832,11.650485436893204,0.0,23.948220064724918,6.796116504854369,3.8834951456310676,8.090614886731391,2.26537216828479,9.385113268608414,1.6181229773462782,13.592233009708737,0.0,0.0,0.6472491909385114,0.0,0.0,35.92233009708738,2.26537216828479,1.2944983818770228
swiper,2023-06-30,1774d72078368fa8d8f4345e94032f114a429d93,18.0,71.0,11.11111111111111,5.555555555555555,33.33333333333333,0.0,27.77777777777778,0.0,11.11111111111111,0.0,27.77777777777778,11.11111111111111,0.0,0.0,0.0,5.555555555555555,0.0,5.555555555555555,0.0,0.0,0.0,0.0,0.0,11.11111111111111,0.0,0.0
synapsewebclient,2023-06-30,dfad2c029ceb9e63590d502930613ce6e2842412,659.0,133112.0,1.5174506828528074,0.0,0.4552352048558422,0.15174506828528073,0.4552352048558422,0.4552352048558422,0.0,0.0,0.0,0.0,0.0,0.15174506828528073,0.0,0.15174506828528073,0.0,0.15174506828528073,0.0,0.0,0.0,0.0,0.0,0.30349013657056145,0.0,0.30349013657056145
testem,2023-06-30,e94600c4f289e28b84de61a58c95c628d5f19974,214.0,29289.0,2.336448598130841,0.0,12.616822429906541,0.9345794392523363,2.336448598130841,11.214953271028037,0.0,0.0,0.0,0.0,0.0,0.0,0.0,0.0,0.0,0.9345794392523363,0.0,0.0,0.0,0.0,0.0,0.46728971962616817,0.0,0.0
three.js,2023-06-30,edefdc237b2528b9668fb873a1c06cb835840303,1249.0,117834.0,2.8022417934347477,2.6421136909527623,79.26341072858285,51.16092874299439,31.064851881505206,42.35388310648519,60.448358686949554,0.6405124099279423,76.78142514011209,25.62049639711769,1.521216973578863,3.923138510808647,0.5604483586869495,8.246597277822259,0.08006405124099279,23.53883106485188,0.0,0.0,0.0,0.0,0.0,11.449159327461969,0.9607686148919135,1.6813450760608486
tiddlywiki5,2023-06-30,5c5543815b66c95938862a4db71cf6ea36cfe143,576.0,95152.0,1.215277777777778,0.3472222222222222,1.215277777777778,0.1736111111111111,1.215277777777778,0.8680555555555556,0.0,0.0,0.0,0.1736111111111111,0.1736111111111111,0.3472222222222222,0.1736111111111111,0.0,0.1736111111111111,0.6944444444444444,0.0,0.0,0.0,0.0,0.0,0.1736111111111111,0.0,0.0
traccar-web,2023-06-30,3abe32d568ec275d740d7656702a666879a16466,356.0,5227.0,2.247191011235955,1.9662921348314606,15.168539325842698,0.5617977528089888,17.415730337078653,1.9662921348314606,6.741573033707865,0.0,16.853932584269664,0.2808988764044944,0.2808988764044944,1.6853932584269662,1.6853932584269662,4.775280898876404,3.3707865168539324,4.213483146067416,0.0,0.0,0.0,0.0,0.0,9.550561797752808,0.0,3.932584269662921
translators,2023-06-30,00413e20f5ef49a03c7956ab6d5707fc9ccb6733,700.0,195.0,0.2857142857142857,0.2857142857142857,0.4285714285714286,0.0,0.2857142857142857,0.2857142857142857,0.0,0.0,0.0,0.0,0.0,0.0,0.0,0.0,0.0,0.2857142857142857,0.0,0.0,0.0,0.0,0.0,0.14285714285714285,0.0,0.0
travis-web,2023-06-30,c65308ecc70a37fe3ed1f3ad8b0ce9f13fa454ae,825.0,20636.0,16.484848484848484,14.666666666666666,36.0,0.24242424242424243,23.393939393939394,26.424242424242422,9.454545454545455,8.727272727272728,65.6969696969697,4.6060606060606055,1.575757575757576,13.090909090909092,3.272727272727273,14.303030303030303,0.0,24.484848484848484,0.0,0.0,0.0,0.0,0.0,22.666666666666664,1.8181818181818181,26.90909090909091
treestyletab,2023-06-30,053755304239d8c54cc3b926bf109bf69c409bcc,97.0,23726.0,62.88659793814433,60.824742268041234,82.4742268041237,10.309278350515463,79.38144329896907,77.31958762886599,63.91752577319587,4.123711340206185,74.22680412371135,50.51546391752577,53.608247422680414,56.70103092783505,17.525773195876287,7.216494845360824,1.0309278350515463,73.19587628865979,0.0,0.0,0.0,0.0,0.0,58.76288659793815,0.0,8.24742268041237
two.js,2023-06-30,5fc11da65de542cc8c145582925d6b994f25c3bd,64.0,11437.0,9.375,0.0,70.3125,54.6875,3.125,64.0625,73.4375,0.0,64.0625,4.6875,0.0,1.5625,0.0,6.25,0.0,9.375,0.0,0.0,0.0,0.0,0.0,10.9375,0.0,0.0
ui-grid,2023-06-30,76cc0e8d2e41f72c31816e6179873a5e35aac059,34.0,1031.0,2.941176470588235,0.0,17.647058823529413,0.0,14.705882352941178,8.823529411764707,0.0,0.0,0.0,0.0,0.0,0.0,0.0,2.941176470588235,0.0,14.705882352941178,0.0,0.0,0.0,0.0,0.0,5.88235294117647,2.941176470588235,0.0
validator.js,2023-06-30,2440c39e662490f1e6d9df23f981c0bd552f2cb3,9.0,1085.0,0.0,0.0,33.33333333333333,0.0,88.88888888888889,33.33333333333333,11.11111111111111,0.0,100.0,0.0,0.0,33.33333333333333,0.0,0.0,0.0,22.22222222222222,0.0,0.0,0.0,0.0,0.0,11.11111111111111,0.0,11.11111111111111
veda,2023-06-30,7fc1406b788405a94fe72b43926f6182a7f546ee,413.0,23019.0,21.791767554479417,19.612590799031477,97.09443099273608,1.4527845036319613,30.024213075060537,24.455205811138015,69.00726392251816,0.0,63.922518159806295,0.9685230024213075,1.694915254237288,9.443099273607748,0.24213075060532688,0.9685230024213075,0.24213075060532688,88.37772397094432,0.24213075060532688,0.0,0.24213075060532688,0.0,0.0,14.043583535108958,0.24213075060532688,0.24213075060532688
vellum,2023-06-30,fd9741acf3baeb89101e32dbc252da040bb2040b,90.0,16897.0,0.0,0.0,0.0,0.0,0.0,0.0,0.0,0.0,0.0,1.1111111111111112,0.0,0.0,0.0,0.0,0.0,0.0,0.0,0.0,0.0,0.0,0.0,0.0,0.0,0.0
video.js,2023-06-30,2b0df25df332dceaab375327887f0721ca8d21d0,210.0,29999.0,2.857142857142857,0.0,81.42857142857143,44.285714285714285,55.23809523809524,51.90476190476191,12.857142857142856,0.0,84.76190476190476,19.523809523809526,6.666666666666667,3.3333333333333335,1.4285714285714286,3.3333333333333335,0.0,32.857142857142854,0.0,0.0,0.0,0.0,0.0,19.523809523809526,0.4761904761904762,32.857142857142854
visualizer,2023-06-30,5426552d7cb2427e21dfadcfc21a2a7b105d1560,287.0,26429.0,4.529616724738676,3.1358885017421603,12.195121951219512,2.0905923344947737,8.710801393728223,9.40766550522648,0.0,0.0,0.0,1.7421602787456445,0.6968641114982579,1.3937282229965158,0.6968641114982579,1.3937282229965158,0.0,16.72473867595819,0.0,0.0,0.0,0.0,0.0,4.181184668989547,0.34843205574912894,6.2717770034843205
w2ui,2023-06-30,605fff7e0d9098033a48db1e08b357af0c89880c,102.0,25624.0,2.941176470588235,2.941176470588235,2.941176470588235,12.745098039215685,43.13725490196079,31.372549019607842,12.745098039215685,0.0,21.568627450980394,6.862745098039216,0.9803921568627451,7.8431372549019605,2.941176470588235,3.9215686274509802,10.784313725490197,20.588235294117645,12.745098039215685,0.0,0.0,0.9803921568627451,0.0,38.23529411764706,0.0,21.568627450980394
wdntemplates,2023-06-30,ff7acec66f1d53f9b95a67d89efd0826317cb662,69.0,42892.0,8.695652173913043,1.4492753623188406,31.88405797101449,1.4492753623188406,26.08695652173913,17.391304347826086,0.0,0.0,0.0,4.3478260869565215,0.0,1.4492753623188406,0.0,1.4492753623188406,0.0,10.144927536231885,0.0,0.0,0.0,0.0,0.0,2.898550724637681,0.0,0.0
webappdirac,2023-06-30,18a02022822b8189725dd497376b2434e5255bc3,87.0,17187.0,1.1494252873563218,0.0,1.1494252873563218,0.0,1.1494252873563218,0.0,0.0,0.0,0.0,0.0,0.0,3.4482758620689653,0.0,0.0,0.0,0.0,0.0,0.0,0.0,0.0,0.0,0.0,0.0,0.0
webgme,2023-06-30,ece0f4b740376c560e3ada25cbef0b84cb9cef99,279.0,38743.0,0.35842293906810035,0.0,1.0752688172043012,0.0,0.7168458781362007,0.0,0.0,0.0,0.0,0.0,0.0,0.0,0.0,0.0,0.0,0.0,0.0,0.0,0.0,0.0,0.0,0.0,0.0,0.0
webpack,2023-06-30,6be4065ade1e252c1d8dcba4af0f43e32af1bdc1,5441.0,51317.0,0.974085646020952,1.010843594927403,6.046682595111193,0.8821907737548245,4.686638485572505,2.1870979599338356,4.980702076824113,0.05513692335967653,3.9698584818967104,0.8086748759419224,0.12865282117257856,0.3859584635177357,0.05513692335967653,1.4519389818048152,0.01837897445322551,2.1319610365741593,0.01837897445322551,0.0,0.05513692335967653,0.0,0.03675794890645102,1.948171292041904,0.09189487226612755,0.4962323102370888
webpack-dev-middleware,2023-06-30,034797863fc414d7c30cfc2b883a2f082436e1ec,61.0,3999.0,4.918032786885246,3.278688524590164,80.32786885245902,0.0,44.26229508196721,24.59016393442623,0.0,0.0,18.0327868852459,3.278688524590164,3.278688524590164,8.19672131147541,6.557377049180328,14.754098360655737,0.0,16.39344262295082,0.0,0.0,0.0,0.0,0.0,19.672131147540984,3.278688524590164,13.114754098360656
wegas,2023-06-30,25d14fa513ead8f581388f25cf2d6c076f86f457,265.0,42252.0,1.509433962264151,0.0,2.6415094339622645,0.0,2.2641509433962264,0.37735849056603776,0.37735849056603776,0.0,1.1320754716981132,0.37735849056603776,0.37735849056603776,0.7547169811320755,0.0,0.37735849056603776,0.0,0.7547169811320755,0.0,0.0,0.0,0.0,0.0,0.37735849056603776,0.0,0.37735849056603776
winston,2023-06-30,fcc69eca84e299d158872c2cac0871f4898a3a96,63.0,1561.0,0.0,0.0,93.65079365079364,1.5873015873015872,28.57142857142857,14.285714285714285,0.0,0.0,0.0,4.761904761904762,1.5873015873015872,0.0,0.0,36.507936507936506,0.0,15.873015873015872,0.0,0.0,0.0,0.0,0.0,44.44444444444444,6.349206349206349,3.1746031746031744
wolnelektury,2023-06-30,cafca91e28661f24abbcda91c733de7e77d16e86,67.0,34638.0,4.477611940298507,0.0,1.4925373134328357,0.0,4.477611940298507,8.955223880597014,1.4925373134328357,0.0,0.0,2.9850746268656714,0.0,2.9850746268656714,1.4925373134328357,0.0,0.0,0.0,0.0,0.0,0.0,0.0,0.0,0.0,0.0,0.0
wordpress-seo,2023-06-30,2133c30fe604f40267602f5ab3164844af603bf9,114.0,1305.0,7.017543859649122,5.263157894736842,36.84210526315789,0.8771929824561403,14.912280701754385,9.649122807017543,12.280701754385964,0.0,17.543859649122805,8.771929824561402,0.0,8.771929824561402,0.0,7.017543859649122,0.0,11.403508771929824,0.0,0.0,0.0,0.0,0.0,19.298245614035086,2.631578947368421,3.508771929824561
wulin_master,2023-06-30,5d43bf2eaf87817cd573e8fb4abeea58d807f40e,86.0,22785.0,3.488372093023256,0.0,16.27906976744186,0.0,20.930232558139537,15.11627906976744,0.0,0.0,0.0,3.488372093023256,1.1627906976744187,2.3255813953488373,5.813953488372093,5.813953488372093,0.0,17.441860465116278,0.0,0.0,0.0,0.0,0.0,13.953488372093023,0.0,0.0
yelp,2023-06-30,a3e45674c5d2f18c1b028180800e0aa74a16c89e,317.0,23856.0,0.31545741324921134,0.0,0.0,0.0,0.0,0.0,0.0,0.0,0.0,0.0,0.0,0.0,0.0,0.0,0.0,0.0,0.0,0.0,0.0,0.0,0.0,0.0,0.0,0.0
zip.js,2023-06-30,c7967c4842153dc256c0713e2c6981b5fa535cf5,72.0,1430.0,66.66666666666666,66.66666666666666,76.38888888888889,4.166666666666666,34.72222222222222,27.77777777777778,63.888888888888886,2.7777777777777777,76.38888888888889,0.0,0.0,2.7777777777777777,2.7777777777777777,2.7777777777777777,0.0,0.0,0.0,0.0,0.0,0.0,0.0,11.11111111111111,0.0,1.3888888888888888
zotero-connectors,2023-06-30,cf25c9e4838183de593677042eb674bfc4c12236,70.0,8399.0,58.57142857142858,54.285714285714285,44.285714285714285,7.142857142857142,52.85714285714286,70.0,0.0,8.571428571428571,0.0,28.57142857142857,11.428571428571429,15.714285714285714,11.428571428571429,4.285714285714286,1.4285714285714286,50.0,0.0,0.0,0.0,0.0,0.0,28.57142857142857,1.4285714285714286,2.857142857142857
