id,name,isFork,commits,branches,defaultBranch,releases,contributors,license,watchers,stargazers,forks,size,createdAt,pushedAt,updatedAt,homepage,mainLanguage,totalIssues,openIssues,totalPullRequests,openPullRequests,blankLines,codeLines,commentLines,metrics,lastCommit,lastCommitSHA,hasWiki,isArchived,languages,labels,topics
3969990,encode-dcc/encoded,False,17282,555,dev,83,47,MIT License,32,105,52,193973,2012-12-07T12:52:21,2023-10-31T06:48:02,2023-04-24T11:11:45,https://www.encodeproject.org,JavaScript,33,4,4371,69,25510,258135,17123,"[{""language"":""Python"",""commentLines"":3088,""codeLines"":69233,""blankLines"":10323},{""language"":""HTML"",""commentLines"":0,""codeLines"":301,""blankLines"":44},{""language"":""INI"",""commentLines"":0,""codeLines"":1300,""blankLines"":30},{""language"":""JSON"",""commentLines"":0,""codeLines"":82429,""blankLines"":88},{""language"":""Dockerfile"",""commentLines"":1,""codeLines"":55,""blankLines"":2},{""language"":""Sass"",""commentLines"":918,""codeLines"":16332,""blankLines"":3386},{""language"":""SVG"",""commentLines"":55,""codeLines"":11588,""blankLines"":40},{""language"":""Cucumber"",""commentLines"":10,""codeLines"":824,""blankLines"":151},{""language"":""reStructuredText"",""commentLines"":39,""codeLines"":2836,""blankLines"":469},{""language"":""make"",""commentLines"":0,""codeLines"":23,""blankLines"":6},{""language"":""XML"",""commentLines"":0,""codeLines"":1246,""blankLines"":12},{""language"":""Bourne Shell"",""commentLines"":156,""codeLines"":619,""blankLines"":121},{""language"":""JavaScript"",""commentLines"":12761,""codeLines"":65756,""blankLines"":8858},{""language"":""YAML"",""commentLines"":95,""codeLines"":663,""blankLines"":49},{""language"":""Markdown"",""commentLines"":0,""codeLines"":4898,""blankLines"":1924},{""language"":""ActionScript"",""commentLines"":0,""codeLines"":15,""blankLines"":0},{""language"":""Mako"",""commentLines"":0,""codeLines"":17,""blankLines"":7}]",2023-09-21T09:37:15,6854cbb813cf348a606431de320cfadc63b4b807,,,"{""JavaScript"":3564364,""Python"":2858920,""SCSS"":409146,""HTML"":371973,""Gherkin"":49259,""Shell"":30525,""Jsonnet"":15159,""Dockerfile"":1988,""Makefile"":875,""AngelScript"":741,""Mako"":494}","[""conflict"",""do not merge"",""double check qc related update"",""feature on going"",""has dependency"",""in progress"",""javascript"",""merge to master"",""merge to regulome master"",""needs snovault update"",""next release"",""pending code review"",""pending feature review"",""pending qa"",""pending travis tests"",""python"",""ready to merge""]",[]
5177937,bbc/tal,False,2451,6,master,47,62,Other,136,552,153,50941,2012-12-12T05:14:27,2023-10-16T02:22:05,2023-11-28T02:08:26,http://bbc.github.com/tal,JavaScript,182,0,367,0,11098,86463,9121,"[{""language"":""JSON"",""commentLines"":0,""codeLines"":31802,""blankLines"":27},{""language"":""JavaScript"",""commentLines"":9097,""codeLines"":54497,""blankLines"":11025},{""language"":""YAML"",""commentLines"":12,""codeLines"":17,""blankLines"":4},{""language"":""Markdown"",""commentLines"":0,""codeLines"":47,""blankLines"":27},{""language"":""HTML"",""commentLines"":0,""codeLines"":44,""blankLines"":7},{""language"":""CSS"",""commentLines"":12,""codeLines"":56,""blankLines"":8}]",2023-10-16T02:22:05,0b9723fd291ebb3d1a7a21fc7ea06a48e33d9113,,,"{""JavaScript"":3036687,""HTML"":2482,""CSS"":2098}","[""bug"",""documentation"",""duplicate"",""enhancement"",""in progress"",""invalid"",""investigation"",""linting"",""question"",""semver-major"",""semver-minor"",""suggestion"",""tech-debt"",""wontfix""]","[""javascript"",""tv-applications""]"
5201356,edirom/edirom-online,False,1139,21,develop,14,13,GNU General Public License v3.0,16,19,14,58057,2012-09-26T02:13:28,2023-11-09T09:44:22,2023-10-21T07:37:08,,JavaScript,203,125,140,7,417552,1891833,779202,"[{""language"":""Bourne Shell"",""commentLines"":4,""codeLines"":5,""blankLines"":4},{""language"":""XML"",""commentLines"":1428,""codeLines"":6852,""blankLines"":502},{""language"":""JavaScript"",""commentLines"":696379,""codeLines"":1401376,""blankLines"":391742},{""language"":""XSLT"",""commentLines"":887,""codeLines"":21841,""blankLines"":726},{""language"":""Sass"",""commentLines"":561,""codeLines"":28008,""blankLines"":3708},{""language"":""YAML"",""commentLines"":4,""codeLines"":38,""blankLines"":8},{""language"":""Markdown"",""commentLines"":0,""codeLines"":499,""blankLines"":229},{""language"":""SVG"",""commentLines"":0,""codeLines"":255023,""blankLines"":17},{""language"":""CSS"",""commentLines"":78111,""codeLines"":113259,""blankLines"":19249},{""language"":""HTML"",""commentLines"":205,""codeLines"":511,""blankLines"":93},{""language"":""DOS Batch"",""commentLines"":0,""codeLines"":9,""blankLines"":3},{""language"":""Ruby"",""commentLines"":1,""codeLines"":84,""blankLines"":13},{""language"":""JSON"",""commentLines"":0,""codeLines"":59991,""blankLines"":3},{""language"":""Ant"",""commentLines"":223,""codeLines"":489,""blankLines"":156},{""language"":""XQuery"",""commentLines"":1399,""codeLines"":3848,""blankLines"":1099}]",2023-09-11T07:56:43,d824280abd0a5629eacc448887d95ce3700d6e8f,,,"{""JavaScript"":82038602,""CSS"":6378409,""SCSS"":1094419,""XSLT"":945246,""XQuery"":243214,""HTML"":23688,""Ruby"":3412,""Batchfile"":168,""Shell"":165}","[""admin: drop-candidate"",""bugfix"",""category: usability"",""component: build & deploy"",""component: css"",""component: data model"",""component: js"",""component: xquery"",""component: xtechnologies"",""documentation"",""duplicate"",""feature: shortcuts"",""help_dev"",""mei support"",""priority: high"",""status: fixed"",""status: needs decision"",""status: needs discussion"",""status: needs evaluation"",""status: needs review"",""status: needs testing"",""status: needs work"",""status: wontfix"",""type: bug report"",""type: cleanup"",""type: feature request"",""type: inconsistency report"",""type: question"",""type: support request"",""view: measurebasedview"",""view: pagebasedview"",""view: searchview""]","[""digital-edition"",""digital-humanities"",""digital-music-edition"",""paderborn-university""]"
5222096,tilemill-project/tilemill,False,5612,22,master,4,58,BSD 3-Clause New or Revised License,161,3070,529,122384,2010-07-05T04:59:47,2023-11-05T06:10:50,2023-12-15T04:27:14,https://tilemill-project.github.io/tilemill/,JavaScript,2523,406,240,3,2690,56324,1917,"[{""language"":""JSON"",""commentLines"":0,""codeLines"":10471,""blankLines"":3},{""language"":""Dockerfile"",""commentLines"":6,""codeLines"":13,""blankLines"":7},{""language"":""Bourne Shell"",""commentLines"":53,""codeLines"":741,""blankLines"":63},{""language"":""SQL"",""commentLines"":0,""codeLines"":392,""blankLines"":3},{""language"":""YAML"",""commentLines"":6,""codeLines"":90,""blankLines"":13},{""language"":""SVG"",""commentLines"":11,""codeLines"":25482,""blankLines"":11},{""language"":""Python"",""commentLines"":5,""codeLines"":66,""blankLines"":7},{""language"":""CSS"",""commentLines"":136,""codeLines"":2154,""blankLines"":372},{""language"":""Markdown"",""commentLines"":0,""codeLines"":793,""blankLines"":388},{""language"":""JavaScript"",""commentLines"":1700,""codeLines"":16122,""blankLines"":1823}]",2023-11-05T06:10:49,1672dad5cc2283b1c8efdc8adb9ab496267fba00,,,"{""JavaScript"":705391,""CSS"":54417,""Shell"":35000,""Python"":3339,""Dockerfile"":623}","[""0 - backlog"",""1 - ready"",""2 - working"",""3 - done"",""bug"",""datasprint"",""dependencies"",""docs"",""enhancement"",""gh-pages"",""infrastructure"",""installation"",""osx"",""plugins"",""reconsider"",""tests"",""ui"",""upstream"",""windows"",""wishlist""]","[""mapbox"",""mapnik"",""openstreetmap"",""osm"",""tilemill""]"
6148800,copenhagenjs/copenhagenjs.dk,False,1427,53,master,0,22,,3,25,16,6439,2011-07-20T08:13:39,2023-12-16T06:23:40,2023-08-22T02:39:06,https://copenhagenjs.dk,JavaScript,84,29,489,50,1561,38706,29,"[{""language"":""YAML"",""commentLines"":3,""codeLines"":179,""blankLines"":6},{""language"":""CSS"",""commentLines"":2,""codeLines"":166,""blankLines"":34},{""language"":""Bazel"",""commentLines"":0,""codeLines"":141,""blankLines"":13},{""language"":""HTML"",""commentLines"":0,""codeLines"":16,""blankLines"":0},{""language"":""Markdown"",""commentLines"":0,""codeLines"":2913,""blankLines"":1050},{""language"":""TypeScript"",""commentLines"":18,""codeLines"":1316,""blankLines"":126},{""language"":""JavaScript"",""commentLines"":5,""codeLines"":4115,""blankLines"":300},{""language"":""JSON"",""commentLines"":0,""codeLines"":29807,""blankLines"":6},{""language"":""Dockerfile"",""commentLines"":0,""codeLines"":30,""blankLines"":26},{""language"":""SVG"",""commentLines"":1,""codeLines"":19,""blankLines"":0},{""language"":""Bourne Shell"",""commentLines"":0,""codeLines"":4,""blankLines"":0}]",2023-07-04T09:52:21,f7dbcf74b9af7a1ebad86051c8d683998cdb8d77,,,"{""JavaScript"":117610,""TypeScript"":37377,""Starlark"":4184,""CSS"":3147,""Dockerfile"":713,""HTML"":331,""Shell"":313}","[""dependencies"",""good first issue""]","[""community"",""javascript"",""meetup""]"
6179984,diracgrid/webappdirac,False,2422,8,integration,106,21,GNU General Public License v3.0,10,10,40,9324,2012-10-24T02:07:42,2023-08-24T09:53:17,2022-06-23T07:23:44,,JavaScript,188,9,559,0,5114,37549,4443,"[{""language"":""reStructuredText"",""commentLines"":8,""codeLines"":56,""blankLines"":24},{""language"":""INI"",""commentLines"":0,""codeLines"":4,""blankLines"":0},{""language"":""Markdown"",""commentLines"":0,""codeLines"":21,""blankLines"":11},{""language"":""HTML"",""commentLines"":1,""codeLines"":20,""blankLines"":2},{""language"":""Python"",""commentLines"":788,""codeLines"":5970,""blankLines"":1330},{""language"":""CSS"",""commentLines"":69,""codeLines"":984,""blankLines"":177},{""language"":""YAML"",""commentLines"":14,""codeLines"":270,""blankLines"":24},{""language"":""XML"",""commentLines"":0,""codeLines"":214,""blankLines"":0},{""language"":""JavaScript"",""commentLines"":3534,""codeLines"":29982,""blankLines"":3531},{""language"":""TOML"",""commentLines"":29,""codeLines"":28,""blankLines"":15}]",2023-08-24T09:53:17,4b8730aede72e368546dcc5886868a81358dd925,,,"{""JavaScript"":1075875,""Python"":305760,""CSS"":26399,""Smarty"":6162,""HTML"":2010}","[""alsotargeting:integration"",""alsotargeting:rel-v4r3"",""alsotargeting:rel-v5r0"",""bug"",""duplicate"",""enhancement"",""invalid"",""question"",""review ok"",""sweep:done"",""sweep:failed"",""sweep:from rel-v4r2"",""sweep:from rel-v4r3"",""sweep:from rel-v5r0"",""sweep:ignore"",""tobefixed"",""top priority"",""waiting for confirmation"",""waiting for release"",""wontfix""]",[]
6228477,cartodb/windshaft,False,3949,42,master,0,22,BSD 3-Clause New or Revised License,109,306,83,7079,2011-08-31T06:16:27,2023-08-31T02:06:49,2023-08-30T02:50:50,,JavaScript,368,25,374,12,3493,31376,491,"[{""language"":""SVG"",""commentLines"":0,""codeLines"":10,""blankLines"":0},{""language"":""YAML"",""commentLines"":7,""codeLines"":29,""blankLines"":10},{""language"":""CSS"",""commentLines"":15,""codeLines"":417,""blankLines"":47},{""language"":""SQL"",""commentLines"":26,""codeLines"":7500,""blankLines"":37},{""language"":""JavaScript"",""commentLines"":443,""codeLines"":13912,""blankLines"":1985},{""language"":""JSON"",""commentLines"":0,""codeLines"":5538,""blankLines"":1},{""language"":""Bourne Shell"",""commentLines"":0,""codeLines"":28,""blankLines"":5},{""language"":""Markdown"",""commentLines"":0,""codeLines"":3693,""blankLines"":1363},{""language"":""HTML"",""commentLines"":0,""codeLines"":247,""blankLines"":45},{""language"":""make"",""commentLines"":0,""codeLines"":2,""blankLines"":0}]",2023-08-30T02:50:43,00024925c6db41fb33ceaa6c8146a69441a8ade2,,,"{""JavaScript"":566529,""HTML"":4595,""Shell"":1763,""Makefile"":85}","[""blocked"",""bug"",""dependencies"",""documentation"",""enhancement"",""new feature"",""node.js"",""performance"",""question"",""raster"",""rt-backend""]",[]
6568782,caolan/async,False,1884,3,master,7,231,MIT License,669,27918,2464,6716,2010-06-01T09:01:30,2023-08-15T09:13:30,2023-08-16T01:37:32,http://caolan.github.io/async/,JavaScript,1114,7,780,0,56799,102216,12024,"[{""language"":""SVG"",""commentLines"":1,""codeLines"":14692,""blankLines"":0},{""language"":""Bourne Shell"",""commentLines"":6,""codeLines"":123,""blankLines"":32},{""language"":""Markdown"",""commentLines"":0,""codeLines"":651,""blankLines"":219},{""language"":""JSON"",""commentLines"":0,""codeLines"":18485,""blankLines"":0},{""language"":""HTML"",""commentLines"":507,""codeLines"":49001,""blankLines"":53789},{""language"":""CSS"",""commentLines"":62,""codeLines"":1510,""blankLines"":324},{""language"":""make"",""commentLines"":9,""codeLines"":119,""blankLines"":41},{""language"":""YAML"",""commentLines"":0,""codeLines"":88,""blankLines"":15},{""language"":""JavaScript"",""commentLines"":11439,""codeLines"":17547,""blankLines"":2379}]",2023-08-15T09:13:21,812184055566b7803b89d8ef8dc6a93ea3b95eda,,,"{""JavaScript"":607127,""CSS"":16257,""Shell"":4920,""Makefile"":4804}","[""breaking-change"",""bug"",""dependencies"",""docs"",""duplicate"",""enhancement"",""feature"",""feedback-wanted"",""help wanted"",""javascript"",""performance"",""question"",""queue"",""wont fix""]","[""async"",""callbacks"",""javascript""]"
6610062,prose/prose,False,3336,16,master,3,68,BSD 3-Clause New or Revised License,106,4662,751,15993,2012-03-08T11:32:29,2023-10-27T12:17:50,2023-12-16T01:39:22,http://prose.io,JavaScript,832,187,306,17,2140,20405,784,"[{""language"":""YAML"",""commentLines"":6,""codeLines"":287,""blankLines"":18},{""language"":""CSS"",""commentLines"":93,""codeLines"":2387,""blankLines"":191},{""language"":""HTML"",""commentLines"":10,""codeLines"":694,""blankLines"":51},{""language"":""Bourne Shell"",""commentLines"":1,""codeLines"":20,""blankLines"":1},{""language"":""SVG"",""commentLines"":30,""codeLines"":3279,""blankLines"":30},{""language"":""JavaScript"",""commentLines"":644,""codeLines"":8751,""blankLines"":1758},{""language"":""JSON"",""commentLines"":0,""codeLines"":4809,""blankLines"":0},{""language"":""Markdown"",""commentLines"":0,""codeLines"":178,""blankLines"":91}]",2023-10-19T08:27:34,22984957651ad70d310749956cb0450ba83f2fb3,,,"{""JavaScript"":258777,""CSS"":59212,""SCSS"":58352,""HTML"":28569,""Shell"":707}","[""bug"",""code-mirror"",""dependencies"",""discussion"",""documentation"",""duplicate"",""enhancement"",""help-wanted"",""invalid"",""mobile"",""question"",""regression"",""security"",""translation"",""ui"",""wontfix""]",[]
6632259,restify/node-restify,False,1726,76,master,12,189,MIT License,243,10656,1027,4365,2011-04-25T09:19:26,2023-08-11T12:57:16,2023-08-09T03:47:43,http://restify.com,JavaScript,1102,93,859,18,5273,22975,5185,"[{""language"":""Lisp"",""commentLines"":0,""codeLines"":6,""blankLines"":0},{""language"":""JSON"",""commentLines"":0,""codeLines"":229,""blankLines"":0},{""language"":""make"",""commentLines"":24,""codeLines"":36,""blankLines"":13},{""language"":""JavaScript"",""commentLines"":5160,""codeLines"":16490,""blankLines"":3136},{""language"":""YAML"",""commentLines"":0,""codeLines"":144,""blankLines"":0},{""language"":""Markdown"",""commentLines"":0,""codeLines"":6024,""blankLines"":2116},{""language"":""HTML"",""commentLines"":0,""codeLines"":24,""blankLines"":0},{""language"":""DTrace"",""commentLines"":1,""codeLines"":22,""blankLines"":8}]",2023-08-11T12:56:22,9f1d249c3fd023b05ac15c02352ec937ff7d1299,,,"{""JavaScript"":695772,""Makefile"":11283,""HTML"":687,""Emacs Lisp"":179}","[""autorelease: pending"",""autorelease: tagged"",""bug"",""critical"",""dependencies"",""do not merge"",""docs"",""feature"",""feature freeze"",""good first issue"",""greenkeeper"",""help wanted"",""needs discussion"",""needs review"",""needs tests"",""open pr"",""question"",""serve"",""stale"",""unconfirmed"",""v9"",""waiting on response""]","[""rest-api"",""restify"",""server""]"
6637448,plepe/openstreetbrowser,False,1251,82,master,0,28,GNU General Public License v3.0,11,79,20,7225,2010-11-06T05:08:47,2023-10-30T03:00:10,2023-11-18T09:16:58,http://www.openstreetbrowser.org,JavaScript,114,35,60,0,1536,20191,124,"[{""language"":""Markdown"",""commentLines"":0,""codeLines"":622,""blankLines"":84},{""language"":""CSS"",""commentLines"":8,""codeLines"":923,""blankLines"":45},{""language"":""JavaScript"",""commentLines"":96,""codeLines"":5274,""blankLines"":1172},{""language"":""PHP"",""commentLines"":11,""codeLines"":1105,""blankLines"":223},{""language"":""SQL"",""commentLines"":0,""codeLines"":11,""blankLines"":1},{""language"":""JSON"",""commentLines"":0,""codeLines"":11348,""blankLines"":0},{""language"":""Bourne Shell"",""commentLines"":0,""codeLines"":5,""blankLines"":2},{""language"":""SVG"",""commentLines"":9,""codeLines"":903,""blankLines"":9}]",2023-10-29T05:20:29,167cfd9210cd102d06fdd5ad25559dbf14d2333f,,,"{""JavaScript"":173613,""PHP"":38603,""CSS"":18060,""Shell"":477}","[""bug report"",""dependencies"",""documentation missing/bad"",""feature request"",""good first issue"",""help request"",""won't fix""]",[]
6653996,tastejs/todomvc,False,2906,9,master,5,293,Other,1138,28302,13934,73248,2011-06-03T07:56:33,2023-09-11T08:12:41,2023-09-11T08:12:52,http://todomvc.com,JavaScript,765,135,1312,60,109520,1246336,349393,"[{""language"":""TypeScript"",""commentLines"":56013,""codeLines"":120790,""blankLines"":15218},{""language"":""Less"",""commentLines"":1505,""codeLines"":5298,""blankLines"":1154},{""language"":""OCaml"",""commentLines"":17,""codeLines"":403,""blankLines"":57},{""language"":""JSX"",""commentLines"":98,""codeLines"":868,""blankLines"":131},{""language"":""Handlebars"",""commentLines"":0,""codeLines"":98,""blankLines"":4},{""language"":""XML"",""commentLines"":6,""codeLines"":391,""blankLines"":11},{""language"":""Markdown"",""commentLines"":0,""codeLines"":16233,""blankLines"":7241},{""language"":""Clojure"",""commentLines"":0,""codeLines"":16,""blankLines"":5},{""language"":""YAML"",""commentLines"":68,""codeLines"":1817,""blankLines"":47},{""language"":""Diff"",""commentLines"":13,""codeLines"":588,""blankLines"":3},{""language"":""Dart"",""commentLines"":4,""codeLines"":153,""blankLines"":44},{""language"":""JSON"",""commentLines"":0,""codeLines"":76108,""blankLines"":64},{""language"":""Kotlin"",""commentLines"":0,""codeLines"":577,""blankLines"":138},{""language"":""Java"",""commentLines"":213,""codeLines"":586,""blankLines"":183},{""language"":""Scala"",""commentLines"":66,""codeLines"":555,""blankLines"":113},{""language"":""CoffeeScript"",""commentLines"":0,""codeLines"":5,""blankLines"":1},{""language"":""ClojureScript"",""commentLines"":3,""codeLines"":252,""blankLines"":50},{""language"":""JavaScript"",""commentLines"":289257,""codeLines"":980014,""blankLines"":81086},{""language"":""Bourne Shell"",""commentLines"":3,""codeLines"":72,""blankLines"":15},{""language"":""Elm"",""commentLines"":23,""codeLines"":328,""blankLines"":83},{""language"":""make"",""commentLines"":6,""codeLines"":14,""blankLines"":10},{""language"":""SVG"",""commentLines"":6,""codeLines"":388,""blankLines"":0},{""language"":""HTML"",""commentLines"":1983,""codeLines"":30953,""blankLines"":3314},{""language"":""CSS"",""commentLines"":100,""codeLines"":9697,""blankLines"":532},{""language"":""Maven"",""commentLines"":9,""codeLines"":132,""blankLines"":16}]",2023-09-11T08:12:41,636cac99fd12c5cb43bd6adf33808e4e90761697,,,"{""JavaScript"":140917,""HTML"":26828,""CSS"":5664,""Shell"":1552}","[""agilityjs"",""angularjs_perf"",""angularjs_require"",""app update"",""ariatemplates"",""atmajs"",""backbone"",""backbone_marionette"",""backbone_marionette_require"",""backbone_require"",""batman"",""browser-tests"",""bug"",""chaplin-brunch"",""closure"",""componentjs"",""derby"",""dermis"",""dijon"",""discussion"",""dojo"",""duel"",""durandal"",""emberjs"",""enyo_backbone"",""epitome"",""exoskeleton"",""extjs_deftjs"",""failing-tests"",""feature request"",""first time contributor"",""flight"",""gwt"",""help wanted"",""invalid"",""jquery"",""kendo"",""knockback"",""knockoutjs"",""knockoutjs_require"",""lavaca_require"",""maria"",""needs-review"",""new app"",""olives"",""plastronjs"",""polymer"",""puremvc"",""rappidjs"",""react"",""review"",""sammyjs"",""serenadejs"",""site"",""soma"",""somajs_require"",""spec update"",""spine"",""stapes"",""stapes_require"",""test-suite"",""thorax"",""thorax_lumber"",""troopjs_require"",""typescript-angular"",""typescript-backbone"",""wiki"",""wishlist"",""yui""]",[]
6654196,svgdotjs/svg.js,False,1501,4,master,33,73,Other,272,10498,1089,11741,2012-12-15T10:26:54,2023-09-08T07:23:09,2023-09-08T04:36:45,https://svgjs.dev,JavaScript,1055,5,255,0,4070,35094,1460,"[{""language"":""SVG"",""commentLines"":0,""codeLines"":29,""blankLines"":0},{""language"":""HTML"",""commentLines"":9,""codeLines"":194,""blankLines"":22},{""language"":""CSS"",""commentLines"":0,""codeLines"":65,""blankLines"":10},{""language"":""TypeScript"",""commentLines"":185,""codeLines"":1512,""blankLines"":196},{""language"":""JavaScript"",""commentLines"":1265,""codeLines"":18186,""blankLines"":3457},{""language"":""Markdown"",""commentLines"":0,""codeLines"":826,""blankLines"":384},{""language"":""YAML"",""commentLines"":1,""codeLines"":15,""blankLines"":1},{""language"":""JSON"",""commentLines"":0,""codeLines"":14267,""blankLines"":0}]",2023-09-08T07:22:52,3b47e461f0773e619619f1bc838234fdd9920d90,,,"{""JavaScript"":660943,""HTML"":6989,""CSS"":2721}","[""bounty"",""bug"",""dependencies"",""documentation"",""duplicate"",""enhancement"",""good first issue"",""hacktoberfest"",""help wanted"",""invalid"",""proposal"",""question"",""reference"",""typescript"",""up to discussion"",""v2.x"",""wontfix""]","[""animation"",""javascript"",""svg"",""svgjs""]"
6676602,philc/vimium,False,4789,1,master,0,138,MIT License,293,20750,2411,6266,2009-09-20T07:08:19,2023-09-12T01:27:23,2023-09-12T09:09:40,https://chrome.google.com/webstore/detail/vimium/dbepggeogbaibhgnhhndojpepiihcmeb,JavaScript,3243,1068,1040,31,2181,14890,2266,"[{""language"":""CSS"",""commentLines"":59,""codeLines"":892,""blankLines"":112},{""language"":""HTML"",""commentLines"":30,""codeLines"":1198,""blankLines"":99},{""language"":""JavaScript"",""commentLines"":2177,""codeLines"":12053,""blankLines"":1746},{""language"":""Markdown"",""commentLines"":0,""codeLines"":637,""blankLines"":224},{""language"":""JSON"",""commentLines"":0,""codeLines"":110,""blankLines"":0}]",2023-09-12T01:27:06,06a2ceda88c1f557ab3062397ea158460224788f,,,"{""JavaScript"":537810,""HTML"":46316,""CSS"":22747,""TypeScript"":9607}","[""chrome bug"",""closing-assume-resolved"",""closing-fixed"",""closing-lack-of-interest"",""closing-no-chrome-api"",""closing-out-of-date"",""dev-ux"",""firefox"",""help-wanted"",""low-priority"",""next-next-version"",""next-version"",""niche"",""release-blocker"",""suggestions"",""verified"",""waiting"",""won't-fix""]",[]
6684408,jsbin/jsbin,False,6121,76,master,0,139,MIT License,149,4343,1296,40521,2009-10-02T04:49:08,2023-08-18T01:11:01,2023-08-13T04:39:37,http://jsbin.com,JavaScript,2513,46,983,20,45226,472138,53504,"[{""language"":""Lisp"",""commentLines"":42,""codeLines"":548,""blankLines"":91},{""language"":""SQL"",""commentLines"":48,""codeLines"":346,""blankLines"":34},{""language"":""YAML"",""commentLines"":6,""codeLines"":42,""blankLines"":3},{""language"":""JSON"",""commentLines"":0,""codeLines"":13586,""blankLines"":1},{""language"":""Markdown"",""commentLines"":0,""codeLines"":1739,""blankLines"":715},{""language"":""make"",""commentLines"":0,""codeLines"":3,""blankLines"":1},{""language"":""JavaScript"",""commentLines"":51780,""codeLines"":382431,""blankLines"":33334},{""language"":""Handlebars"",""commentLines"":2,""codeLines"":16,""blankLines"":5},{""language"":""SVG"",""commentLines"":6,""codeLines"":2136,""blankLines"":5},{""language"":""Bourne Shell"",""commentLines"":1,""codeLines"":5,""blankLines"":0},{""language"":""Sass"",""commentLines"":2,""codeLines"":545,""blankLines"":70},{""language"":""XML"",""commentLines"":0,""codeLines"":68,""blankLines"":0},{""language"":""CSS"",""commentLines"":1499,""codeLines"":15486,""blankLines"":2719},{""language"":""HTML"",""commentLines"":118,""codeLines"":55187,""blankLines"":8248}]",2023-08-18T01:10:59,108e15e15350a294cee957cd9f928372a1fe79ce,,,"{""JavaScript"":986717,""CSS"":322994,""HTML"":163882,""Handlebars"":441}","[""(universal) accessibility"",""awaiting changes"",""awesome?thank you"",""bug - confirmed"",""bug - pending confirmation"",""effort:complex"",""effort:high"",""effort:low"",""effort:medium"",""enquiry"",""feature accepted"",""feature request"",""help wanted"",""idea"",""in progress"",""needs more information"",""needs work"",""not a bug"",""platform:windows"",""pr submitted"",""proposal"",""ready"",""refactor"",""stale"",""type:assets"",""type:console"",""type:install"",""type:library"",""type:loop-protect"",""type:preprocessor"",""type:rendercode"",""type:runner"",""unknown"",""usability"",""works in v5""]",[]
6733448,stylus/stylus,False,4114,12,dev,10,178,MIT License,342,11127,1169,7355,2010-12-28T10:11:43,2023-09-05T08:47:26,2023-09-04T04:57:43,https://stylus-lang.com,JavaScript,2029,241,731,22,6591,40567,5961,"[{""language"":""XML"",""commentLines"":9,""codeLines"":782,""blankLines"":35},{""language"":""TypeScript"",""commentLines"":24,""codeLines"":507,""blankLines"":36},{""language"":""JavaScript"",""commentLines"":5374,""codeLines"":8936,""blankLines"":2261},{""language"":""Vuejs Component"",""commentLines"":4,""codeLines"":42,""blankLines"":3},{""language"":""CSS"",""commentLines"":152,""codeLines"":9800,""blankLines"":41},{""language"":""SVG"",""commentLines"":1,""codeLines"":982,""blankLines"":4},{""language"":""Stylus"",""commentLines"":390,""codeLines"":7906,""blankLines"":2017},{""language"":""make"",""commentLines"":0,""codeLines"":24,""blankLines"":8},{""language"":""YAML"",""commentLines"":7,""codeLines"":120,""blankLines"":7},{""language"":""Markdown"",""commentLines"":0,""codeLines"":6131,""blankLines"":2179},{""language"":""JSON"",""commentLines"":0,""codeLines"":5337,""blankLines"":0}]",2023-09-05T08:47:18,3d92a955b55cabb07de576f50b5b02e5c9831cbf,,,"{""JavaScript"":359441,""Stylus"":166596,""CSS"":139649,""Makefile"":864,""TypeScript"":678}","[""c: easy"",""dependencies"",""github_actions"",""good first issue"",""help wanted"",""javascript"",""p: high"",""p: low"",""pr: looks good"",""pr: needs docs"",""pr: needs rebase"",""pr: needs review"",""pr: needs tests"",""pr: unfinished"",""s: community"",""s: docs"",""s: tmbundle"",""security"",""t: bug"",""t: enhancement"",""t: feature"",""t: question"",""t:performance"",""w: duplicate"",""w: unconfirmed"",""w: won?t fix""]","[""css"",""preprocessor"",""styl"",""stylus""]"
6768266,recurly/recurly-js,False,1726,12,master,110,60,MIT License,95,651,141,18947,2011-07-18T08:52:44,2023-09-07T11:13:23,2023-09-08T10:51:42,https://js.recurly.com/,JavaScript,309,8,540,3,4629,45670,4071,"[{""language"":""Markdown"",""commentLines"":0,""codeLines"":932,""blankLines"":782},{""language"":""CSS"",""commentLines"":0,""codeLines"":30,""blankLines"":4},{""language"":""EJS"",""commentLines"":0,""codeLines"":207,""blankLines"":22},{""language"":""TypeScript"",""commentLines"":1099,""codeLines"":1609,""blankLines"":399},{""language"":""JavaScript"",""commentLines"":2960,""codeLines"":20689,""blankLines"":3391},{""language"":""make"",""commentLines"":0,""codeLines"":60,""blankLines"":7},{""language"":""Bourne Again Shell"",""commentLines"":11,""codeLines"":44,""blankLines"":13},{""language"":""Dockerfile"",""commentLines"":0,""codeLines"":20,""blankLines"":3},{""language"":""YAML"",""commentLines"":1,""codeLines"":227,""blankLines"":8},{""language"":""JSON"",""commentLines"":0,""codeLines"":21852,""blankLines"":0}]",2023-09-07T11:13:21,d5e1134bb05c08a53400e599eddccb1bb42e837c,,,"{""JavaScript"":867173,""TypeScript"":20267,""EJS"":7360,""Makefile"":1896,""Shell"":1541,""CSS"":628,""Dockerfile"":466}","[""bug"",""bug?"",""changelog"",""dependency"",""documentation"",""enhancement"",""in progress"",""internal"",""new feature"",""question"",""tests & build"",""types""]","[""payments"",""recurly""]"
6822336,totaljs/framework,False,5312,24,master,56,31,Other,219,4318,467,19314,2012-12-16T01:12:02,2023-08-30T10:35:52,2023-08-30T03:21:44,http://www.totaljs.com,JavaScript,631,1,165,0,10864,44997,4035,"[{""language"":""Markdown"",""commentLines"":0,""codeLines"":92,""blankLines"":18},{""language"":""HTML"",""commentLines"":1,""codeLines"":397,""blankLines"":48},{""language"":""CSS"",""commentLines"":0,""codeLines"":1,""blankLines"":0},{""language"":""YAML"",""commentLines"":1,""codeLines"":15,""blankLines"":1},{""language"":""JavaScript"",""commentLines"":4033,""codeLines"":44398,""blankLines"":10792},{""language"":""JSON"",""commentLines"":0,""codeLines"":75,""blankLines"":0},{""language"":""Bourne Shell"",""commentLines"":0,""codeLines"":19,""blankLines"":5}]",2023-08-30T10:35:49,11c7fe4b9aa8a4517e4f1b8c6969fe4d2669a721,,,"{""JavaScript"":1521624,""HTML"":10140,""Shell"":395,""CSS"":33}","[""bug"",""builders"",""duplicate"",""enhancement"",""example"",""framework"",""image"",""internal"",""invalid"",""mail"",""marketing"",""nosql"",""not possible"",""question"",""utils"",""waiting for more info"",""websocket"",""wontfix""]","[""framework"",""javascript"",""node"",""quality"",""web"",""websocket""]"
6859532,nightwatchjs/nightwatch,False,2707,12,main,227,117,MIT License,256,11432,1144,54166,2012-03-17T09:28:18,2023-09-08T10:53:16,2023-09-08T04:32:38,https://nightwatchjs.org,JavaScript,2698,204,943,26,18220,120887,16667,"[{""language"":""Bourne Shell"",""commentLines"":0,""codeLines"":3,""blankLines"":1},{""language"":""TypeScript"",""commentLines"":6641,""codeLines"":7287,""blankLines"":1515},{""language"":""JavaScript"",""commentLines"":10001,""codeLines"":94638,""blankLines"":16326},{""language"":""YAML"",""commentLines"":23,""codeLines"":945,""blankLines"":86},{""language"":""JSON"",""commentLines"":0,""codeLines"":17016,""blankLines"":62},{""language"":""Markdown"",""commentLines"":0,""codeLines"":361,""blankLines"":161},{""language"":""EJS"",""commentLines"":0,""codeLines"":369,""blankLines"":37},{""language"":""Vuejs Component"",""commentLines"":0,""codeLines"":65,""blankLines"":5},{""language"":""JSX"",""commentLines"":2,""codeLines"":85,""blankLines"":15},{""language"":""HTML"",""commentLines"":0,""codeLines"":87,""blankLines"":7},{""language"":""Cucumber"",""commentLines"":0,""codeLines"":31,""blankLines"":5}]",2023-09-05T11:21:32,17a5d7b675489c42fdfcd22c217a8eaa4e50af33,,,"{""JavaScript"":4044429,""TypeScript"":156004,""EJS"":13338,""Gherkin"":2090,""Vue"":1502,""Shell"":58}","[""api docs"",""appium"",""bug"",""chore"",""ci-integrations"",""cloud-providers"",""complexity: high"",""complexity: low"",""complexity: medium"",""component-testing"",""cucumber"",""debugging"",""dependencies"",""dont-merge"",""duplicate"",""enhancement"",""epic"",""good first issue"",""greenkeeper"",""help wanted"",""html-reporter"",""invalid"",""linux"",""meta"",""migrations"",""mobile"",""mocha"",""needs more info"",""nightwatch-inspector"",""nightwatch-test-runner"",""p0"",""p1"",""p2"",""p3"",""page objects"",""pr open"",""programatic-api"",""question"",""regression"",""reporters"",""selenium issue"",""stale"",""support"",""typescript"",""typescript-types-declaration"",""v0.9"",""v2"",""v3"",""visual-regression-testing"",""website"",""windows"",""wontfix""]","[""automated-testing"",""chromedriver"",""end-to-end-testing"",""javascript"",""nightwatch"",""nightwatchjs"",""nodejs"",""selenium"",""selenium-server"",""selenium-webdriver"",""testing"",""w3c-webdriver"",""webdriver""]"
6863440,umbraco/ourumbraco,False,3709,23,main,0,102,MIT License,36,91,161,85631,2012-12-18T07:14:59,2023-08-01T11:19:56,2023-04-20T09:01:17,,JavaScript,214,15,590,29,91675,637164,103805,"[{""language"":""SVG"",""commentLines"":20,""codeLines"":12623,""blankLines"":6},{""language"":""CSS"",""commentLines"":1193,""codeLines"":33288,""blankLines"":6370},{""language"":""HTML"",""commentLines"":1145,""codeLines"":44586,""blankLines"":8411},{""language"":""Less"",""commentLines"":1048,""codeLines"":4981,""blankLines"":1011},{""language"":""C# Designer"",""commentLines"":684,""codeLines"":132,""blankLines"":120},{""language"":""DOS Batch"",""commentLines"":3,""codeLines"":56,""blankLines"":11},{""language"":""JSON"",""commentLines"":0,""codeLines"":45906,""blankLines"":0},{""language"":""Markdown"",""commentLines"":0,""codeLines"":2945,""blankLines"":1060},{""language"":""YAML"",""commentLines"":0,""codeLines"":5,""blankLines"":0},{""language"":""XML"",""commentLines"":593,""codeLines"":36229,""blankLines"":1785},{""language"":""JavaScript"",""commentLines"":94369,""codeLines"":380578,""blankLines"":58524},{""language"":""MSBuild script"",""commentLines"":13,""codeLines"":5833,""blankLines"":1},{""language"":""XSLT"",""commentLines"":440,""codeLines"":7913,""blankLines"":1943},{""language"":""Visual Studio Solution"",""commentLines"":1,""codeLines"":96,""blankLines"":1},{""language"":""Razor"",""commentLines"":881,""codeLines"":13943,""blankLines"":2054},{""language"":""ASP"",""commentLines"":0,""codeLines"":5,""blankLines"":0},{""language"":""Sass"",""commentLines"":125,""codeLines"":12383,""blankLines"":2661},{""language"":""ASP.NET"",""commentLines"":76,""codeLines"":6858,""blankLines"":1414},{""language"":""DTD"",""commentLines"":1,""codeLines"":38,""blankLines"":0},{""language"":""SQL"",""commentLines"":21,""codeLines"":205,""blankLines"":14},{""language"":""C#"",""commentLines"":3192,""codeLines"":28561,""blankLines"":6289}]",2023-08-01T11:19:56,d9e4a4d4fe1871c1b21063fb7946459bc7281be4,,,"{""JavaScript"":8405637,""HTML"":2727512,""C#"":1355632,""CSS"":689236,""XSLT"":415258,""ASP.NET"":375597,""SCSS"":247738,""Less"":174606,""TSQL"":11608,""Smalltalk"":9952,""Batchfile"":2943}","["".net"",""category/packages"",""category/ux"",""community/pr"",""community/review"",""community/up-for-grabs"",""dependencies"",""hacktoberfest-accepted"",""hacktoberfest/contrib-2019"",""hacktoberfest/contrib-2020"",""hacktoberfest/contrib-2021"",""javascript"",""release/no-notes"",""state/in-sprint"",""state/needs-investigation"",""state/needs-more-info"",""state/needs-reproduction"",""state/sprint-candidate"",""status/idea"",""status/needs-docs"",""status/regression"",""status/stale"",""type/bug"",""type/feature""]",[]
6867427,ekohe/wulin_master,False,3199,70,develop,0,10,MIT License,2,20,7,6630,2012-11-17T10:35:49,2023-11-15T12:35:02,2023-08-28T12:19:33,,JavaScript,0,0,56,14,7996,43272,5402,"[{""language"":""Sass"",""commentLines"":78,""codeLines"":6494,""blankLines"":644},{""language"":""Cucumber"",""commentLines"":0,""codeLines"":72,""blankLines"":4},{""language"":""Ruby"",""commentLines"":894,""codeLines"":4673,""blankLines"":1145},{""language"":""ERB"",""commentLines"":0,""codeLines"":15,""blankLines"":1},{""language"":""JavaScript"",""commentLines"":4357,""codeLines"":30197,""blankLines"":5717},{""language"":""Markdown"",""commentLines"":0,""codeLines"":747,""blankLines"":372},{""language"":""CoffeeScript"",""commentLines"":2,""codeLines"":132,""blankLines"":21},{""language"":""HTML"",""commentLines"":3,""codeLines"":182,""blankLines"":15},{""language"":""YAML"",""commentLines"":42,""codeLines"":101,""blankLines"":24},{""language"":""CSS"",""commentLines"":16,""codeLines"":0,""blankLines"":0},{""language"":""Haml"",""commentLines"":10,""codeLines"":659,""blankLines"":53}]",2023-11-08T06:19:18,6a73c53b6d029883866d18aeb1e98faa3926f737,,,"{""JavaScript"":475722,""Ruby"":214077,""SCSS"":162349,""Haml"":33364,""HTML"":4882,""CoffeeScript"":4569,""Gherkin"":2752,""CSS"":757,""Sass"":348}","[""bug"",""dependencies"",""duplicate"",""enhancement"",""invalid"",""question"",""wontfix""]",[]
6870859,ankitrohatgi/webplotdigitizer,False,1060,2,master,16,11,GNU Affero General Public License v3.0,71,2329,316,51321,2010-09-25T04:20:49,2023-11-05T07:06:19,2023-12-16T02:42:41,https://automeris.io/WebPlotDigitizer,JavaScript,257,87,52,0,7771,25470,11128,"[{""language"":""Python"",""commentLines"":2,""codeLines"":36,""blankLines"":12},{""language"":""CSS"",""commentLines"":34,""codeLines"":425,""blankLines"":95},{""language"":""HTML"",""commentLines"":95,""codeLines"":1279,""blankLines"":91},{""language"":""SVG"",""commentLines"":8,""codeLines"":3165,""blankLines"":8},{""language"":""PO File"",""commentLines"":7708,""codeLines"":4351,""blankLines"":4194},{""language"":""Bourne Shell"",""commentLines"":35,""codeLines"":132,""blankLines"":48},{""language"":""Markdown"",""commentLines"":0,""codeLines"":350,""blankLines"":181},{""language"":""JavaScript"",""commentLines"":2114,""codeLines"":14960,""blankLines"":2977},{""language"":""TeX"",""commentLines"":1,""codeLines"":404,""blankLines"":95},{""language"":""Dockerfile"",""commentLines"":6,""codeLines"":28,""blankLines"":8},{""language"":""Jupyter Notebook"",""commentLines"":1026,""codeLines"":98,""blankLines"":0},{""language"":""JSON"",""commentLines"":0,""codeLines"":61,""blankLines"":0},{""language"":""Go"",""commentLines"":99,""codeLines"":181,""blankLines"":62}]",2023-11-05T07:06:09,2640a8c3c4193f2a3467d039f268f834fbc6bef5,,,"{""JavaScript"":698765,""Jupyter Notebook"":129722,""HTML"":84978,""CSS"":9296,""Go"":9245,""Shell"":6924,""Dockerfile"":1428,""Python"":1402}","[""status: need more info"",""type: bug"",""type: contribution"",""type: feature request"",""type: long term goals"",""type: support""]","[""data-mining"",""html"",""javascript"",""reverse-engineering"",""visualization"",""webplotdigitizer""]"
6884998,wirecloud/wirecloud,False,8989,26,develop,17,20,Other,14,58,46,133890,2011-07-22T06:19:08,2023-12-01T03:27:00,2023-10-23T06:29:43,https://wirecloud.rtfd.io/,JavaScript,227,37,307,18,44888,183279,25627,"[{""language"":""XHTML"",""commentLines"":0,""codeLines"":2,""blankLines"":0},{""language"":""SVG"",""commentLines"":12,""codeLines"":11701,""blankLines"":0},{""language"":""Sass"",""commentLines"":1075,""codeLines"":7689,""blankLines"":1648},{""language"":""JSON"",""commentLines"":0,""codeLines"":17193,""blankLines"":3},{""language"":""PO File"",""commentLines"":2121,""codeLines"":4864,""blankLines"":1676},{""language"":""Dockerfile"",""commentLines"":2,""codeLines"":37,""blankLines"":11},{""language"":""XML"",""commentLines"":18,""codeLines"":7477,""blankLines"":297},{""language"":""HTML"",""commentLines"":405,""codeLines"":12639,""blankLines"":4938},{""language"":""Python"",""commentLines"":4617,""codeLines"":33388,""blankLines"":11455},{""language"":""CSS"",""commentLines"":62,""codeLines"":1606,""blankLines"":269},{""language"":""YAML"",""commentLines"":17,""codeLines"":324,""blankLines"":47},{""language"":""Markdown"",""commentLines"":0,""codeLines"":17974,""blankLines"":7581},{""language"":""Bourne Shell"",""commentLines"":3,""codeLines"":32,""blankLines"":4},{""language"":""JavaScript"",""commentLines"":17292,""codeLines"":67301,""blankLines"":16916},{""language"":""XSD"",""commentLines"":3,""codeLines"":1052,""blankLines"":43}]",2023-11-08T08:36:27,d828bafaa0a77618725ba5907b58cfb454a9c1a3,,,"{""JavaScript"":3776601,""Python"":2043083,""SCSS"":285746,""HTML"":68713,""API Blueprint"":65419,""CSS"":10125,""Dockerfile"":1640,""Shell"":1290}","[""blocker"",""bug"",""confirmed"",""critical"",""dependencies"",""dimissed"",""dobut"",""feature"",""improvement"",""major"",""minor"",""refactoring"",""regression"",""trivial"",""under investigation"",""user story"",""v0.8.2"",""v0.8.4"",""v0.8.5"",""v0.9.0"",""v0.9.1"",""v0.9.2"",""v1.0.0"",""v1.0.1"",""v1.1.0"",""v1.2.0"",""v1.3.0"",""v1.4.0"",""w4t"",""workitem""]","[""fiware"",""fiware-wirecloud""]"
6889882,jashkenas/underscore,False,2833,7,master,0,261,MIT License,847,27095,5627,6802,2009-10-25T06:31:06,2023-09-27T02:01:37,2023-11-02T06:38:57,https://underscorejs.org,JavaScript,1418,30,1554,20,60318,137138,2782,"[{""language"":""JavaScript"",""commentLines"":2561,""codeLines"":12796,""blankLines"":2598},{""language"":""Markdown"",""commentLines"":0,""codeLines"":134,""blankLines"":51},{""language"":""JSON"",""commentLines"":0,""codeLines"":21518,""blankLines"":0},{""language"":""YAML"",""commentLines"":30,""codeLines"":85,""blankLines"":10},{""language"":""Diff"",""commentLines"":4,""codeLines"":5,""blankLines"":4},{""language"":""HTML"",""commentLines"":1,""codeLines"":101686,""blankLines"":57411},{""language"":""CSS"",""commentLines"":186,""codeLines"":914,""blankLines"":244}]",2023-09-27T02:01:37,0bd9b48c0ad58e55991a623477dc11fa0237ac87,,,"{""JavaScript"":359591,""HTML"":185128}","[""breaking change"",""bug"",""contrib"",""documentation"",""duplicate"",""enhancement"",""fixed"",""invalid"",""question"",""starter"",""test"",""wontfix""]",[]
6915762,sage-bionetworks/synapsewebclient,False,18673,524,develop,0,32,Apache License 2.0,18,22,35,91185,2012-05-11T11:11:54,2023-09-08T11:43:26,2023-05-07T03:54:02,https://www.synapse.org,JavaScript,1,1,5185,5,93687,560405,119858,"[{""language"":""Less"",""commentLines"":24,""codeLines"":370,""blankLines"":41},{""language"":""HTML"",""commentLines"":6387,""codeLines"":90694,""blankLines"":16748},{""language"":""CSS"",""commentLines"":1766,""codeLines"":27036,""blankLines"":1347},{""language"":""Java"",""commentLines"":15522,""codeLines"":223504,""blankLines"":36023},{""language"":""JSON"",""commentLines"":0,""codeLines"":439,""blankLines"":0},{""language"":""XML"",""commentLines"":172,""codeLines"":17162,""blankLines"":159},{""language"":""Bourne Shell"",""commentLines"":13,""codeLines"":22,""blankLines"":4},{""language"":""Markdown"",""commentLines"":0,""codeLines"":71,""blankLines"":36},{""language"":""Maven"",""commentLines"":41,""codeLines"":761,""blankLines"":28},{""language"":""SVG"",""commentLines"":0,""codeLines"":591,""blankLines"":29},{""language"":""Sass"",""commentLines"":42,""codeLines"":3698,""blankLines"":432},{""language"":""YAML"",""commentLines"":2,""codeLines"":19,""blankLines"":4},{""language"":""JavaScript"",""commentLines"":95889,""codeLines"":196038,""blankLines"":38836}]",2023-09-08T11:43:26,1d2747184ad18e40bb501194f2be16663111d618,,,"{""JavaScript"":8788330,""Java"":8426362,""HTML"":3793849,""CSS"":392172,""SCSS"":71692,""TypeScript"":38174,""Shell"":1422}","[""bug"",""dependencies"",""duplicate"",""enhancement"",""invalid"",""java"",""javascript"",""question"",""wontfix""]",[]
6922745,rmcauley/rainwave,False,3617,7,master,0,22,GNU General Public License v2.0,16,179,37,18481,2011-04-05T09:31:44,2023-11-10T06:35:55,2023-11-08T09:49:00,http://rainwave.cc,JavaScript,45,7,123,2,10322,55980,3124,"[{""language"":""Sass"",""commentLines"":46,""codeLines"":3862,""blankLines"":737},{""language"":""XML"",""commentLines"":40,""codeLines"":329,""blankLines"":44},{""language"":""JavaScript"",""commentLines"":2400,""codeLines"":28001,""blankLines"":6155},{""language"":""SVG"",""commentLines"":5,""codeLines"":1893,""blankLines"":12},{""language"":""JSON"",""commentLines"":0,""codeLines"":3819,""blankLines"":584},{""language"":""Bourne Shell"",""commentLines"":8,""codeLines"":44,""blankLines"":5},{""language"":""Markdown"",""commentLines"":0,""codeLines"":236,""blankLines"":87},{""language"":""HTML"",""commentLines"":13,""codeLines"":1743,""blankLines"":216},{""language"":""Python"",""commentLines"":612,""codeLines"":16053,""blankLines"":2482}]",2023-11-10T04:37:55,3a0e2336fa6086cf6f9ddf9521612d7daf0b6c7f,,,"{""JavaScript"":2630981,""Python"":686734,""SCSS"":88175,""HTML"":57217,""Shell"":1714}","[""dependencies""]",[]
6937918,nwjs/nw.js,False,5029,97,nw79,0,109,MIT License,1589,39796,3961,129464,2012-01-04T06:21:10,2023-08-29T04:38:01,2023-08-29T08:10:20,https://nwjs.io,JavaScript,7233,882,829,9,30043,149188,25165,"[{""language"":""C++"",""commentLines"":2384,""codeLines"":20716,""blankLines"":3886},{""language"":""YAML"",""commentLines"":6,""codeLines"":202,""blankLines"":10},{""language"":""IDL"",""commentLines"":0,""codeLines"":371,""blankLines"":37},{""language"":""Windows Resource File"",""commentLines"":38,""codeLines"":133,""blankLines"":24},{""language"":""XML"",""commentLines"":5,""codeLines"":2065,""blankLines"":0},{""language"":""TypeScript"",""commentLines"":20,""codeLines"":9,""blankLines"":4},{""language"":""JSON"",""commentLines"":0,""codeLines"":4391,""blankLines"":10},{""language"":""Diff"",""commentLines"":158,""codeLines"":555,""blankLines"":25},{""language"":""Objective-C++"",""commentLines"":399,""codeLines"":2021,""blankLines"":522},{""language"":""Python"",""commentLines"":643,""codeLines"":8589,""blankLines"":1578},{""language"":""CSS"",""commentLines"":25,""codeLines"":351,""blankLines"":40},{""language"":""Bourne Again Shell"",""commentLines"":64,""codeLines"":73,""blankLines"":24},{""language"":""HTML"",""commentLines"":22,""codeLines"":8187,""blankLines"":316},{""language"":""Bourne Shell"",""commentLines"":20,""codeLines"":141,""blankLines"":34},{""language"":""JavaScript"",""commentLines"":19393,""codeLines"":84863,""blankLines"":17498},{""language"":""Markdown"",""commentLines"":0,""codeLines"":11352,""blankLines"":4045},{""language"":""C/C++ Header"",""commentLines"":1984,""codeLines"":5127,""blankLines"":1972},{""language"":""make"",""commentLines"":4,""codeLines"":42,""blankLines"":18}]",2023-08-23T05:34:35,fcfd64da131a93f98d543f9832ebc815768e2073,,,"{""JavaScript"":1542304,""C++"":1241979,""Python"":556244,""HTML"":133516,""Objective-C++"":99567,""Objective-C"":22098,""Smarty"":19648,""Shell"":10477,""C"":6743,""CSS"":2668}","[""bounty"",""bug"",""cant-reproduce"",""documentation"",""dpd"",""efk"",""electron parity"",""feature-request"",""has-min-repro"",""invalid"",""meta"",""needinfo"",""nw13"",""nw2"",""p1"",""p2"",""p3"",""platform-specific"",""question"",""regression"",""resolved"",""stale"",""test"",""test-todo"",""triaged"",""upstream-chromium"",""upstream-node"",""wip"",""wontfix""]","[""desktop"",""javascript"",""node-webkit"",""nodejs"",""nwjs"",""web-application-framework""]"
7472834,brownplt/pyret-lang,False,6769,92,horizon,0,44,Other,45,1037,109,486996,2012-11-15T02:28:16,2023-10-02T09:23:22,2023-12-15T06:31:10,,JavaScript,1407,450,303,35,5783,768251,5763,"[{""language"":""Lisp"",""commentLines"":345,""codeLines"":1641,""blankLines"":83},{""language"":""make"",""commentLines"":34,""codeLines"":296,""blankLines"":73},{""language"":""YAML"",""commentLines"":1,""codeLines"":21,""blankLines"":0},{""language"":""Bourne Shell"",""commentLines"":1,""codeLines"":41,""blankLines"":10},{""language"":""Markdown"",""commentLines"":0,""codeLines"":241,""blankLines"":110},{""language"":""HTML"",""commentLines"":0,""codeLines"":75,""blankLines"":4},{""language"":""SVG"",""commentLines"":7,""codeLines"":2339,""blankLines"":6},{""language"":""ASP.NET"",""commentLines"":0,""codeLines"":78,""blankLines"":0},{""language"":""Vim Script"",""commentLines"":10,""codeLines"":134,""blankLines"":40},{""language"":""JavaScript"",""commentLines"":5365,""codeLines"":759745,""blankLines"":5452},{""language"":""XML"",""commentLines"":0,""codeLines"":169,""blankLines"":0},{""language"":""CSV"",""commentLines"":0,""codeLines"":2,""blankLines"":0},{""language"":""JSON"",""commentLines"":0,""codeLines"":3469,""blankLines"":5}]",2023-09-19T07:21:48,b18834b7a63d88d403f4166715969859d5ae29d8,,,"{""JavaScript"":19706561,""Pyret"":2297080,""Emacs Lisp"":100851,""Makefile"":14839,""Vim Script"":4764,""HTML"":2037,""Shell"":932}","[""anchor/repartee"",""bootstrap-wanted"",""bug"",""dependencies"",""duplicate"",""enhancement"",""error-message"",""fix-in-future"",""good first issue"",""horizon-fixed"",""invalid"",""modules"",""paper-cut"",""parsing"",""performance"",""question"",""table-fixes"",""tables"",""type-checker"",""wontfix""]","[""compiler"",""education"",""language"",""pyret""]"
7496367,ably/ably-js,False,3905,106,main,75,37,Apache License 2.0,35,246,48,23992,2012-11-13T07:41:13,2023-09-05T08:41:05,2023-08-22T07:45:08,https://ably.com/download,JavaScript,568,123,867,18,4260,51331,5603,"[{""language"":""Markdown"",""commentLines"":0,""codeLines"":1322,""blankLines"":782},{""language"":""JSON"",""commentLines"":0,""codeLines"":18804,""blankLines"":0},{""language"":""TypeScript"",""commentLines"":4077,""codeLines"":12203,""blankLines"":1588},{""language"":""JavaScript"",""commentLines"":1524,""codeLines"":18591,""blankLines"":1863},{""language"":""HTML"",""commentLines"":0,""codeLines"":70,""blankLines"":13},{""language"":""YAML"",""commentLines"":2,""codeLines"":341,""blankLines"":14}]",2023-09-04T02:33:05,76a54759405965f3ed725813bbd60d21397f6a72,,,"{""JavaScript"":760387,""TypeScript"":520396,""HTML"":2298,""Shell"":250,""CSS"":61}","[""blocked-by-ably"",""blocked-by-external"",""breaking"",""bug"",""code-quality"",""dependencies"",""documentation"",""enhancement"",""failing-test"",""investigate"",""push-notifications"",""testing""]","[""client-library"",""javascript"",""js"",""react-native"",""realtime"",""realtime-messaging"",""rest"",""sdk"",""ts"",""typescript""]"
7525101,knex/knex,False,3043,30,master,55,437,MIT License,206,17983,2073,16749,2012-12-29T05:18:25,2023-09-12T09:35:49,2023-09-12T07:58:59,https://knexjs.org/,JavaScript,3597,768,2086,95,9762,84610,3444,"[{""language"":""JSON"",""commentLines"":0,""codeLines"":358,""blankLines"":0},{""language"":""TypeScript"",""commentLines"":824,""codeLines"":5308,""blankLines"":944},{""language"":""JavaScript"",""commentLines"":2605,""codeLines"":76384,""blankLines"":7703},{""language"":""YAML"",""commentLines"":11,""codeLines"":462,""blankLines"":73},{""language"":""Markdown"",""commentLines"":0,""codeLines"":2000,""blankLines"":1018},{""language"":""Bourne Shell"",""commentLines"":4,""codeLines"":98,""blankLines"":24}]",2023-09-11T02:16:52,bbbe4d4637b3838e4a297a457460cd2c76a700d5,,,"{""JavaScript"":2694595,""TypeScript"":103575,""Shell"":3519}","[""backport to stable"",""breaking change"",""bug"",""cockroachdb"",""dependencies"",""discussion"",""docs"",""feature request"",""github_actions"",""good first issue"",""hacktoberfest-accepted"",""help wanted"",""high priority"",""improvement"",""insightful"",""javascript"",""migrations"",""missing documentation"",""missing tests"",""missing types"",""more information requested"",""mssql"",""mysql"",""needs changes"",""needs rebasing"",""oracle"",""planned for 1.0"",""postgresql"",""pr please"",""question"",""ready"",""refactoring"",""schema"",""sqlite"",""transactions"",""typings""]","[""javascript"",""knex"",""mysql"",""postgresql"",""sql"",""sqlite3""]"
7559748,cartodb/windshaft-cartodb,False,6638,179,master,7,40,BSD 3-Clause New or Revised License,96,72,65,39815,2011-09-04T11:35:06,2023-09-06T09:52:20,2023-07-19T05:35:37,,JavaScript,461,36,776,23,9064,71771,1504,"[{""language"":""Python"",""commentLines"":3,""codeLines"":25,""blankLines"":9},{""language"":""CSS"",""commentLines"":5,""codeLines"":325,""blankLines"":39},{""language"":""HTML"",""commentLines"":1,""codeLines"":18,""blankLines"":4},{""language"":""YAML"",""commentLines"":38,""codeLines"":1740,""blankLines"":104},{""language"":""Markdown"",""commentLines"":0,""codeLines"":4058,""blankLines"":1913},{""language"":""Bourne Shell"",""commentLines"":0,""codeLines"":23,""blankLines"":2},{""language"":""SVG"",""commentLines"":0,""codeLines"":10,""blankLines"":0},{""language"":""SQL"",""commentLines"":132,""codeLines"":8461,""blankLines"":194},{""language"":""JSON"",""commentLines"":0,""codeLines"":8336,""blankLines"":1},{""language"":""JavaScript"",""commentLines"":1325,""codeLines"":48775,""blankLines"":6798}]",2023-09-06T09:50:50,302c84477dc189ff4df8ad2e1f617acb1fdf622c,,,"{""JavaScript"":1966891,""PLpgSQL"":50586,""CSS"":7484,""Shell"":1673,""Python"":1051,""HTML"":639}","[""blocked"",""bug"",""build/install"",""dependencies"",""do not merge yet"",""docs"",""duplicate"",""enhancement"",""feature"",""node.js"",""overviews"",""performance"",""question"",""rt-backend"",""task"",""testing""]",[]
7567978,firefox-devtools/profiler,False,7826,5,main,0,225,Mozilla Public License 2.0,35,965,368,56904,2012-03-02T11:55:22,2023-09-07T08:03:07,2023-09-07T03:08:29,https://profiler.firefox.com,JavaScript,1836,668,2868,49,21555,716896,25282,"[{""language"":""JSON"",""commentLines"":0,""codeLines"":557774,""blankLines"":0},{""language"":""JavaScript"",""commentLines"":24263,""codeLines"":131462,""blankLines"":17454},{""language"":""SVG"",""commentLines"":151,""codeLines"":2728,""blankLines"":5},{""language"":""Markdown"",""commentLines"":0,""codeLines"":2520,""blankLines"":1125},{""language"":""Bourne Shell"",""commentLines"":15,""codeLines"":45,""blankLines"":13},{""language"":""Freemarker Template"",""commentLines"":0,""codeLines"":15514,""blankLines"":1937},{""language"":""YAML"",""commentLines"":22,""codeLines"":134,""blankLines"":19},{""language"":""TOML"",""commentLines"":0,""codeLines"":2,""blankLines"":0},{""language"":""CSS"",""commentLines"":826,""codeLines"":5654,""blankLines"":955},{""language"":""HTML"",""commentLines"":5,""codeLines"":1063,""blankLines"":47}]",2023-09-06T02:15:11,9001486944e61b59bebaee7e89f91a545ae067af,,,"{""JavaScript"":5496857,""Fluent"":983956,""CSS"":155198,""HTML"":39462,""Shell"":2547}","[""accessibility"",""active tab"",""android"",""assigned"",""bug"",""call tree"",""categories"",""code maintenance"",""comparison"",""data transform"",""dependencies"",""discussion"",""documentation"",""feature"",""fission"",""flame graph"",""good first issue"",""help wanted"",""homepage"",""i18n"",""invalid"",""jit"",""js tracer"",""markers"",""memory"",""meta"",""navigation"",""needs gecko patch"",""needs requirements"",""network panel"",""perf"",""performance workflow"",""polish"",""privacy"",""profile data"",""quantum flow"",""ready"",""security"",""sidebar"",""source view"",""spam"",""stack chart"",""symbolication"",""tests"",""timeline"",""unified profiler"",""uploaded profiles"",""user-facing regression"",""ux-blocked"",""ux-needed"",""zip files""]","[""devtools"",""firefox"",""gecko-profiler"",""javascript"",""performance"",""profiler"",""react"",""redux""]"
7791895,spencermountain/compromise,False,5852,3,master,64,95,MIT License,167,10837,687,55678,2011-07-05T09:04:38,2023-09-08T01:31:10,2023-09-08T04:29:50,http://compromise.cool,JavaScript,652,91,357,0,5664,86946,8352,"[{""language"":""YAML"",""commentLines"":20,""codeLines"":108,""blankLines"":25},{""language"":""HTML"",""commentLines"":7,""codeLines"":271,""blankLines"":45},{""language"":""Markdown"",""commentLines"":0,""codeLines"":2529,""blankLines"":698},{""language"":""JSON"",""commentLines"":0,""codeLines"":9946,""blankLines"":0},{""language"":""TypeScript"",""commentLines"":381,""codeLines"":913,""blankLines"":175},{""language"":""JavaScript"",""commentLines"":7944,""codeLines"":73179,""blankLines"":4721}]",2023-09-08T01:31:10,3e00c9e16412b86d8c82f1c6e5cecf687cf44574,,,"{""JavaScript"":6071441,""TypeScript"":11856,""HTML"":3988,""Ruby"":610,""Python"":75}","[""bug"",""conjugation"",""dates"",""dependencies"",""discussion"",""enhancement"",""feature-request"",""fixed-on-dev"",""good-first-bug"",""grammar"",""help-wanted"",""hmmm"",""kinda-big"",""next-release"",""operations"",""priority"",""quick fix"",""ready"",""tagger"",""yesss""]","[""named-entity-recognition"",""nlp"",""part-of-speech""]"
8374631,ether/etherpad-lite,False,8219,196,develop,41,260,Apache License 2.0,356,14750,2677,35948,2011-03-26T01:09:02,2023-09-12T03:51:43,2023-09-13T03:14:03,https://etherpad.org,JavaScript,3003,122,2832,26,13322,94831,16232,"[{""language"":""SVG"",""commentLines"":9,""codeLines"":273,""blankLines"":68},{""language"":""Bourne Again Shell"",""commentLines"":8,""codeLines"":23,""blankLines"":6},{""language"":""JSON"",""commentLines"":0,""codeLines"":27178,""blankLines"":24},{""language"":""CSS"",""commentLines"":319,""codeLines"":3685,""blankLines"":490},{""language"":""HTML"",""commentLines"":55,""codeLines"":1333,""blankLines"":157},{""language"":""AsciiDoc"",""commentLines"":26,""codeLines"":2784,""blankLines"":1170},{""language"":""YAML"",""commentLines"":188,""codeLines"":1311,""blankLines"":64},{""language"":""Markdown"",""commentLines"":0,""codeLines"":1829,""blankLines"":409},{""language"":""Dockerfile"",""commentLines"":46,""codeLines"":56,""blankLines"":20},{""language"":""Bourne Shell"",""commentLines"":113,""codeLines"":666,""blankLines"":164},{""language"":""DOS Batch"",""commentLines"":9,""codeLines"":27,""blankLines"":9},{""language"":""JavaScript"",""commentLines"":15457,""codeLines"":55224,""blankLines"":10613},{""language"":""TeX"",""commentLines"":2,""codeLines"":442,""blankLines"":128}]",2023-09-11T03:14:20,55096db854feddb84647bea6856a075e43ebccdb,,,"{""JavaScript"":2333590,""CSS"":89604,""HTML"":87120,""Shell"":29572,""Dockerfile"":3691,""NSIS"":1498,""Batchfile"":1488,""Makefile"":849}","[""admin"",""async-migration"",""auth"",""black hole bug"",""bounty"",""bug"",""changesets"",""cli"",""closable but waiting for op out of politeness"",""database"",""dependencies"",""docker"",""docs"",""easy to solve"",""editor"",""export/import"",""express server"",""feature request"",""github_actions"",""http api"",""i18n"",""incomplete"",""javascript"",""licensing"",""lists"",""minor bug"",""needs confirmation"",""needs rewrite"",""needs special equipment to test"",""new-skin"",""packaging"",""performance"",""plugin framework"",""plugin request"",""privacy"",""question"",""security"",""serious bug"",""special case bug"",""stale"",""stale code"",""tests"",""timeslider"",""ui"",""upstream bug"",""ux"",""waiting on testing"",""windows"",""wontfix""]","[""collaboration"",""collaborative"",""collaborative-editing"",""collaborative-framework"",""collaborative-research"",""collaborative-writing"",""document"",""documents"",""docx"",""etherpad"",""libreoffice"",""microsoft"",""pdf"",""pdf-generation"",""rich-text-editor"",""video-conference"",""video-conferencing"",""web-editor"",""word""]"
17290220,katello/katello,False,20403,50,master,62,147,GNU General Public License v2.0,34,354,281,202829,2012-04-12T04:59:08,2023-09-12T07:34:17,2023-09-07T06:17:02,https://theforeman.org/plugins/katello/,JavaScript,0,0,10425,23,231470,1688045,134140,"[{""language"":""SVG"",""commentLines"":3,""codeLines"":2342,""blankLines"":3},{""language"":""CSS"",""commentLines"":1,""codeLines"":103,""blankLines"":23},{""language"":""HTML"",""commentLines"":3,""codeLines"":9671,""blankLines"":1234},{""language"":""PO File"",""commentLines"":79071,""codeLines"":400654,""blankLines"":188834},{""language"":""Bourne Shell"",""commentLines"":3,""codeLines"":43,""blankLines"":1},{""language"":""Sass"",""commentLines"":41,""codeLines"":4769,""blankLines"":652},{""language"":""Markdown"",""commentLines"":0,""codeLines"":562,""blankLines"":196},{""language"":""make"",""commentLines"":12,""codeLines"":55,""blankLines"":10},{""language"":""YAML"",""commentLines"":270,""codeLines"":905278,""blankLines"":952},{""language"":""JavaScript"",""commentLines"":52167,""codeLines"":237736,""blankLines"":21841},{""language"":""ERB"",""commentLines"":309,""codeLines"":1519,""blankLines"":155},{""language"":""SQL"",""commentLines"":37,""codeLines"":174,""blankLines"":19},{""language"":""JSON"",""commentLines"":0,""codeLines"":27846,""blankLines"":2},{""language"":""Ruby"",""commentLines"":2219,""codeLines"":96089,""blankLines"":17512},{""language"":""Bourne Again Shell"",""commentLines"":4,""codeLines"":12,""blankLines"":6},{""language"":""XML"",""commentLines"":0,""codeLines"":1192,""blankLines"":30}]",2023-09-12T06:20:54,cfc586c01d735d5e822139eade23bfc8d589e1c9,,,"{""JavaScript"":15088903,""Ruby"":4462101,""HTML"":512224,""SCSS"":95561,""PLpgSQL"":5377,""Makefile"":2222,""Shell"":1490}","[""blocked by another pr"",""demo worthy"",""dependencies"",""needs re-review"",""needs testing"",""not yet reviewed"",""packaging change"",""ready for merge"",""requires hammer pr"",""translations"",""waiting on contributor"",""work in progress""]","[""content-management"",""docker"",""foreman"",""hacktoberfest"",""katello"",""puppet"",""rpm"",""theforeman""]"
